"case","noise_scale","method","protocol","initialization","package_version","initial_rho","final_rho","initial_pair_error","final_pair_error","initial_rank_mae","final_rank_mae","initial_final_rho","status","iterations"
"B_noise0",0,"MPCurve","extended_stopping","Centered, unscaled PCA","0.3.4",0.103159368437427,0.1234695208035,0.481962095875139,0.493255295429208,0.319933110367893,0.311259754738016,0.988204942009577,"Converged",30
"B_noise0",0,"P-curve","extended_stopping","Centered, unscaled PCA","2.1.6",0.103159368437427,0.999776528102968,0.481962095875139,0.00346711259754738,0.319933110367893,0.00183946488294314,0.102794113497124,"Converged",47
"B_noise0",0,"GPLVM","extended_stopping","Native GPy PCA (features standardized)","1.13.2",0.103159368437427,0.149570550783898,0.481962095875139,0.451014492753623,0.319933110367893,0.326086956521739,0.922569361881799,"Maximum number of f evaluations reached",NA
"B_noise0",0,"Bayesian GPLVM","extended_stopping","Native GPy PCA (features standardized)","1.13.2",0.103159368437427,0.157830198113312,0.481962095875139,0.430122630992196,0.319933110367893,0.31752508361204,0.942620251336126,"Maximum number of f evaluations reached",NA
"B_noise05",0.5,"MPCurve","extended_stopping","Centered, unscaled PCA","0.3.4",0.123074700830009,0.0970721896909966,0.474314381270903,0.47520624303233,0.315429208472687,0.319620958751394,0.990192779919777,"Converged",47
"B_noise05",0.5,"P-curve","extended_stopping","Centered, unscaled PCA","2.1.6",0.123074700830009,0.998819728332451,0.474314381270903,0.0145373467112598,0.315429208472687,0.0106465997770346,0.122703602224606,"Converged",49
"B_noise05",0.5,"GPLVM","extended_stopping","Native GPy PCA (features standardized)","1.13.2",0.0957877309747886,0.161057789530995,0.482809364548495,0.454515050167224,0.321605351170569,0.316231884057971,0.940484672051912,"Converged",NA
"B_noise05",0.5,"Bayesian GPLVM","extended_stopping","Native GPy PCA (features standardized)","1.13.2",0.0957877309747886,0.179013100145557,0.482809364548495,0.430211817168339,0.321605351170569,0.313110367892977,0.939458438427094,"Converged",NA
"B_noise1",1,"MPCurve","extended_stopping","Centered, unscaled PCA","0.3.4",0.141566017400193,0.084700941121568,0.467134894091416,0.498974358974359,0.310590858416945,0.325373467112598,0.966000955566173,"Converged",154
"B_noise1",1,"P-curve","extended_stopping","Centered, unscaled PCA","2.1.6",0.141566017400193,0.479038880882869,0.467134894091416,0.477971014492754,0.310590858416945,0.254626532887402,0.355347332716955,"Converged",70
"B_noise1",1,"GPLVM","extended_stopping","Native GPy PCA (features standardized)","1.13.2",0.0803088923210258,0.167866754075045,0.484214046822742,0.47670011148272,0.324191750278707,0.308361204013378,0.957072856365071,"Converged",NA
"B_noise1",1,"Bayesian GPLVM","extended_stopping","Native GPy PCA (features standardized)","1.13.2",0.0803088923210258,0.143159368437427,0.484214046822742,0.484726867335563,0.324191750278707,0.334247491638796,0.907127412526806,"Converged",NA
