"case","result_path","result_sha256","input_path","input_sha256"
"B_noise0","/project/mstephens/ziangzhang/MPCurve/InferOrder/experiments/estimate_intrinsic_m_smooth_v032/exploratory_m5_ordering_b/single_order_benchmark/B_noise0_mpcurve_package_stopping.rds","e180859e659700e46854399d79db02845cb885d1dd61a99ad8e49d1b8c9ec7f6","/project/mstephens/ziangzhang/MPCurve/InferOrder/experiments/estimate_intrinsic_m_smooth_v032/exploratory_m5_ordering_b/external_methods/inputs/B_noise0_X.csv","0e03d2ab1a1f0ac5e905bcc5592269e39352a5633eec30ad26bea8e6a2562320"
"B_noise0","/project/mstephens/ziangzhang/MPCurve/InferOrder/experiments/estimate_intrinsic_m_smooth_v032/exploratory_m5_ordering_b/external_methods/princurve_results/B_noise0_pca_package_defaults.rds","7c7d31e28efb6d1229f2725ce068d73e8be8cf9e6e53218edbfe7d99715c8ca3","/project/mstephens/ziangzhang/MPCurve/InferOrder/experiments/estimate_intrinsic_m_smooth_v032/exploratory_m5_ordering_b/external_methods/inputs/B_noise0_X.csv","0e03d2ab1a1f0ac5e905bcc5592269e39352a5633eec30ad26bea8e6a2562320"
"B_noise0","/project/mstephens/ziangzhang/MPCurve/InferOrder/experiments/estimate_intrinsic_m_smooth_v032/exploratory_m5_ordering_b/single_order_benchmark/B_noise0_mpcurve_extended_stopping.rds","6c3d7c6c2e33da4e17de2e7d97f8714fd8b06883d7a91764082842048ee9052f","/project/mstephens/ziangzhang/MPCurve/InferOrder/experiments/estimate_intrinsic_m_smooth_v032/exploratory_m5_ordering_b/external_methods/inputs/B_noise0_X.csv","0e03d2ab1a1f0ac5e905bcc5592269e39352a5633eec30ad26bea8e6a2562320"
"B_noise0","/project/mstephens/ziangzhang/MPCurve/InferOrder/experiments/estimate_intrinsic_m_smooth_v032/exploratory_m5_ordering_b/external_methods/princurve_results/B_noise0_pca_extended.rds","89008fa756363a90bd8b99850a2904f4030a6b588cce6486cfadd2583f6ace91","/project/mstephens/ziangzhang/MPCurve/InferOrder/experiments/estimate_intrinsic_m_smooth_v032/exploratory_m5_ordering_b/external_methods/inputs/B_noise0_X.csv","0e03d2ab1a1f0ac5e905bcc5592269e39352a5633eec30ad26bea8e6a2562320"
"B_noise0","/project/mstephens/ziangzhang/MPCurve/InferOrder/experiments/estimate_intrinsic_m_smooth_v032/exploratory_m5_ordering_b/external_methods/gpy_results/01_B_noise0_GPLVM_pca_m0_s20260929.json","b5c3e47c0f981e46b577e64b228b0f01fdd299bd2b887a9a83c92e3fe8ed05e8","/project/mstephens/ziangzhang/MPCurve/InferOrder/experiments/estimate_intrinsic_m_smooth_v032/exploratory_m5_ordering_b/external_methods/inputs/B_noise0_X.csv","0e03d2ab1a1f0ac5e905bcc5592269e39352a5633eec30ad26bea8e6a2562320"
"B_noise0","/project/mstephens/ziangzhang/MPCurve/InferOrder/experiments/estimate_intrinsic_m_smooth_v032/exploratory_m5_ordering_b/external_methods/gpy_results/08_B_noise0_BayesianGPLVM_pca_m10_s20260929.json","af6b5f36b06b649cd7c3c8c7cd11916041ae740d20b1dad74af5f0dfc9d92ede","/project/mstephens/ziangzhang/MPCurve/InferOrder/experiments/estimate_intrinsic_m_smooth_v032/exploratory_m5_ordering_b/external_methods/inputs/B_noise0_X.csv","0e03d2ab1a1f0ac5e905bcc5592269e39352a5633eec30ad26bea8e6a2562320"
"B_noise05","/project/mstephens/ziangzhang/MPCurve/InferOrder/experiments/estimate_intrinsic_m_smooth_v032/exploratory_m5_ordering_b/single_order_benchmark/B_noise05_mpcurve_package_stopping.rds","00d950925d14152d8f101df81d877f4d7c5580d7db17d0b88bcb9730882197ac","/project/mstephens/ziangzhang/MPCurve/InferOrder/experiments/estimate_intrinsic_m_smooth_v032/exploratory_m5_ordering_b/external_methods/inputs/B_noise05_X.csv","d356133c6de88d16f11e7561534c05f1d6666ba213b056230a7c152882ae0206"
"B_noise05","/project/mstephens/ziangzhang/MPCurve/InferOrder/experiments/estimate_intrinsic_m_smooth_v032/exploratory_m5_ordering_b/external_methods/princurve_results/B_noise05_pca_package_defaults.rds","f624b7e94a0129e039725351a994a276c4342b565f18a88ae7f420ad4e9620ba","/project/mstephens/ziangzhang/MPCurve/InferOrder/experiments/estimate_intrinsic_m_smooth_v032/exploratory_m5_ordering_b/external_methods/inputs/B_noise05_X.csv","d356133c6de88d16f11e7561534c05f1d6666ba213b056230a7c152882ae0206"
"B_noise05","/project/mstephens/ziangzhang/MPCurve/InferOrder/experiments/estimate_intrinsic_m_smooth_v032/exploratory_m5_ordering_b/single_order_benchmark/B_noise05_mpcurve_extended_stopping.rds","033444044df38b1d1862fc4a17b2ed0016b3e1700dc8e6e0337d5b37db476fd0","/project/mstephens/ziangzhang/MPCurve/InferOrder/experiments/estimate_intrinsic_m_smooth_v032/exploratory_m5_ordering_b/external_methods/inputs/B_noise05_X.csv","d356133c6de88d16f11e7561534c05f1d6666ba213b056230a7c152882ae0206"
"B_noise05","/project/mstephens/ziangzhang/MPCurve/InferOrder/experiments/estimate_intrinsic_m_smooth_v032/exploratory_m5_ordering_b/external_methods/princurve_results/B_noise05_pca_extended.rds","1f407777fb6adfe7c8d034727cf920b4c32ba2041fdc51afce5bda3390a94974","/project/mstephens/ziangzhang/MPCurve/InferOrder/experiments/estimate_intrinsic_m_smooth_v032/exploratory_m5_ordering_b/external_methods/inputs/B_noise05_X.csv","d356133c6de88d16f11e7561534c05f1d6666ba213b056230a7c152882ae0206"
"B_noise05","/project/mstephens/ziangzhang/MPCurve/InferOrder/experiments/estimate_intrinsic_m_smooth_v032/exploratory_m5_ordering_b/external_methods/gpy_results/02_B_noise05_GPLVM_pca_m0_s20260929.json","689ea878c5eac893fb8516cb277f5ef3303c7d34ed276d82abb9ca6ccf22a8d5","/project/mstephens/ziangzhang/MPCurve/InferOrder/experiments/estimate_intrinsic_m_smooth_v032/exploratory_m5_ordering_b/external_methods/inputs/B_noise05_X.csv","d356133c6de88d16f11e7561534c05f1d6666ba213b056230a7c152882ae0206"
"B_noise05","/project/mstephens/ziangzhang/MPCurve/InferOrder/experiments/estimate_intrinsic_m_smooth_v032/exploratory_m5_ordering_b/external_methods/gpy_results/09_B_noise05_BayesianGPLVM_pca_m10_s20260929.json","a90e72bc25f16edd3f95cfa8e42a29ec7b30131167c8ef0b728d9ca6597efc36","/project/mstephens/ziangzhang/MPCurve/InferOrder/experiments/estimate_intrinsic_m_smooth_v032/exploratory_m5_ordering_b/external_methods/inputs/B_noise05_X.csv","d356133c6de88d16f11e7561534c05f1d6666ba213b056230a7c152882ae0206"
"B_noise1","/project/mstephens/ziangzhang/MPCurve/InferOrder/experiments/estimate_intrinsic_m_smooth_v032/exploratory_m5_ordering_b/single_order_benchmark/B_noise1_mpcurve_package_stopping.rds","396bdcf5fa1372f68678f374612328f6d6909caae63dfccb5b22e336c6ecb4b9","/project/mstephens/ziangzhang/MPCurve/InferOrder/experiments/estimate_intrinsic_m_smooth_v032/exploratory_m5_ordering_b/external_methods/inputs/B_noise1_X.csv","f08923901be4a529342215576e892e274edc99764f5f9ed7576ef22348079862"
"B_noise1","/project/mstephens/ziangzhang/MPCurve/InferOrder/experiments/estimate_intrinsic_m_smooth_v032/exploratory_m5_ordering_b/external_methods/princurve_results/B_noise1_pca_package_defaults.rds","421f520f37da754a9455f17d99c65f4a976eedd78dfcc469ca780eb2703a181c","/project/mstephens/ziangzhang/MPCurve/InferOrder/experiments/estimate_intrinsic_m_smooth_v032/exploratory_m5_ordering_b/external_methods/inputs/B_noise1_X.csv","f08923901be4a529342215576e892e274edc99764f5f9ed7576ef22348079862"
"B_noise1","/project/mstephens/ziangzhang/MPCurve/InferOrder/experiments/estimate_intrinsic_m_smooth_v032/exploratory_m5_ordering_b/single_order_benchmark/B_noise1_mpcurve_extended_stopping.rds","73d448b20b93c8f14ea23e94c8cf4f51bb1f263f0b54edd82868ee3a6241ee7d","/project/mstephens/ziangzhang/MPCurve/InferOrder/experiments/estimate_intrinsic_m_smooth_v032/exploratory_m5_ordering_b/external_methods/inputs/B_noise1_X.csv","f08923901be4a529342215576e892e274edc99764f5f9ed7576ef22348079862"
"B_noise1","/project/mstephens/ziangzhang/MPCurve/InferOrder/experiments/estimate_intrinsic_m_smooth_v032/exploratory_m5_ordering_b/external_methods/princurve_results/B_noise1_pca_extended.rds","1037470c01493a119ec9417b79912191ab1c22b9e68244fb034468196dfee232","/project/mstephens/ziangzhang/MPCurve/InferOrder/experiments/estimate_intrinsic_m_smooth_v032/exploratory_m5_ordering_b/external_methods/inputs/B_noise1_X.csv","f08923901be4a529342215576e892e274edc99764f5f9ed7576ef22348079862"
"B_noise1","/project/mstephens/ziangzhang/MPCurve/InferOrder/experiments/estimate_intrinsic_m_smooth_v032/exploratory_m5_ordering_b/external_methods/gpy_results/03_B_noise1_GPLVM_pca_m0_s20260929.json","b48380744b72d383b6b6316fadfa3890da43af18deac1abe51509c19f261770f","/project/mstephens/ziangzhang/MPCurve/InferOrder/experiments/estimate_intrinsic_m_smooth_v032/exploratory_m5_ordering_b/external_methods/inputs/B_noise1_X.csv","f08923901be4a529342215576e892e274edc99764f5f9ed7576ef22348079862"
"B_noise1","/project/mstephens/ziangzhang/MPCurve/InferOrder/experiments/estimate_intrinsic_m_smooth_v032/exploratory_m5_ordering_b/external_methods/gpy_results/10_B_noise1_BayesianGPLVM_pca_m10_s20260929.json","726db29f654ddb495ddf6c307bffd17ad13a0699c352874f6e1eac62d63fc8bc","/project/mstephens/ziangzhang/MPCurve/InferOrder/experiments/estimate_intrinsic_m_smooth_v032/exploratory_m5_ordering_b/external_methods/inputs/B_noise1_X.csv","f08923901be4a529342215576e892e274edc99764f5f9ed7576ef22348079862"
