"id","parent_id","parent_study","P","replication","noise","noise_sd","variance_snr","seed","input_sha256","n_components","embedding_seconds","curve_seconds","pca_rho","isomap_rho"
"p12_low_r01","low_r01","experiments/m1_bspline_comparison",12,1,"low",0.25,16,202609291,"bb28414f42d4e87783a9deb73380ad5afc9a23af60ae3ae3a8bb99c8ed41f70a",1,0.722,0.032,0.811794794869872,0.86955223880597
"p12_high_r01","high_r01","experiments/m1_bspline_comparison",12,1,"high",1,1,202609291,"5749850d063a96ede70a3a97b56c01a2c690bdc62d425f5bc6d858122c97e6b0",1,0.0629999999999999,0.0150000000000001,0.762925073126828,0.813249831245781
"p12_low_r02","low_r02","experiments/m1_bspline_comparison",12,2,"low",0.25,16,202609292,"9ff3522f0af10fa1b1a03e8b9e1dc1a40684604706fab0187645e8380919988d",1,0.052,0.012,0.814946373659342,0.998547963699093
"p12_high_r02","high_r02","experiments/m1_bspline_comparison",12,2,"high",1,1,202609292,"5d3bf77847875baa0eccd84582f5c501fc9af4fe24552e7c96a7a954640c54a6",1,0.0580000000000001,0.0129999999999999,0.760139503487587,0.85625590639766
"p12_low_r03","low_r03","experiments/m1_bspline_comparison",12,3,"low",0.25,16,202609293,"22ad978146af4e513333a723a4465a825cf6617b041a268e618371b6aeb0bfa6",1,0.0529999999999999,0.0130000000000001,0.0992184804620116,0.785004125103128
"p12_high_r03","high_r03","experiments/m1_bspline_comparison",12,3,"high",1,1,202609293,"bc9df43735c68ba6f8b356b0b7ebf2c403c9f213ceff92647544fd7857af6023",1,0.052,0.0129999999999999,0.0140028500712518,0.218811970299258
"p12_low_r04","low_r04","experiments/m1_bspline_comparison",12,4,"low",0.25,16,202609294,"dbdf30ddc1188e4c3f3e1ed990cea60d52d74b03b9b31be0e9fa1051a30e5496",1,0.0719999999999998,0.014,0.668685217130428,0.997047926198155
"p12_high_r04","high_r04","experiments/m1_bspline_comparison",12,4,"high",1,1,202609294,"3c8d661557be5a12fef1f66d4732c552895c05d939afc8a6d5324e9ab826d379",1,0.0520000000000003,0.012,0.669258231455786,0.716330908272707
"p12_low_r05","low_r05","experiments/m1_bspline_comparison",12,5,"low",0.25,16,202609295,"7ea18d8c9237c0631a451eec648b0d9b37acd79675ede6ccd58450132c621581",1,0.0529999999999999,0.0129999999999999,0.746088652216305,0.867771694292357
"p12_high_r05","high_r05","experiments/m1_bspline_comparison",12,5,"high",1,1,202609295,"24f5041564f71c4789aa11040bd2698182c9386c7ae313f849a6326cf8ccc931",1,0.0489999999999999,0.012,0.693900847521188,0.72609615240381
"p12_low_r06","low_r06","experiments/m1_bspline_comparison",12,6,"low",0.25,16,202609296,"c1d3320f80d195a227cf51e7caa71cfe2f823f6bb7823100adc0bba3c3cc2b55",1,0.0459999999999998,0.0150000000000001,0.539911497787445,0.678388959723993
"p12_high_r06","high_r06","experiments/m1_bspline_comparison",12,6,"high",1,1,202609296,"dd3a561fcc42ddd618142f80b2befe18132ab85816d17f502d28b3d281b0d45a",1,0.0470000000000002,0.0109999999999997,0.532913822845571,0.541819545488637
"p12_low_r07","low_r07","experiments/m1_bspline_comparison",12,7,"low",0.25,16,202609297,"90065becd796a449d8bea2a387c2e3e0e92a8b56f0f3e75ac8831e4efcf7d116",1,0.0760000000000001,0.0249999999999999,0.806187654691367,0.915606390159754
"p12_high_r07","high_r07","experiments/m1_bspline_comparison",12,7,"high",1,1,202609297,"129ff51f3e8756ba803d4320ff4f95f389b068519aa2b3374548f9a77cb62740",1,0.0539999999999998,0.012,0.7716792919823,0.826469661741544
"p12_low_r08","low_r08","experiments/m1_bspline_comparison",12,8,"low",0.25,16,202609298,"8873ca200f5792103451ad493a3a24769996c5c151a3344ce858a57a9f1f4ed3",1,0.0500000000000003,0.0629999999999997,0.66494412360309,0.701785044626116
"p12_high_r08","high_r08","experiments/m1_bspline_comparison",12,8,"high",1,1,202609298,"541bcb6d0f293cb9bcf72b7bad865e436aa5dd1bc99ebc2dd8cacbe284348979",1,0.0430000000000001,0.012,0.638823970599265,0.64039900997525
"p12_low_r09","low_r09","experiments/m1_bspline_comparison",12,9,"low",0.25,16,202609299,"6f7508c44f22d6fb63ee31601596d58df29f2dc208f5f0abc6ed81b44dd826bb",1,0.0419999999999998,0.0140000000000002,0.373530338258457,0.866840171004275
"p12_high_r09","high_r09","experiments/m1_bspline_comparison",12,9,"high",1,1,202609299,"ad8128404a7e6e3d897da63803b21cef295ef67b2500fe08b6ad94115e7d993e",1,0.0459999999999998,0.0110000000000001,0.328467711692792,0.397559438985975
"p12_low_r10","low_r10","experiments/m1_bspline_comparison",12,10,"low",0.25,16,202609300,"74a1aa8364d4b241a8d97084a2822a4d206f8ad570ee32513a32f44443218470",1,0.0449999999999999,0.0150000000000001,0.451740793519838,0.727770194254856
"p12_high_r10","high_r10","experiments/m1_bspline_comparison",12,10,"high",1,1,202609300,"e64aa43f3c59a769ee2ca2f73a67dc2f15954d128a5b16558adfc104d7428485",1,0.0469999999999997,0.0110000000000001,0.411176779419486,0.45587189679742
"p12_low_r11","low_r11","experiments/m1_bspline_comparison",12,11,"low",0.25,16,202609301,"dd8c0bd10ac9a68d4558bc319f94eae36dffb92a0aebd2403a4f06a65e3716ec",1,0.0449999999999999,0.012,0.672381309532738,0.861458036450911
"p12_high_r11","high_r11","experiments/m1_bspline_comparison",12,11,"high",1,1,202609301,"01c4501fac0ec4912a892ae2046ab699566f63e32027317ad948a2dc5d1efe6b",1,0.0469999999999997,0.012,0.568794719867997,0.662728568214205
"p12_low_r12","low_r12","experiments/m1_bspline_comparison",12,12,"low",0.25,16,202609302,"09e323901f4b9e7efc5621ad89e30cd4a73c7cac89ad93ff8ca686734516b453",1,0.04,0.0110000000000001,0.577701942548564,0.98705617640441
"p12_high_r12","high_r12","experiments/m1_bspline_comparison",12,12,"high",1,1,202609302,"7c64b0f33a2fd80c31f6da6f4d42f2e91977683d9d98f28f35bd58beb00f8f48",1,0.0449999999999999,0.0110000000000001,0.56683117077927,0.578673966849171
"p12_low_r13","low_r13","experiments/m1_bspline_comparison",12,13,"low",0.25,16,202609303,"15786f2579dcf2fe08871734946c70b2e2d9a622e41ff9ccbe7977f62ffcbc9c",1,0.0380000000000003,0.00999999999999979,0.0505197629940749,0.999005475136879
"p12_high_r13","high_r13","experiments/m1_bspline_comparison",12,13,"high",1,1,202609303,"14361551091bfd6af42e4f5cc00afbcf6a8b3da44cda26c5b0fefa041891825f",1,0.0489999999999999,0.0110000000000001,0.00475661891547289,0.00378459461486537
"p12_low_r14","low_r14","experiments/m1_bspline_comparison",12,14,"low",0.25,16,202609304,"c31536fae3ad2d0e0681da07dabfa25fbee9f90f5a32d6b7fbdb5a384d479a39",1,0.0390000000000001,0.0110000000000001,0.845098627465687,0.968053701342534
"p12_high_r14","high_r14","experiments/m1_bspline_comparison",12,14,"high",1,1,202609304,"2e9c9e6f395c2e33751c5133115ce732e0db1aac27e85fd476bf87b7eabb959b",1,0.0439999999999996,0.0100000000000002,0.793719342983575,0.748647716192905
"p12_low_r15","low_r15","experiments/m1_bspline_comparison",12,15,"low",0.25,16,202609305,"2d6dd3bf485b554b6a93373ab57724f912f73b86156a9b330f6fe04f6ec70809",1,0.0349999999999993,0.00900000000000034,0.511386784669617,0.813150828770719
"p12_high_r15","high_r15","experiments/m1_bspline_comparison",12,15,"high",1,1,202609305,"5b7eab3a317a6be7b8ffe043fa8fe93cd9ef043d2ad14dfc9641d733f0327d6e",1,0.0460000000000003,0.0140000000000002,0.537404935123378,0.594790369759244
"p12_low_r16","low_r16","experiments/m1_bspline_comparison",12,16,"low",0.25,16,202609306,"5165bba5b00f7a064e36ce9763a1e0be08be4ab41eb57cbb2b862c8022c54804",1,0.0409999999999995,0.00999999999999979,0.177676441911048,0.798739968499213
"p12_high_r16","high_r16","experiments/m1_bspline_comparison",12,16,"high",1,1,202609306,"0927e3f6383513dadde3ba040d1c7c5439d4d919dbef4f79e4b1847c107e95ce",1,0.0410000000000004,0.0139999999999993,0.214830870771769,0.0887557188929723
"p12_low_r17","low_r17","experiments/m1_bspline_comparison",12,17,"low",0.25,16,202609307,"49dae53f90e3e7503199aebba13c95c8867716337186f1e6c5296a38ef6e188e",1,0.0340000000000007,0.00999999999999979,0.228620715517888,0.999155478886972
"p12_high_r17","high_r17","experiments/m1_bspline_comparison",12,17,"high",1,1,202609307,"8e3d2c8088fb011dc7e919657ea872ce8e28b36198fc54b4b69b04cfcf04c953",1,0.0369999999999999,0.0140000000000002,0.315690392259807,0.383118577964449
"p12_low_r18","low_r18","experiments/m1_bspline_comparison",12,18,"low",0.25,16,202609308,"80c8cc20e101c94b7a0d4c1225e25effa9995a84bb48aa37f500788f7d17e4a2",1,0.0339999999999998,0.00999999999999979,0.653801845046126,0.841288532213305
"p12_high_r18","high_r18","experiments/m1_bspline_comparison",12,18,"high",1,1,202609308,"e2d07c24168d0bb885fd0edd51c150a44d492e3faae3c9fa35c92acb54dd5b59",1,0.0370000000000008,0.0110000000000001,0.663100577514438,0.67041626040651
"p12_low_r19","low_r19","experiments/m1_bspline_comparison",12,19,"low",0.25,16,202609309,"ec93380756cdf87be3d0da130457773e1780afc0c503177741b3baa83902b39f",1,0.0359999999999996,0.00999999999999979,0.707965199129978,0.919587489687242
"p12_high_r19","high_r19","experiments/m1_bspline_comparison",12,19,"high",1,1,202609309,"ae03470e679da33d9dc378ab11c95cedf90418b3279bbd16b5843ed73dfdcd17",1,0.0380000000000003,0.0129999999999999,0.514076351908798,0.658324458111453
"p12_low_r20","low_r20","experiments/m1_bspline_comparison",12,20,"low",0.25,16,202609310,"8f099fcdde517b1372d997e68a60b00dc49b1a716fad46912073fd3f5b83266a",1,0.069,0.0140000000000002,0.85729543238581,0.998556963924098
"p12_high_r20","high_r20","experiments/m1_bspline_comparison",12,20,"high",1,1,202609310,"86b14979e10476d07544f3c1960c5fa1f54934a10bd81bd8304a6eda084b6103",1,0.0510000000000002,0.016,0.79553588839721,0.805446636165904
"p12_low_r21","low_r21","experiments/m1_bspline_comparison",12,21,"low",0.25,16,202609311,"74598ae1b0dabadc5a191d1753a5220f47c05078d10399a39e31a0bad8ee501f",1,0.0430000000000001,0.0110000000000001,0.749577739443486,0.809924248106203
"p12_high_r21","high_r21","experiments/m1_bspline_comparison",12,21,"high",1,1,202609311,"bedb88897f2179ca3d6de866ab67836a1073e074a534b315cfc1eedda72f1300",1,0.0720000000000001,0.0179999999999998,0.73399984999625,0.776900922523063
"p12_low_r22","low_r22","experiments/m1_bspline_comparison",12,22,"low",0.25,16,202609312,"7731b009c2769f5853e135228b6a09c5430d0d303872517291664fb92431d6fa",1,0.0490000000000004,0.0110000000000001,0.73649591239781,0.783576089402235
"p12_high_r22","high_r22","experiments/m1_bspline_comparison",12,22,"high",1,1,202609312,"0bde1bac25c01c999ce1654416aa3c70102687ea7abe6d96b58efe7ead321d73",1,0.0460000000000003,0.0140000000000002,0.706057151428786,0.763304582614565
"p12_low_r23","low_r23","experiments/m1_bspline_comparison",12,23,"low",0.25,16,202609313,"3916e25fb2dc099e6fe859609308d6ed06cacac13faea917919498a9d7ea50d7",1,0.0419999999999998,0.0119999999999996,0.677620940523513,0.879042976074402
"p12_high_r23","high_r23","experiments/m1_bspline_comparison",12,23,"high",1,1,202609313,"1f2126c9507bbcb54df6672e93cc80333b79fe8b04a45ba9d686221e86b7a882",1,0.0419999999999998,0.0129999999999999,0.627189679741994,0.607083177079427
"p12_low_r24","low_r24","experiments/m1_bspline_comparison",12,24,"low",0.25,16,202609314,"831609515c1f9e75b42758381114527a7846542071888c10ed0a0a5523328574",1,0.04,0.0110000000000001,0.874049351233781,0.998933473336834
"p12_high_r24","high_r24","experiments/m1_bspline_comparison",12,24,"high",1,1,202609314,"a7d2f7b656b1e6cde2b996f2f1bbfb849e5a0da9aa651a9969b4d88b28616a11",1,0.04,0.0140000000000002,0.838894472361809,0.854185854646366
"p12_low_r25","low_r25","experiments/m1_bspline_comparison",12,25,"low",0.25,16,202609315,"8706cbd2dd3952e7bd520de9a3734fbdfa9d7a8613d871268496db2b3706d3d4",1,0.0389999999999997,0.0110000000000001,0.216186904672617,0.993617340433511
"p12_high_r25","high_r25","experiments/m1_bspline_comparison",12,25,"high",1,1,202609315,"8d65a3127161aef6d5dd04a5612c41e71d6ef2d9262370b35a93adaec1b3e155",1,0.0390000000000006,0.0139999999999993,0.206471161779045,0.292435310882772
"p12_low_r26","low_r26","experiments/m1_bspline_comparison",12,26,"low",0.25,16,202609316,"64f9604fd4e979f0f2cca22636e987a86d462e7424d5b432cc1d9ba79f5cfe97",1,0.0359999999999996,0.00899999999999945,0.419783994599865,0.654388359708993
"p12_high_r26","high_r26","experiments/m1_bspline_comparison",12,26,"high",1,1,202609316,"c3b0e206b58aa6184d649fb0ed19774c32fb176d801cc5d2013a6685ce3604ce",1,0.0380000000000003,0.0129999999999999,0.39758343958599,0.468962724068102
"p12_low_r27","low_r27","experiments/m1_bspline_comparison",12,27,"low",0.25,16,202609317,"8e038b030cc25971c5402bdb44bda874897464e749def8ba8db9d28fc783a4fe",1,0.0360000000000005,0.0169999999999995,0.441336533413335,0.628341708542714
"p12_high_r27","high_r27","experiments/m1_bspline_comparison",12,27,"high",1,1,202609317,"d0934b360718fc88204e622e133a522622d834a505f105bebe1519902c27e014",1,0.0389999999999997,0.00900000000000034,0.435729393234831,0.494598364959124
"p12_low_r28","low_r28","experiments/m1_bspline_comparison",12,28,"low",0.25,16,202609318,"647915beeb3193ce6e0a472d0fbbd01e89d5ef8390d6d3d41d2b7f5b437dd755",1,0.0360000000000005,0.0129999999999999,0.176537913447836,0.960801020025501
"p12_high_r28","high_r28","experiments/m1_bspline_comparison",12,28,"high",1,1,202609318,"627385494620d8f2fbe01e8160f07fa8d97469ca7a471ccde87af4127ff2f47c",1,0.0410000000000004,0.00899999999999945,0.221539038475962,0.192444311107778
"p12_low_r29","low_r29","experiments/m1_bspline_comparison",12,29,"low",0.25,16,202609319,"9244860d1ef0cd6bbc625d7c9d0f892c89c8e690eeb13b78d1cff241c43ed3f2",1,0.0510000000000002,0.0720000000000001,0.586855171379285,0.998802970074252
"p12_high_r29","high_r29","experiments/m1_bspline_comparison",12,29,"high",1,1,202609319,"76094c66ad06a7dfabad786b4f1001ad3b3405aede6a019f2216f3e643dfa7e5",1,0.0429999999999993,0.0110000000000001,0.519089477236931,0.622146553663842
"p12_low_r30","low_r30","experiments/m1_bspline_comparison",12,30,"low",0.25,16,202609320,"17360d78208558ea406bcfa35d031ba6d8c820936a2d2f98873e747c8be4a8ad",1,0.04,0.0110000000000001,0.245542638565964,0.820040501012525
"p12_high_r30","high_r30","experiments/m1_bspline_comparison",12,30,"high",1,1,202609320,"768383505250318dc5723f9378b7ad86e3da7c01c8594faf7e45619ad85c0459",1,0.0449999999999999,0.0120000000000005,0.23076726918173,0.293462836570914
"p50_low_r01","low_r01","experiments/m1_bspline_comparison_p50",50,1,"low",0.25,16,202609291,"c9739ad11e8fefff793647b0ca153eec8399c2403ba3f268e42f6287816ea6c5",1,0.0800000000000001,0.056,0.945025125628141,0.999648991224781
"p50_high_r01","high_r01","experiments/m1_bspline_comparison_p50",50,1,"high",1,1,202609291,"148421e922c9d93635544ec953b8c3bd0ff18bad8e857ee0d6f80cadc5c0c21a",1,0.085,0.0609999999999999,0.921447536188405,0.871688292207305
"p50_low_r02","low_r02","experiments/m1_bspline_comparison_p50",50,2,"low",0.25,16,202609292,"058249531f18cc3884db2f484b0937f6718f18c2a0ad5e7828770fe41f565faf",1,0.0779999999999994,0.0590000000000002,0.876762919072977,0.935834395859897
"p50_high_r02","high_r02","experiments/m1_bspline_comparison_p50",50,2,"high",1,1,202609292,"fc34d07f3f5054d94bb7c37285e753f8af963d328204499de99e0143509c9e57",1,0.085,0.0870000000000006,0.817722943073577,0.810590264756619
"p50_low_r03","low_r03","experiments/m1_bspline_comparison_p50",50,3,"low",0.25,16,202609293,"0884a0c0e7730944cb476145b9d631561e1da23729b767e9ced54557bedfc62d",1,0.0759999999999996,0.0529999999999999,0.595693392334808,0.851208280207005
"p50_high_r03","high_r03","experiments/m1_bspline_comparison_p50",50,3,"high",1,1,202609293,"85b2f2ad82738fbeead04b3ed2792db720ca734827ce46eb058a3cc422f333ba",1,0.0830000000000002,0.0500000000000007,0.575093377334433,0.720169504237606
"p50_low_r04","low_r04","experiments/m1_bspline_comparison_p50",50,4,"low",0.25,16,202609294,"7d9211c5321cf97a77f94f16bc3e32f31ba5453d12ceff9afc41b7c218d710e4",1,0.0749999999999993,0.0599999999999987,0.249690242256056,0.999470486762169
"p50_high_r04","high_r04","experiments/m1_bspline_comparison_p50",50,4,"high",1,1,202609294,"409e9dfde62acd8793f66e97a3f89154c04f296115f57af465ea5d1cc958194a",1,0.0790000000000006,0.052999999999999,0.19097577439436,0.877092927323183
"p50_low_r05","low_r05","experiments/m1_bspline_comparison_p50",50,5,"low",0.25,16,202609295,"02b103eb3e3de4bf5312b9fb5156b6cc3c59dc445fd32af5d247587ccb9d6f92",1,0.0730000000000004,0.0499999999999989,0.909867246681167,0.922010050251256
"p50_high_r05","high_r05","experiments/m1_bspline_comparison_p50",50,5,"high",1,1,202609295,"6409a4a58de4b7a9e6f24e05052b112d2154d0fae1f70b79e2a020a9d5a0f861",1,0.0800000000000001,0.0619999999999994,0.86967974199355,0.891340283507088
"p50_low_r06","low_r06","experiments/m1_bspline_comparison_p50",50,6,"low",0.25,16,202609296,"01698a9c4e1a748236c575ce65b7f1fe025f40397e70e327139bf42ddc7b073d",1,0.0739999999999998,0.0530000000000008,0.566637665941649,0.999692492312308
"p50_high_r06","high_r06","experiments/m1_bspline_comparison_p50",50,6,"high",1,1,202609296,"266c82e2b11042dc844e521844b176687b40c18c3c5f06c3f1bf9973240536ab",1,0.0800000000000001,0.0540000000000003,0.535630390759769,0.584161104027601
"p50_low_r07","low_r07","experiments/m1_bspline_comparison_p50",50,7,"low",0.25,16,202609297,"f1274a68d090b4ccea1f4a6c9bb2c703d82a0700e672e6f97415eb7cd7234dc7",1,0.0719999999999992,0.0549999999999997,0.671865296632416,0.999683492087302
"p50_high_r07","high_r07","experiments/m1_bspline_comparison_p50",50,7,"high",1,1,202609297,"a06581252ffa44ea519d21ca70bcb5832ac7fa11ca09bf2ed7efe2195e1e68ca",1,0.0869999999999997,0.0540000000000003,0.669600240006,0.746136653416336
"p50_low_r08","low_r08","experiments/m1_bspline_comparison_p50",50,8,"low",0.25,16,202609298,"148ed6ee979dc1405d10dde502120621346efed04a7afd97bb95121b30278f76",1,0.0790000000000006,0.0559999999999992,0.789417235430886,0.999665491637291
"p50_high_r08","high_r08","experiments/m1_bspline_comparison_p50",50,8,"high",1,1,202609298,"a3f89d84463b8273d52c7a2a17fcb3b2abf1daaf17c76e3114a5b42ff85622c6",1,0.0830000000000002,0.0579999999999998,0.777755943898598,0.821221030525763
"p50_low_r09","low_r09","experiments/m1_bspline_comparison_p50",50,9,"low",0.25,16,202609299,"70d41a54f96c4d39e5052778c99d69955763b02a0609708ee353cdf94090b752",1,0.0879999999999992,0.0510000000000002,0.868428710717768,0.999693992349809
"p50_high_r09","high_r09","experiments/m1_bspline_comparison_p50",50,9,"high",1,1,202609299,"22d9a2579442229ec4de0aee8002b480a21740bf878119087759c2ccf82e8080",1,0.0830000000000002,0.0540000000000003,0.846967674191855,0.99292732318308
"p50_low_r10","low_r10","experiments/m1_bspline_comparison_p50",50,10,"low",0.25,16,202609300,"4f9234a5c6298ee8ce41b75661aa3cd6b8984671485048c28012505bb762f428",1,0.0739999999999998,0.0560000000000009,0.774643366084152,0.834629865746644
"p50_high_r10","high_r10","experiments/m1_bspline_comparison_p50",50,10,"high",1,1,202609300,"7a769b1d9e30d85ff6dd9a25eca58db00a4893d55ae690ae699254bec24da661",1,0.0849999999999991,0.0500000000000007,0.749604740118503,0.757403435085877
"p50_low_r11","low_r11","experiments/m1_bspline_comparison_p50",50,11,"low",0.25,16,202609301,"15b6c2faeebc9fe8e0659799ae66958850ac3eb8710fe4e5d26daba8992af952",1,0.0730000000000004,0.0549999999999997,0.700487512187805,0.999666991674792
"p50_high_r11","high_r11","experiments/m1_bspline_comparison_p50",50,11,"high",1,1,202609301,"7123b8611c8e8c0c6eac4a6f24daf9483eed40dd1966a3f12e6127819a7beeb8",1,0.0800000000000001,0.0530000000000008,0.690942773569339,0.84135903397585
"p50_low_r12","low_r12","experiments/m1_bspline_comparison_p50",50,12,"low",0.25,16,202609302,"282b8afd5184d3232a8bc6e31a340ece17aa4a683cf981478a8cb5a2464883da",1,0.0760000000000005,0.048,0.29379134478362,0.999660991524788
"p50_high_r12","high_r12","experiments/m1_bspline_comparison_p50",50,12,"high",1,1,202609302,"4f8bc4cfeffb166272eb02ab9cbe587cb506fe39250e3f3d1366135265717000",1,0.0809999999999995,0.0540000000000003,0.299497487437186,0.861501537538439
"p50_low_r13","low_r13","experiments/m1_bspline_comparison_p50",50,13,"low",0.25,16,202609303,"c3b12657274860e4845b4126e5c156bb71d5168c53cde88817b50491a55c5dcf",1,0.0730000000000004,0.0540000000000003,0.361458036450911,0.999689492237306
"p50_high_r13","high_r13","experiments/m1_bspline_comparison_p50",50,13,"high",1,1,202609303,"4e64a979b2dcaa48c4bbde6766ca4e5541979efb7d98568a8379f66e1c4a96ba",1,0.0809999999999995,0.0520000000000014,0.334086852171304,0.667033675841896
"p50_low_r14","low_r14","experiments/m1_bspline_comparison_p50",50,14,"low",0.25,16,202609304,"550f12d8406ebf990cb40505d93ad0e0975684cc5224c56b06cbf21242422da5",1,0.0709999999999997,0.0489999999999995,0.767393684842121,0.999701492537314
"p50_high_r14","high_r14","experiments/m1_bspline_comparison_p50",50,14,"high",1,1,202609304,"905fa4f5f55c73efe45b4352ed785f2fcf84f4acefe031c73f374761cafcd0a9",1,0.0860000000000003,0.0519999999999996,0.769229730743269,0.849810245256132
"p50_low_r15","low_r15","experiments/m1_bspline_comparison_p50",50,15,"low",0.25,16,202609305,"a99486f4ee6b975dab88d681aeb7f93faa77afffc038527edb6fc7e43386d909",1,0.0729999999999986,0.0520000000000014,0.683589589739744,0.999810995274882
"p50_high_r15","high_r15","experiments/m1_bspline_comparison_p50",50,15,"high",1,1,202609305,"4aeb99dee5a2ee42a396da0bba698264d25d07fb6176ba2bfe9fc3516d769081",1,0.0790000000000006,0.0530000000000008,0.683435085877147,0.793227330683267
"p50_low_r16","low_r16","experiments/m1_bspline_comparison_p50",50,16,"low",0.25,16,202609306,"f59f2726bb5dfc79f35fc441a44699d9c60c1d395f2f4166c7694bd2237254b9",1,0.0760000000000005,0.0540000000000003,0.700424510612765,0.977257931448286
"p50_high_r16","high_r16","experiments/m1_bspline_comparison_p50",50,16,"high",1,1,202609306,"c1c9bc0246989eff76207a3b0875befef040d10fdb45aea3a6496a4f99e63d05",1,0.0800000000000001,0.0530000000000008,0.706801170029251,0.925799144978625
"p50_low_r17","low_r17","experiments/m1_bspline_comparison_p50",50,17,"low",0.25,16,202609307,"265a135d8af635040723ef0b5743d6a0a52b9e7bd6538858be7887237e0d40c4",1,0.077,0.0499999999999989,0.765863646591165,0.999686492162304
"p50_high_r17","high_r17","experiments/m1_bspline_comparison_p50",50,17,"high",1,1,202609307,"c849bd908cd85ad59d3612ce0d175e6ba2343dd349e53d532daf394bc526f19e",1,0.0820000000000007,0.0549999999999997,0.738093452336309,0.863706592664817
"p50_low_r18","low_r18","experiments/m1_bspline_comparison_p50",50,18,"low",0.25,16,202609308,"f1ee749213a0a2438eba4790978b3584f9bf429787846ebb8af097eb56f51968",1,0.081999999999999,0.126000000000001,0.640258006450161,0.999683492087302
"p50_high_r18","high_r18","experiments/m1_bspline_comparison_p50",50,18,"high",1,1,202609308,"fc96d4d703630d0d9b1f0effd595f15de53de1ce50778d5a0265c3c650398109",1,0.0830000000000002,0.0540000000000003,0.657245931148279,0.995702392559814
"p50_low_r19","low_r19","experiments/m1_bspline_comparison_p50",50,19,"low",0.25,16,202609309,"1d82297e957fa869319e8cf4decf2565c43f04a33835ff9ea754f169bb449ccc",1,0.0760000000000005,0.0519999999999996,0.696597914947874,0.97865596639916
"p50_high_r19","high_r19","experiments/m1_bspline_comparison_p50",50,19,"high",1,1,202609309,"62e377a59d8e6846b4d3b89d9c62346ba2ff3c30fe59201faffb89ed2398a4bc",1,0.0809999999999995,0.0540000000000003,0.686477161929048,0.734329858246456
"p50_low_r20","low_r20","experiments/m1_bspline_comparison_p50",50,20,"low",0.25,16,202609310,"ea32cd86e313f1762182022d679e8a9d0a06b2d186d1067e0a79615deb3f9db5",1,0.125,0.0410000000000004,0.697379434485862,0.999572489312233
"p50_high_r20","high_r20","experiments/m1_bspline_comparison_p50",50,20,"high",1,1,202609310,"c1f75c8b9d4a92df0ba474e8bc5cfcb5acd81f68a863e241f53da910230a37fb",1,0.0809999999999995,0.0519999999999996,0.707554188854721,0.767273681842046
"p50_low_r21","low_r21","experiments/m1_bspline_comparison_p50",50,21,"low",0.25,16,202609311,"5351caf27d07f1dcb5b443e3a19a28f9889cfd72db28441f0d1e242f7c62d87e",1,0.0709999999999997,0.0400000000000009,0.728538213455336,0.779165979149479
"p50_high_r21","high_r21","experiments/m1_bspline_comparison_p50",50,21,"high",1,1,202609311,"de3f8bde7a6fda57f06b6bac8f48dc45d2cadbd6b720f4db16740c6e29a647e8",1,0.081999999999999,0.0609999999999999,0.75614340358509,0.772268806720168
"p50_low_r22","low_r22","experiments/m1_bspline_comparison_p50",50,22,"low",0.25,16,202609312,"521b9bc90bd8e3c465a1b6340ac78fb9d5fc9ef96238bfbe7ad38d9fe7cd1314",1,0.0719999999999992,0.0500000000000007,0.663511587789695,0.999795994899873
"p50_high_r22","high_r22","experiments/m1_bspline_comparison_p50",50,22,"high",1,1,202609312,"2b07ddcab2da14fa2619eea102cd21b54a764c334a90a065e2b2347f1790be3e",1,0.0770000000000017,0.0529999999999973,0.67134478361959,0.993948848721218
"p50_low_r23","low_r23","experiments/m1_bspline_comparison_p50",50,23,"low",0.25,16,202609313,"bcd1229fb7fee8acef5153920746e001b66f5f6f04d6a9040181391086309056",1,0.0720000000000027,0.0850000000000009,0.70732768319208,0.958513462836571
"p50_high_r23","high_r23","experiments/m1_bspline_comparison_p50",50,23,"high",1,1,202609313,"160814fa25a77d7fd6c763615309cfef8d34c958239b127594adab50f60cb657",1,0.0799999999999983,0.0479999999999983,0.703960099002475,0.873467336683417
"p50_low_r24","low_r24","experiments/m1_bspline_comparison_p50",50,24,"low",0.25,16,202609314,"54cb44b91a36002c58c2461e2854830f1246491b15699192e39f43ec072e3bca",1,0.0740000000000016,0.0569999999999986,0.874059851496288,0.99977499437486
"p50_high_r24","high_r24","experiments/m1_bspline_comparison_p50",50,24,"high",1,1,202609314,"1ec7600315e904634e022cb6c07614c510163e788227107067aa8ed7def5206c",1,0.0800000000000018,0.0549999999999997,0.870660766519163,0.867129678241956
"p50_low_r25","low_r25","experiments/m1_bspline_comparison_p50",50,25,"low",0.25,16,202609315,"213182b0a12574d42824d77712022ea3d3a9278a9e3a50a3c98ffda334878349",1,0.0719999999999992,0.0549999999999997,0.581288532213305,0.994833870846771
"p50_high_r25","high_r25","experiments/m1_bspline_comparison_p50",50,25,"high",1,1,202609315,"aa8980d54ec16cafef5779695f756a6554eb49ded0d71a0dd558a42e819f8489",1,0.0819999999999972,0.054000000000002,0.584342608565214,0.651820295507388
"p50_low_r26","low_r26","experiments/m1_bspline_comparison_p50",50,26,"low",0.25,16,202609316,"05fcdff8ea08ca2e6e6bc0649fa52f484fcb808840205162002fe0549f8063f0",1,0.0710000000000015,0.0770000000000017,0.699477986949674,0.999762994074852
"p50_high_r26","high_r26","experiments/m1_bspline_comparison_p50",50,26,"high",1,1,202609316,"6508f66628121a85df72e3efffbbad042171d47d626f88a07dd9744556896b51",1,0.0829999999999984,0.0590000000000011,0.698244956123903,0.801666541663542
"p50_low_r27","low_r27","experiments/m1_bspline_comparison_p50",50,27,"low",0.25,16,202609317,"2017ed7922d8b8473b86a075e52d603c2995045f02d6f4a16eda486c0cf39ee2",1,0.0719999999999992,0.0549999999999997,0.63315232880822,0.999600990024751
"p50_high_r27","high_r27","experiments/m1_bspline_comparison_p50",50,27,"high",1,1,202609317,"bef0437b0a82e42bd260c8439ccb2540536a3123e76092ed218bea47e1ce31c9",1,0.083000000000002,0.0569999999999986,0.567495687392185,0.805211130278257
"p50_low_r28","low_r28","experiments/m1_bspline_comparison_p50",50,28,"low",0.25,16,202609318,"c11bb1c943758ac6f1c37927ac00a2a283756ec6dbdff088b3553d39a44808cc",1,0.0760000000000005,0.054000000000002,0.408898222455561,0.99956798919973
"p50_high_r28","high_r28","experiments/m1_bspline_comparison_p50",50,28,"high",1,1,202609318,"b144c79ccc16bd3887ab02579c065caaf18bf15c9695a9a47b00305c03d94bfa",1,0.0829999999999984,0.0519999999999996,0.429106727668192,0.853752343808595
"p50_low_r29","low_r29","experiments/m1_bspline_comparison_p50",50,29,"low",0.25,16,202609319,"74e9fdcfb26bdbb8c59499bed28e5830350be671be931c9910f39a20ded951a8",1,0.0760000000000005,0.0849999999999973,0.700267006675167,0.894176854421361
"p50_high_r29","high_r29","experiments/m1_bspline_comparison_p50",50,29,"high",1,1,202609319,"d518d8865a14cb48572ee803db2bac94a9b9816663be864e71311c66805f7ee7",1,0.0509999999999984,0.0380000000000003,0.717437935948399,0.802125553138828
"p50_low_r30","low_r30","experiments/m1_bspline_comparison_p50",50,30,"low",0.25,16,202609320,"a108fb86e45d86b1e30ae86a18b86451bbb65c036146a961eaefcf7f446c2da1",1,0.0740000000000016,0.0629999999999988,0.203966099152479,0.999731493287332
"p50_high_r30","high_r30","experiments/m1_bspline_comparison_p50",50,30,"high",1,1,202609320,"1c90eeb01db8bf27d8622d4bc4280cd38325a580dfdc847cf0570b540f647978",1,0.0859999999999985,0.0570000000000022,0.205364134103353,0.774595364884122
