"P","noise","method","n","median_rho","mean_rho","median_pca_rho","mean_change","median_change","mcse_change","median_tau","median_actual_initial_rho","median_start_agreement","median_gain","gains_over05","losses_over05","converged","recovery95","median_fit_seconds","median_total_seconds","median_pca_fit_seconds"
12,"low","Isomap",30,0.868661966549164,0.870727868196705,0.620328508212705,0.324611765294132,0.206522163054077,0.0477126808881221,0.742914572864322,0.868661966549164,1,0,0,0,30,11,0,0.0419999999999998,0
12,"low","MPCurve",30,0.881116341169676,0.877252662441338,0.611553722044483,0.321852954238705,0.238769338483492,0.0478407467071326,0.740287947742961,0.868120490867484,0.999812477730082,0.00368830612926752,0,0,30,11,0.166999999999996,0.219499999999999,0.118500000000005
12,"low","PCurve",30,0.964928784086649,0.848201284621952,0.526302883392209,0.294854452549688,0.316889448667175,0.0644022445686472,0.914889627663272,0.876160150400521,0.989126508273732,6.51879386567855e-05,9,6,23,16,0.691500000000012,0.778000000000012,1.0265
12,"low","GPLVM",30,0.909531988299708,0.878188554713868,0.631638790969774,0.313636990924773,0.204545113627841,0.0526453144202353,0.786180904522613,0.868661966549164,1,0.000602265056626305,3,3,30,12,1.81557823717594,1.85807823717594,2.93413918837905
12,"low","BayesianGPLVM",30,0.911593789844746,0.861043926098153,0.614613365334133,0.295465986649666,0.210834770869272,0.0531289876932131,0.861256281407035,0.868661966549164,1,0.00029775744393612,4,4,29,12,4.70493688690476,4.74443688690476,9.94899014243856
12,"high","Isomap",30,0.614614865371634,0.558435860896523,0.552118052951324,0.0425908647716192,0.0486987174679371,0.0109963455446149,0.403015075376884,0.614614865371634,1,0,0,0,30,0,0,0.0454999999999998,0
12,"high","MPCurve",30,0.635961149028726,0.58295997399935,0.549602490062252,0.0384131103277583,0.0307747693692338,0.0145989067214684,0.428743718592965,0.614908678905507,0.999812477730082,0.0332858321458037,12,4,30,0,0.480000000000004,0.520000000000007,0.470000000000013
12,"high","PCurve",30,0.550397795126638,0.55930758306329,0.494615518263929,0.0286781954010734,0.000935016493170904,0.0177378272333023,0.389876003221722,0.616616917369452,0.965055276667011,0.0256770551124881,11,8,25,1,0.876499999999997,0.925999999999997,1.13149999999999
12,"high","GPLVM",30,0.604918622965574,0.559542688567214,0.56563114077852,0.0224946623665591,0.0247986199654992,0.010367658605078,0.420854271356784,0.614614865371634,1,0.00833270831770802,3,4,30,0,1.67529986728914,1.73079986728914,1.83289018110372
12,"high","BayesianGPLVM",30,0.543334583364584,0.56068746718668,0.554242106052651,0.0294830870771769,3.67509187730319e-05,0.0178854140469133,0.391608040201005,0.614614865371634,1,0.0197134928373209,7,8,30,0,1.99902052874677,2.03752052874677,2.32533178152516
50,"low","Isomap",30,0.999654991374785,0.970661616540414,0.698428710717768,0.312136203405085,0.290618765469137,0.0380779373249722,0.987989949748744,0.999654991374785,1,0,0,0,30,24,0,0.0740000000000016,0
50,"low","MPCurve",30,0.999712739823733,0.972133325889186,0.693270471217893,0.307109759970162,0.28144072173564,0.0385248586592041,0.989721303131937,0.99945240120749,0.999812477730082,7.96879608458978e-05,0,0,30,24,0.434499999999986,0.510499999999986,0.264499999999998
50,"low","PCurve",30,0.999654229989932,0.995674079676653,0.495921906212113,0.413504005668143,0.50356475653045,0.0602714206869055,0.988760467720956,0.999675611576574,0.999795242221073,2.75512889365004e-05,6,0,28,29,2.06250000000001,2.19550000000001,3.319
50,"low","GPLVM",30,0.999732993324833,0.976567264181605,0.685614640366009,0.297278681967049,0.292939323483087,0.0400746541470939,0.990100502512563,0.999654991374785,1,9.00022500561759e-05,1,0,30,24,0.765235748607665,0.84204939654842,2.53258989355527
50,"low","BayesianGPLVM",30,0.999736743418586,0.984137253431336,0.698996474911872,0.299476736918423,0.288096452411311,0.0412664957932084,0.990150753768844,0.999654991374785,1,7.80019500487006e-05,4,0,26,28,4.2595892243553,4.3405892243553,15.8369070265908
50,"high","Isomap",30,0.815905647641191,0.818948673716843,0.694593864846621,0.171217230430761,0.106606915172879,0.0341596342432822,0.628693467336683,0.815905647641191,1,0,0,0,30,3,0,0.0819999999999981,0
50,"high","MPCurve",30,0.839186229655742,0.833963260908381,0.707003130430097,0.151259738048255,0.090767595337564,0.0359089914799826,0.672814070351759,0.815588326859018,0.999812477730082,0.00910921085559718,2,0,30,3,1.34050000000001,1.42100000000001,1.22299999999999
50,"high","PCurve",30,0.882761343804412,0.803459604797006,0.56818254951244,0.177827985294684,0.0180722587274404,0.0655953004609899,0.744509573938479,0.843506431041898,0.980821105757781,0.00954207488693809,13,8,28,12,2.36300000000001,2.50150000000001,2.419
50,"high","GPLVM",30,0.846277656941424,0.836926773169329,0.701345533638341,0.164995574889372,0.104137103427586,0.0371293766595715,0.681708542713568,0.815905647641191,1,0.0183994599864997,5,1,30,4,0.681172928074375,0.764672928074374,0.640805234899745
50,"high","BayesianGPLVM",30,0.857211430285757,0.829947848696218,0.680024750618766,0.149277131928298,0.0781212030300755,0.0365588417544522,0.724924623115578,0.815905647641191,1,0.00897322433060832,10,8,30,6,2.06997661641799,2.15397661641799,2.04913682094775
