"id","phase","true_M","snr","replicate","method","status","estimated_M","ARI","ordering_recovery","matched_ordering_recovery","true_ordering_coverage","map_groups","near_duplicate_orderings","constant_orderings","elapsed_seconds","candidate_count","warning_count","error","original_reported_M","selected_model_M","effective_M"
"main_M3_S1_r001","main",3,1,1,"adaptive","success",3,1,0.972710215298689,0.972710215298689,1,3,FALSE,0,146.991,1,0,NA,3,8,3
"main_M3_S1_r001","main",3,1,1,"forward","success",3,1,0.972777030855898,0.972777030855898,1,3,FALSE,0,146.059,4,0,NA,3,3,3
"main_M3_S1_r002","main",3,1,2,"adaptive","success",3,1,0.973445482727586,0.973445482727586,1,3,FALSE,0,261.005,1,0,NA,3,8,3
"main_M3_S1_r002","main",3,1,2,"forward","success",3,1,0.973456001362978,0.973456001362978,1,3,FALSE,0,229.608,4,0,NA,3,3,3
"main_M3_S1_r003","main",3,1,3,"adaptive","success",3,1,0.974488901728538,0.974488901728538,1,3,FALSE,0,169.134,1,0,NA,3,8,3
"main_M3_S1_r003","main",3,1,3,"forward","success",3,1,0.974567124819905,0.974567124819905,1,3,FALSE,0,150.759,4,0,NA,3,3,3
"main_M3_S1_r004","main",3,1,4,"adaptive","success",3,1,0.976133512594584,0.976133512594584,1,3,FALSE,0,154.054,1,0,NA,3,8,3
"main_M3_S1_r004","main",3,1,4,"forward","success",3,1,0.976118845764953,0.976118845764953,1,3,FALSE,0,210.887,4,0,NA,3,3,3
"main_M3_S1_r005","main",3,1,5,"adaptive","success",3,1,0.973267406674889,0.973267406674889,1,3,FALSE,0,148.533,1,0,NA,3,8,3
"main_M3_S1_r005","main",3,1,5,"forward","success",3,1,0.973214665348134,0.973214665348134,1,3,FALSE,0,197.983,4,0,NA,3,3,3
"main_M3_S1_r006","main",3,1,6,"adaptive","success",3,1,0.974960166224069,0.974960166224069,1,3,FALSE,0,185.124,1,0,NA,3,8,3
"main_M3_S1_r006","main",3,1,6,"forward","success",3,1,0.974911276791964,0.974911276791964,1,3,FALSE,0,205.887,4,0,NA,3,3,3
"main_M3_S1_r007","main",3,1,7,"adaptive","success",3,1,0.976080178668652,0.976080178668652,1,3,FALSE,0,156.125,1,0,NA,3,8,3
"main_M3_S1_r007","main",3,1,7,"forward","success",3,1,0.97605958584725,0.97605958584725,1,3,FALSE,0,178.027,4,0,NA,3,3,3
"main_M3_S1_r008","main",3,1,8,"adaptive","success",3,1,0.977618714282011,0.977618714282011,1,3,FALSE,0,177.699,1,0,NA,3,8,3
"main_M3_S1_r008","main",3,1,8,"forward","success",3,1,0.977629973666374,0.977629973666374,1,3,FALSE,0,172.644,4,0,NA,3,3,3
"main_M3_S1_r009","main",3,1,9,"adaptive","success",3,1,0.96935817805383,0.96935817805383,1,3,FALSE,0,212.289,1,0,NA,3,8,3
"main_M3_S1_r009","main",3,1,9,"forward","success",3,1,0.969221287643937,0.969221287643937,1,3,FALSE,0,216.093,4,0,NA,3,3,3
"main_M3_S1_r010","main",3,1,10,"adaptive","success",3,1,0.97501275940103,0.97501275940103,1,3,FALSE,0,162.68,1,0,NA,3,8,3
"main_M3_S1_r010","main",3,1,10,"forward","success",3,1,0.974981351644648,0.974981351644648,1,3,FALSE,0,217.213,4,0,NA,3,3,3
"main_M3_S4_r001","main",3,4,1,"adaptive","success",3,1,0.993529705885621,0.993529705885621,1,3,FALSE,0,117.818,1,0,NA,3,8,3
"main_M3_S4_r001","main",3,4,1,"forward","success",3,1,0.993523039144879,0.993523039144879,1,3,FALSE,0,150.138,4,0,NA,3,3,3
"main_M3_S4_r002","main",3,4,2,"adaptive","success",3,1,0.993206739334141,0.993206739334141,1,3,FALSE,0,131.632,1,0,NA,3,8,3
"main_M3_S4_r002","main",3,4,2,"forward","success",3,1,0.993193257702863,0.993193257702863,1,3,FALSE,0,131.975,4,0,NA,3,3,3
"main_M3_S4_r003","main",3,4,3,"adaptive","success",3,1,0.993114442012319,0.993114442012319,1,3,FALSE,0,142.263,1,0,NA,3,8,3
"main_M3_S4_r003","main",3,4,3,"forward","success",3,1,0.993135479283103,0.993135479283103,1,3,FALSE,0,162.071,4,0,NA,3,3,3
"main_M3_S4_r004","main",3,4,4,"adaptive","success",3,1,0.992748067571121,0.992748067571121,1,3,FALSE,0,138.744,1,0,NA,3,8,3
"main_M3_S4_r004","main",3,4,4,"forward","success",3,1,0.992766289995815,0.992766289995815,1,3,FALSE,0,147.168,4,0,NA,3,3,3
"main_M3_S4_r005","main",3,4,5,"adaptive","success",3,1,0.991377385674656,0.991377385674656,1,3,FALSE,0,157.82,1,0,NA,3,8,3
"main_M3_S4_r005","main",3,4,5,"forward","success",3,1,0.99132568139646,0.99132568139646,1,3,FALSE,0,188.649,4,0,NA,3,3,3
"main_M3_S4_r006","main",3,4,6,"adaptive","success",3,1,0.991396793297703,0.991396793297703,1,3,FALSE,0,153.259,1,0,NA,3,8,3
"main_M3_S4_r006","main",3,4,6,"forward","success",3,1,0.991421089863961,0.991421089863961,1,3,FALSE,0,146.514,4,0,NA,3,3,3
"main_M3_S4_r007","main",3,4,7,"adaptive","success",3,1,0.991986725778435,0.991986725778435,1,3,FALSE,0,154.289,1,0,NA,3,8,3
"main_M3_S4_r007","main",3,4,7,"forward","success",3,1,0.99196672555621,0.99196672555621,1,3,FALSE,0,174.63,4,0,NA,3,3,3
"main_M3_S4_r008","main",3,4,8,"adaptive","success",4,0.877108654352354,0.990560932158505,0.990560932158505,1,4,FALSE,0,124.579,1,0,NA,4,8,4
"main_M3_S4_r008","main",3,4,8,"forward","success",3,1,0.992452508731579,0.992452508731579,1,3,FALSE,0,139.855,4,0,NA,3,3,3
"main_M3_S4_r009","main",3,4,9,"adaptive","success",3,1,0.992783030922566,0.992783030922566,1,3,FALSE,0,119.581,1,0,NA,3,8,3
"main_M3_S4_r009","main",3,4,9,"forward","success",3,1,0.992788660614748,0.992788660614748,1,3,FALSE,0,140.523,4,0,NA,3,3,3
"main_M3_S4_r010","main",3,4,10,"adaptive","success",3,1,0.992464212565325,0.992464212565325,1,3,FALSE,0,120.945,1,0,NA,3,8,3
"main_M3_S4_r010","main",3,4,10,"forward","success",3,1,0.992445693841043,0.992445693841043,1,3,FALSE,0,123.072,4,0,NA,3,3,3
"main_M3_S16_r001","main",3,16,1,"adaptive","success",3,1,0.998166794445864,0.998166794445864,1,3,FALSE,0,138.966,1,0,NA,3,8,3
"main_M3_S16_r001","main",3,16,1,"forward","success",3,1,0.99816560924751,0.99816560924751,1,3,FALSE,0,171.029,4,0,NA,3,3,3
"main_M3_S16_r002","main",3,16,2,"adaptive","success",3,1,0.997753012070504,0.997753012070504,1,3,FALSE,0,157.023,1,0,NA,3,8,3
"main_M3_S16_r002","main",3,16,2,"forward","success",3,1,0.997754345418653,0.997754345418653,1,3,FALSE,0,129.421,4,0,NA,3,3,3
"main_M3_S16_r003","main",3,16,3,"adaptive","success",3,1,0.998258795468098,0.998258795468098,1,3,FALSE,0,74.063,1,0,NA,3,8,3
"main_M3_S16_r003","main",3,16,3,"forward","success",3,1,0.998255832472213,0.998255832472213,1,3,FALSE,0,106.704,4,0,NA,3,3,3
"main_M3_S16_r004","main",3,16,4,"adaptive","success",3,1,0.998073460075482,0.998073460075482,1,3,FALSE,0,85.984,1,0,NA,3,8,3
"main_M3_S16_r004","main",3,16,4,"forward","success",3,1,0.998053756152846,0.998053756152846,1,3,FALSE,0,79.7,4,0,NA,3,3,3
"main_M3_S16_r005","main",3,16,5,"adaptive","success",4,0.864367816091954,0.99729522920625,0.99729522920625,1,4,FALSE,0,86.463,1,0,NA,4,8,4
"main_M3_S16_r005","main",3,16,5,"forward","success",3,1,0.998062645140502,0.998062645140502,1,3,FALSE,0,88.113,4,0,NA,3,3,3
"main_M3_S16_r006","main",3,16,6,"adaptive","success",3,1,0.998068422982478,0.998068422982478,1,3,FALSE,0,104.536,1,0,NA,3,8,3
"main_M3_S16_r006","main",3,16,6,"forward","success",3,1,0.998056422849143,0.998056422849143,1,3,FALSE,1,170.072,5,0,NA,4,4,3
"main_M3_S16_r007","main",3,16,7,"adaptive","success",3,1,0.998117016114994,0.998117016114994,1,3,FALSE,0,96.092,1,0,NA,3,8,3
"main_M3_S16_r007","main",3,16,7,"forward","success",3,1,0.998114497568492,0.998114497568492,1,3,FALSE,0,106.771,4,0,NA,3,3,3
"main_M3_S16_r008","main",3,16,8,"adaptive","success",3,1,0.997993162886995,0.997993162886995,1,3,FALSE,0,115.86,1,0,NA,3,8,3
"main_M3_S16_r008","main",3,16,8,"forward","success",3,1,0.997985903547077,0.997985903547077,1,3,FALSE,0,139.088,4,0,NA,3,3,3
"main_M3_S16_r009","main",3,16,9,"adaptive","success",3,1,0.998047385711693,0.998047385711693,1,3,FALSE,0,109.949,1,0,NA,3,8,3
"main_M3_S16_r009","main",3,16,9,"forward","success",3,1,0.998031237384119,0.998031237384119,1,3,FALSE,0,84.681,4,0,NA,3,3,3
"main_M3_S16_r010","main",3,16,10,"adaptive","success",3,1,0.998031089234325,0.998031089234325,1,3,FALSE,0,204.178,1,0,NA,3,8,3
"main_M3_S16_r010","main",3,16,10,"forward","success",3,1,0.998023089145435,0.998023089145435,1,3,FALSE,0,126.485,4,0,NA,3,3,3
"main_M4_S1_r001","main",4,1,1,"adaptive","success",4,1,0.97159190657674,0.97159190657674,1,4,FALSE,0,271.871,1,0,NA,4,8,4
"main_M4_S1_r001","main",4,1,1,"forward","success",4,1,0.971531572573029,0.971531572573029,1,4,FALSE,0,455.224,5,0,NA,4,4,4
"main_M4_S1_r002","main",4,1,2,"adaptive","success",4,1,0.966279847553862,0.966279847553862,1,4,FALSE,0,171.857,1,0,NA,4,8,4
"main_M4_S1_r002","main",4,1,2,"forward","success",4,1,0.966239180435338,0.966239180435338,1,4,FALSE,0,250.09,5,0,NA,4,4,4
"main_M4_S1_r003","main",4,1,3,"adaptive","success",4,1,0.964992055467283,0.964992055467283,1,4,FALSE,0,285.756,1,0,NA,4,8,4
"main_M4_S1_r003","main",4,1,3,"forward","success",4,1,0.964939277103079,0.964939277103079,1,4,FALSE,0,421.068,5,0,NA,4,4,4
"main_M4_S1_r004","main",4,1,4,"adaptive","success",4,1,0.966908854542828,0.966908854542828,1,4,FALSE,0,167.015,1,0,NA,4,8,4
"main_M4_S1_r004","main",4,1,4,"forward","success",4,1,0.966791853242814,0.966791853242814,1,4,FALSE,0,266.576,5,0,NA,4,4,4
"main_M4_S1_r005","main",4,1,5,"adaptive","success",4,1,0.9656868409649,0.9656868409649,1,4,FALSE,0,387.917,1,0,NA,4,8,4
"main_M4_S1_r005","main",4,1,5,"forward","success",4,1,0.965733952599473,0.965733952599473,1,4,FALSE,0,453.253,5,0,NA,4,4,4
"main_M4_S1_r006","main",4,1,6,"adaptive","success",4,1,0.965986622073579,0.965986622073579,1,4,FALSE,0,241.757,1,0,NA,4,8,4
"main_M4_S1_r006","main",4,1,6,"forward","success",4,1,0.965964177379749,0.965964177379749,1,4,FALSE,0,326.258,5,0,NA,4,4,4
"main_M4_S1_r007","main",4,1,7,"adaptive","success",4,1,0.970096556628407,0.970096556628407,1,4,FALSE,0,157.602,1,0,NA,4,8,4
"main_M4_S1_r007","main",4,1,7,"forward","success",4,1,0.970177557528417,0.970177557528417,1,4,FALSE,0,258.022,5,0,NA,4,4,4
"main_M4_S1_r008","main",4,1,8,"adaptive","success",4,1,0.961975021944688,0.961975021944688,1,4,FALSE,0,186.624,1,0,NA,4,8,4
"main_M4_S1_r008","main",4,1,8,"forward","success",4,1,0.962075689729886,0.962075689729886,1,4,FALSE,0,279.474,5,0,NA,4,4,4
"main_M4_S1_r009","main",4,1,9,"adaptive","success",4,1,0.969288103201147,0.969288103201147,1,4,FALSE,0,169.609,1,0,NA,4,8,4
"main_M4_S1_r009","main",4,1,9,"forward","success",4,1,0.969266880743119,0.969266880743119,1,4,FALSE,0,262.466,5,0,NA,4,4,4
"main_M4_S1_r010","main",4,1,10,"adaptive","success",4,1,0.966278403093368,0.966278403093368,1,4,FALSE,0,180.521,1,0,NA,4,8,4
"main_M4_S1_r010","main",4,1,10,"forward","success",4,1,0.966289514327937,0.966289514327937,1,4,FALSE,0,264.294,5,0,NA,4,4,4
"main_M4_S4_r001","main",4,4,1,"adaptive","success",4,1,0.990252780586451,0.990252780586451,1,4,FALSE,0,135.489,1,0,NA,4,8,4
"main_M4_S4_r001","main",4,4,1,"forward","success",4,1,0.990255225058056,0.990255225058056,1,4,FALSE,0,212.575,5,0,NA,4,4,4
"main_M4_S4_r002","main",4,4,2,"adaptive","success",4,1,0.991261125123613,0.991261125123613,1,4,FALSE,0,125.382,1,0,NA,4,8,4
"main_M4_S4_r002","main",4,4,2,"forward","success",4,1,0.991258569539662,0.991258569539662,1,4,FALSE,0,219.235,5,0,NA,4,4,4
"main_M4_S4_r003","main",4,4,3,"adaptive","success",4,1,0.991320681340904,0.991320681340904,1,4,FALSE,0,128.743,1,0,NA,4,8,4
"main_M4_S4_r003","main",4,4,3,"forward","success",4,1,0.991293125479172,0.991293125479172,1,4,FALSE,0,233.127,5,0,NA,4,4,4
"main_M4_S4_r004","main",4,4,4,"adaptive","success",4,1,0.991592239913777,0.991592239913777,1,4,FALSE,0,145.224,1,0,NA,4,8,4
"main_M4_S4_r004","main",4,4,4,"forward","success",4,1,0.991585350948344,0.991585350948344,1,4,FALSE,0,250.876,5,0,NA,4,4,4
"main_M4_S4_r005","main",4,4,5,"adaptive","success",4,1,0.989035767064078,0.989035767064078,1,4,FALSE,0,139.046,1,0,NA,4,8,4
"main_M4_S4_r005","main",4,4,5,"forward","success",4,1,0.989043878265314,0.989043878265314,1,4,FALSE,0,216.244,5,0,NA,4,4,4
"main_M4_S4_r006","main",4,4,6,"adaptive","success",4,1,0.991174457493972,0.991174457493972,1,4,FALSE,0,122.474,1,0,NA,4,8,4
"main_M4_S4_r006","main",4,4,6,"forward","success",4,1,0.991178346426071,0.991178346426071,1,4,FALSE,0,188.345,5,0,NA,4,4,4
"main_M4_S4_r007","main",4,4,7,"adaptive","success",4,1,0.990095223280259,0.990095223280259,1,4,FALSE,0,150.71,1,0,NA,4,8,4
"main_M4_S4_r007","main",4,4,7,"forward","success",4,1,0.990079556439516,0.990079556439516,1,4,FALSE,0,219.372,5,0,NA,4,4,4
"main_M4_S4_r008","main",4,4,8,"adaptive","success",4,1,0.99075789730997,0.99075789730997,1,4,FALSE,0,210.313,1,0,NA,4,8,4
"main_M4_S4_r008","main",4,4,8,"forward","success",4,1,0.990753341703797,0.990753341703797,1,4,FALSE,0,260.808,5,0,NA,4,4,4
"main_M4_S4_r009","main",4,4,9,"adaptive","success",4,1,0.990761452905032,0.990761452905032,1,4,FALSE,0,156.237,1,0,NA,4,8,4
"main_M4_S4_r009","main",4,4,9,"forward","success",4,1,0.990772786364293,0.990772786364293,1,4,FALSE,0,227.481,5,0,NA,4,4,4
"main_M4_S4_r010","main",4,4,10,"adaptive","success",4,1,0.990180002000022,0.990180002000022,1,4,FALSE,0,171.145,1,0,NA,4,8,4
"main_M4_S4_r010","main",4,4,10,"forward","success",4,1,0.990163890709897,0.990163890709897,1,4,FALSE,0,258.189,5,0,NA,4,4,4
"main_M4_S16_r001","main",4,16,1,"adaptive","success",4,1,0.99706152290581,0.99706152290581,1,4,FALSE,0,148.656,1,0,NA,4,8,4
"main_M4_S16_r001","main",4,16,1,"forward","success",4,1,0.997068300758897,0.997068300758897,1,4,FALSE,0,201.554,5,0,NA,4,4,4
"main_M4_S16_r002","main",4,16,2,"adaptive","success",4,1,0.997277747530528,0.997277747530528,1,4,FALSE,0,116.184,1,0,NA,4,8,4
"main_M4_S16_r002","main",4,16,2,"forward","success",4,1,0.997272414137935,0.997272414137935,1,4,FALSE,0,148.485,5,0,NA,4,4,4
"main_M4_S16_r003","main",4,16,3,"adaptive","success",4,1,0.99740152668363,0.99740152668363,1,4,FALSE,0,121.663,1,0,NA,4,8,4
"main_M4_S16_r003","main",4,16,3,"forward","success",4,1,0.997389859887332,0.997389859887332,1,4,FALSE,0,180.049,5,0,NA,4,4,4
"main_M4_S16_r004","main",4,16,4,"adaptive","success",4,1,0.997380970899677,0.997380970899677,1,4,FALSE,0,114.498,1,0,NA,4,8,4
"main_M4_S16_r004","main",4,16,4,"forward","success",4,1,0.997381859798442,0.997381859798442,1,4,FALSE,0,189.54,5,0,NA,4,4,4
"main_M4_S16_r005","main",4,16,5,"adaptive","success",4,1,0.997532750363893,0.997532750363893,1,4,FALSE,0,131.053,1,0,NA,4,8,4
"main_M4_S16_r005","main",4,16,5,"forward","success",4,1,0.997538194868832,0.997538194868832,1,4,FALSE,0,123.129,5,0,NA,4,4,4
"main_M4_S16_r006","main",4,16,6,"adaptive","success",4,1,0.997756530628118,0.997756530628118,1,4,FALSE,0,91.2,1,0,NA,4,8,4
"main_M4_S16_r006","main",4,16,6,"forward","success",4,1,0.997760641784909,0.997760641784909,1,4,FALSE,0,126.579,5,0,NA,4,4,4
"main_M4_S16_r007","main",4,16,7,"adaptive","success",4,1,0.997531417015745,0.997531417015745,1,4,FALSE,0,132.843,1,0,NA,4,8,4
"main_M4_S16_r007","main",4,16,7,"forward","success",4,1,0.997534972610807,0.997534972610807,1,4,FALSE,0,183.852,5,0,NA,4,4,4
"main_M4_S16_r008","main",4,16,8,"adaptive","success",4,1,0.997448749430549,0.997448749430549,1,4,FALSE,0,102.421,1,0,NA,4,8,4
"main_M4_S16_r008","main",4,16,8,"forward","success",4,1,0.997439415993511,0.997439415993511,1,4,FALSE,0,137.302,5,0,NA,4,4,4
"main_M4_S16_r009","main",4,16,9,"adaptive","success",4,1,0.997399304436716,0.997399304436716,1,4,FALSE,0,123.362,1,0,NA,4,8,4
"main_M4_S16_r009","main",4,16,9,"forward","success",4,1,0.997402193357704,0.997402193357704,1,4,FALSE,0,144.735,5,0,NA,4,4,4
"main_M4_S16_r010","main",4,16,10,"adaptive","success",4,1,0.997531750352782,0.997531750352782,1,4,FALSE,0,132.484,1,0,NA,4,8,4
"main_M4_S16_r010","main",4,16,10,"forward","success",4,1,0.997536083734264,0.997536083734264,1,4,FALSE,0,182.345,5,0,NA,4,4,4
"main_M5_S1_r001","main",5,1,1,"adaptive","success",5,1,0.958401848909432,0.958401848909432,1,5,FALSE,0,330.045,1,0,NA,5,8,5
"main_M5_S1_r001","main",5,1,1,"forward","success",5,1,0.958375004166713,0.958375004166713,1,5,FALSE,0,618.183,6,0,NA,5,5,5
"main_M5_S1_r002","main",5,1,2,"adaptive","success",5,1,0.959795197724419,0.959795197724419,1,5,FALSE,0,186.21,1,0,NA,5,8,5
"main_M5_S1_r002","main",5,1,2,"forward","success",5,1,0.959780530894788,0.959780530894788,1,5,FALSE,0,362.359,6,0,NA,5,5,5
"main_M5_S1_r003","main",5,1,3,"adaptive","success",5,1,0.956674896387738,0.956674896387738,1,5,FALSE,0,170.441,1,0,NA,5,8,5
"main_M5_S1_r003","main",5,1,3,"forward","success",5,1,0.956758452871699,0.956758452871699,1,5,FALSE,0,444.337,6,0,NA,5,5,5
"main_M5_S1_r004","main",5,1,4,"adaptive","success",5,1,0.958884254269492,0.958884254269492,1,5,FALSE,0,478.639,1,0,NA,5,8,5
"main_M5_S1_r004","main",5,1,4,"forward","success",5,1,0.958849053878376,0.958849053878376,1,5,FALSE,0,743.583,6,0,NA,5,5,5
"main_M5_S1_r005","main",5,1,5,"adaptive","success",5,1,0.960605606728964,0.960605606728964,1,5,FALSE,0,178.477,1,0,NA,5,8,5
"main_M5_S1_r005","main",5,1,5,"forward","success",5,1,0.960597517750197,0.960597517750197,1,5,FALSE,0,402.766,6,0,NA,5,5,5
"main_M5_S1_r006","main",5,1,6,"adaptive","success",5,1,0.960899298881099,0.960899298881099,1,5,FALSE,0,262.301,1,0,NA,5,8,5
"main_M5_S1_r006","main",5,1,6,"forward","success",5,1,0.961001966688519,0.961001966688519,1,5,FALSE,0,507.771,6,0,NA,5,5,5
"main_M5_S1_r007","main",5,1,7,"adaptive","success",5,1,0.960010666785187,0.960010666785187,1,5,FALSE,0,210.549,1,0,NA,5,8,5
"main_M5_S1_r007","main",5,1,7,"forward","success",5,1,0.959967732974811,0.959967732974811,1,5,FALSE,0,434.882,6,0,NA,5,5,5
"main_M5_S1_r008","main",5,1,8,"adaptive","success",5,1,0.957602106690074,0.957602106690074,1,5,FALSE,0,189.157,1,0,NA,5,8,5
"main_M5_S1_r008","main",5,1,8,"forward","success",5,1,0.957567706307848,0.957567706307848,1,5,FALSE,0,409.049,6,0,NA,5,5,5
"main_M5_S1_r009","main",5,1,9,"adaptive","success",5,1,0.956751163901821,0.956751163901821,1,5,FALSE,0,259.297,1,0,NA,5,8,5
"main_M5_S1_r009","main",5,1,9,"forward","success",5,1,0.956773830820343,0.956773830820343,1,5,FALSE,0,530.012,6,0,NA,5,5,5
"main_M5_S1_r010","main",5,1,10,"adaptive","success",5,1,0.959479994222158,0.959479994222158,1,5,FALSE,0,206.598,1,0,NA,5,8,5
"main_M5_S1_r010","main",5,1,10,"forward","success",5,1,0.959525950288337,0.959525950288337,1,5,FALSE,0,409.645,6,0,NA,5,5,5
"main_M5_S4_r001","main",5,4,1,"adaptive","success",5,1,0.989210546783853,0.989210546783853,1,5,FALSE,0,126.007,1,0,NA,5,8,5
"main_M5_S4_r001","main",5,4,1,"forward","success",5,1,0.989203968932988,0.989203968932988,1,5,FALSE,0,259.751,6,0,NA,5,5,5
"main_M5_S4_r002","main",5,4,2,"adaptive","success",6,0.938090241343127,0.987047678307537,0.987047678307537,1,6,FALSE,0,140.404,1,0,NA,6,8,6
"main_M5_S4_r002","main",5,4,2,"forward","success",5,1,0.988008222313581,0.988008222313581,1,5,FALSE,0,305.788,6,0,NA,5,5,5
"main_M5_S4_r003","main",5,4,3,"adaptive","success",5,1,0.987518350203891,0.987518350203891,1,5,FALSE,0,125.951,1,0,NA,5,8,5
"main_M5_S4_r003","main",5,4,3,"forward","success",5,1,0.987543417149079,0.987543417149079,1,5,FALSE,0,271.416,6,0,NA,5,5,5
"main_M5_S4_r004","main",5,4,4,"adaptive","success",5,1,0.987989377659752,0.987989377659752,1,5,FALSE,0,143.458,1,0,NA,5,8,5
"main_M5_S4_r004","main",5,4,4,"forward","success",5,1,0.987999511105679,0.987999511105679,1,5,FALSE,0,316.509,6,0,NA,5,5,5
"main_M5_S4_r005","main",5,4,5,"adaptive","success",5,1,0.989246458293981,0.989246458293981,1,5,FALSE,0,156.352,1,0,NA,5,8,5
"main_M5_S4_r005","main",5,4,5,"forward","success",5,1,0.989252502805587,0.989252502805587,1,5,FALSE,0,364.211,6,0,NA,5,5,5
"main_M5_S4_r006","main",5,4,6,"adaptive","success",5,1,0.988437471527461,0.988437471527461,1,5,FALSE,0,127.703,1,0,NA,5,8,5
"main_M5_S4_r006","main",5,4,6,"forward","success",5,1,0.988439782664252,0.988439782664252,1,5,FALSE,0,300.091,6,0,NA,5,5,5
"main_M5_S4_r007","main",5,4,7,"adaptive","success",5,1,0.987872665251836,0.987872665251836,1,5,FALSE,0,223.007,1,0,NA,5,8,5
"main_M5_S4_r007","main",5,4,7,"forward","success",5,1,0.987839775997511,0.987839775997511,1,5,FALSE,0,397.033,6,0,NA,5,5,5
"main_M5_S4_r008","main",5,4,8,"adaptive","success",5,1,0.988152757252858,0.988152757252858,1,5,FALSE,0,150.023,1,0,NA,5,8,5
"main_M5_S4_r008","main",5,4,8,"forward","success",5,1,0.988168401871132,0.988168401871132,1,5,FALSE,0,375.93,6,0,NA,5,5,5
"main_M5_S4_r009","main",5,4,9,"adaptive","success",5,1,0.988482094245492,0.988482094245492,1,5,FALSE,0,194.911,1,0,NA,5,8,5
"main_M5_S4_r009","main",5,4,9,"forward","success",5,1,0.988490716563517,0.988490716563517,1,5,FALSE,0,348.223,6,0,NA,5,5,5
"main_M5_S4_r010","main",5,4,10,"adaptive","success",5,1,0.988407248969433,0.988407248969433,1,5,FALSE,0,147.215,1,0,NA,5,8,5
"main_M5_S4_r010","main",5,4,10,"forward","success",5,1,0.98835675951955,0.98835675951955,1,5,FALSE,0,284.461,6,0,NA,5,5,5
"main_M5_S16_r001","main",5,16,1,"adaptive","success",5,1,0.99630155890621,0.99630155890621,1,5,FALSE,0,163.013,1,0,NA,5,8,5
"main_M5_S16_r001","main",5,16,1,"forward","success",5,1,0.996315425726953,0.996315425726953,1,5,FALSE,0,342.673,6,0,NA,5,5,5
"main_M5_S16_r002","main",5,16,2,"adaptive","success",5,1,0.996871876354182,0.996871876354182,1,5,FALSE,0,150.571,1,0,NA,5,8,5
"main_M5_S16_r002","main",5,16,2,"forward","success",5,1,0.996848764986278,0.996848764986278,1,5,FALSE,0,314.183,6,0,NA,5,5,5
"main_M5_S16_r003","main",5,16,3,"adaptive","success",5,1,0.996325114723497,0.996325114723497,1,5,FALSE,0,233.351,1,0,NA,5,8,5
"main_M5_S16_r003","main",5,16,3,"forward","success",5,1,0.996328936988189,0.996328936988189,1,5,FALSE,0,454.984,6,0,NA,5,5,5
"main_M5_S16_r004","main",5,16,4,"adaptive","success",5,1,0.996107245636063,0.996107245636063,1,5,FALSE,0,174.787,1,0,NA,5,8,5
"main_M5_S16_r004","main",5,16,4,"forward","success",5,1,0.996117290192113,0.996117290192113,1,5,FALSE,0,299.242,6,0,NA,5,5,5
"main_M5_S16_r005","main",5,16,5,"adaptive","success",5,1,0.996769386326515,0.996769386326515,1,5,FALSE,0,140.438,1,0,NA,5,8,5
"main_M5_S16_r005","main",5,16,5,"forward","success",5,1,0.996801831131457,0.996801831131457,1,5,FALSE,0,321.914,6,0,NA,5,5,5
"main_M5_S16_r006","main",5,16,6,"adaptive","success",5,1,0.996550628340315,0.996550628340315,1,5,FALSE,0,129.839,1,0,NA,5,8,5
"main_M5_S16_r006","main",5,16,6,"forward","success",5,1,0.996536139290437,0.996536139290437,1,5,FALSE,0,296.608,6,0,NA,5,5,5
"main_M5_S16_r007","main",5,16,7,"adaptive","success",5,1,0.996580228669207,0.996580228669207,1,5,FALSE,0,129.719,1,0,NA,5,8,5
"main_M5_S16_r007","main",5,16,7,"forward","success",5,1,0.996590095445505,0.996590095445505,1,5,FALSE,0,226.042,6,0,NA,5,5,5
"main_M5_S16_r008","main",5,16,8,"adaptive","success",5,1,0.996977566417405,0.996977566417405,1,5,FALSE,0,157.463,1,0,NA,5,8,5
"main_M5_S16_r008","main",5,16,8,"forward","success",5,1,0.996974277491972,0.996974277491972,1,5,FALSE,0,201.442,6,0,NA,5,5,5
"main_M5_S16_r009","main",5,16,9,"adaptive","success",5,1,0.996703430038112,0.996703430038112,1,5,FALSE,0,156.299,1,0,NA,5,8,5
"main_M5_S16_r009","main",5,16,9,"forward","success",5,1,0.996700674451938,0.996700674451938,1,5,FALSE,0,283.055,6,0,NA,5,5,5
"main_M5_S16_r010","main",5,16,10,"adaptive","success",5,1,0.996871520794676,0.996871520794676,1,5,FALSE,0,113.123,1,0,NA,5,8,5
"main_M5_S16_r010","main",5,16,10,"forward","success",5,1,0.996868765208502,0.996868765208502,1,5,FALSE,0,306.791,6,0,NA,5,5,5
