"id","true_M","snr","replicate","same_latent_positions","same_feature_groups","same_monotone_anchors","maximum_noise_difference","baseline_input_hash","smooth_input_hash"
"main_M3_S1_r001",3,1,1,TRUE,TRUE,TRUE,4.44089209850063e-16,"2c47a42b87f6478d8e02eaf6de2a63f89f08512fef0b9112bbc1237dff323748","735858e6582ccb7b041d8ba516bcb1aec9b1845e1f041d95f37c0cf452c9c998"
"main_M3_S1_r002",3,1,2,TRUE,TRUE,TRUE,4.44089209850063e-16,"f8208531519f639319769e1c4f94d137aeb1fe5ce785510ed162c62eff085da4","eec93e416a718f86d1c7a07a8cb6843e2e394003c4391ade856af2717da847fb"
"main_M3_S1_r003",3,1,3,TRUE,TRUE,TRUE,4.44089209850063e-16,"e3fee79240f3ff0f8aa02a2aa8ebeb05f906a898a0fa8cfec2c390fce4f064ca","5854970c1aac1ac999a4e916463b73abab991e0f4c5f8ad566a24e20b062eb2c"
"main_M3_S1_r004",3,1,4,TRUE,TRUE,TRUE,4.44089209850063e-16,"ce5618efd5370e4df41cf281d104559c089d515c52b8a8e05c4102b69b98d003","fdaa9b2df0105d2bfd5d9c0477771ad1be929c4eddc3f308aced2a3888487b56"
"main_M3_S1_r005",3,1,5,TRUE,TRUE,TRUE,4.44089209850063e-16,"df55ad0b5a803f56cd468af16a4725343d5ec766635f67985f042895f213ff49","0344ca8d58d42ca5491bb5c39ef7fe04e2035be65b598bce88b642801c51d4fa"
"main_M3_S1_r006",3,1,6,TRUE,TRUE,TRUE,4.44089209850063e-16,"6b23fb36a8711f6d501974aaf6bd1b05bf7b636162ec1becd997fb97bb16d05a","33a1ba830221451a4919eccde309ace677c5cbf8aef4d2bbe4c7d8dd820e0914"
"main_M3_S1_r007",3,1,7,TRUE,TRUE,TRUE,4.44089209850063e-16,"76a1ef504b7208cd058f02d19ead15dd380694f26cae2587805ecdc5fd1f346d","44f722288b37d7a45e9cc4d581b98f88483b5a7935e8e3993ea60409ccf8f6f6"
"main_M3_S1_r008",3,1,8,TRUE,TRUE,TRUE,4.44089209850063e-16,"fe4f906f1f1c300760e1ab6c39cbe264de7cdd23fdecffac7f7b06f235eac283","6ba6fa0c1458a85a9ad725f3d57d90e304c27d5ef94ff412f789a5dd3931bd8b"
"main_M3_S1_r009",3,1,9,TRUE,TRUE,TRUE,4.44089209850063e-16,"47f954f64d68d29c66d6fed319dbbec79760196f1693bd7482f0f592f155076d","1b202af6bda2eb95e504de5f706f1f1ae63192150c7f03078bf90f7e89b85858"
"main_M3_S1_r010",3,1,10,TRUE,TRUE,TRUE,4.44089209850063e-16,"a177ad0fc61ca26b4ae32376f4f5308425d9b4a9be9334f077de5e9922718230","9c90d35e100b2d7b8d6950c219181c66c6434035d3600475ff5ba1bdf22963a9"
"main_M3_S4_r001",3,4,1,TRUE,TRUE,TRUE,2.22044604925031e-16,"1dc540b88551dec8aea30d6a7d9148661b3c99d769550fb9f1ae8c7de8963bd2","562bd6e499bd40ace233639a2fe5cde50b06a757dc92442fef5c797b8125475d"
"main_M3_S4_r002",3,4,2,TRUE,TRUE,TRUE,2.22044604925031e-16,"792532fab7913a70d4dbb95789ca069b4428119da12a0421b8df47a6e2743ae6","063e89ffc5165776a7329677273d8ba2b6e3bb8a53173256dc2e1d30a31bcb25"
"main_M3_S4_r003",3,4,3,TRUE,TRUE,TRUE,2.22044604925031e-16,"a24611848a2ffe71d75280820ab08692bf495e9fa38dbebcd8e3c9ec48f1eaf1","969fa3601c48cba5c250030da9b2c5e750a6453b4971505cd5e9bd0de7f1667b"
"main_M3_S4_r004",3,4,4,TRUE,TRUE,TRUE,2.22044604925031e-16,"0921b4f3e06287da65d142dfb92a6603c9868f6453f8b5ae49b756064bd6c56d","f8259e3fdab5d0f8ef6e99174496abf83614650e38896b66d1551518b7e3e81b"
"main_M3_S4_r005",3,4,5,TRUE,TRUE,TRUE,2.22044604925031e-16,"dc1fba1f019adbb0ec412ce3fb49edec4de92ea03dcfe3acddcc3d8a85b3059a","d909b3dc5d8c115b09d95624627e40dce2a367358f31809e77e5d9175f1cfe8b"
"main_M3_S4_r006",3,4,6,TRUE,TRUE,TRUE,2.22044604925031e-16,"21d384616c4f51452871905989ec1478ddeb222256972d0d9f4ae5a4778d82cc","c46598a67fab4f6c0d06a8c18f146122ff0994cfeb5e74ca0bb86063885e2fca"
"main_M3_S4_r007",3,4,7,TRUE,TRUE,TRUE,2.22044604925031e-16,"842134e98f79adc37d2dce7695b2dc3370101763220f91e76f89bc2df7475a7f","19ee02ca3f0ccbdee76bca43270de977198f3c3dab04ab991e00d24394be7ad4"
"main_M3_S4_r008",3,4,8,TRUE,TRUE,TRUE,2.22044604925031e-16,"44e595a1d3eac622afe2fbc02016634d5e0d230ecdfcf6a6c8b1e7a063cf7f37","bb6be830ce169688018e1854587a9748227fbae11de82bb24ae69c4f09ea690c"
"main_M3_S4_r009",3,4,9,TRUE,TRUE,TRUE,2.22044604925031e-16,"1e3ed391b0caca9f9cd1de423d6bd70139adbbd71ff64b9d7dd09172eb0d59a3","fbb71c2df63b218b26f04cd2a2c8248c8df22baa2e08aacc37b7d64483f473c5"
"main_M3_S4_r010",3,4,10,TRUE,TRUE,TRUE,2.22044604925031e-16,"18b20e5003a895290e3421eeb4d6fdd290397b16e84e2622efb8fb70a78d0991","37c44b70f316bca44eb1d63c27ec4d96d2a627a25bec00597ce23febe3aa722a"
"main_M3_S16_r001",3,16,1,TRUE,TRUE,TRUE,2.22044604925031e-16,"cf40feb7149074b565515e4c2a1236abe31e070a401e96424eb238b6702c41c1","e98c5d3568fd7072e8877a886c9a473b980046c3045268e5b98416e8a61d9fbb"
"main_M3_S16_r002",3,16,2,TRUE,TRUE,TRUE,2.22044604925031e-16,"514f643178dc8c58129eb9ef3fcbd6d91e75dacfbc961a1befd3dc5d331e570a","59da30567c339cf221eafffdd651f2348e29b458e30ea19c1d3e458ac14aeeb6"
"main_M3_S16_r003",3,16,3,TRUE,TRUE,TRUE,2.22044604925031e-16,"75e41d80a22938983b2924c83c0fdd8128d7f824cb5225fc6881e540cc1cc85c","244bccf009ce5b4e879bb8782af3c18729455aa6e31e35abb5cc44e20be814e1"
"main_M3_S16_r004",3,16,4,TRUE,TRUE,TRUE,2.22044604925031e-16,"6d8309c5cfc53ab6d1c1c0b57fd0472ffeacdf8578a1699828db26fd3b243314","c1a65c6bdd3ce95c99ce53545d1d7de1f487b64ae0a781421ebf1b35920e8d65"
"main_M3_S16_r005",3,16,5,TRUE,TRUE,TRUE,2.22044604925031e-16,"0e9dd3aa0430e54fa3fc35493417c516f6295fb85d1176028a9c76670e9bceb1","97b69d5d3a6a657358705ba1d34d53173f4732399452b222ab0c3b222a050e16"
"main_M3_S16_r006",3,16,6,TRUE,TRUE,TRUE,2.22044604925031e-16,"f9846613a70461fd7850a5ee8d9a3bd43ca087b65e3f83337f65553459db2ed4","30105a66158c2fca5beef07ea72a96fb0e4020e13e93500d02277f425d3db61a"
"main_M3_S16_r007",3,16,7,TRUE,TRUE,TRUE,2.22044604925031e-16,"f5b0290708d6d665c0e93f01e45eb8154d62712c18c44ff8eed8bab0a4cac737","f72be33a7195a31d36d0c14702b50b0c608b601d05073e1efd06cf2bc70b283d"
"main_M3_S16_r008",3,16,8,TRUE,TRUE,TRUE,2.22044604925031e-16,"d96d32502cf3369b8d8047d407708e5b4799918f53b4aef5398046df3c66fcd1","721c4c09a29e59fb0b62a99c956bdb304bc3a87246ca65c3c8e959e0a4731692"
"main_M3_S16_r009",3,16,9,TRUE,TRUE,TRUE,2.22044604925031e-16,"880a72e20e84175cd45c61f0406a1de12f95d45f622547a7c6ea189af9a5daaa","7116cc7d69e09b7496ca06c8a46b810e1c80052dc3b9c9c5e4229e4edf2f96df"
"main_M3_S16_r010",3,16,10,TRUE,TRUE,TRUE,2.22044604925031e-16,"58cbb2d21b3bb94d22567b50ec1d2e315e54938cd5e4e771cca0c0b3ad56083b","39735ec9260dd10946f8277f1ca6ca50263908f34a6e75779efb1f13e72cca61"
"main_M4_S1_r001",4,1,1,TRUE,TRUE,TRUE,4.44089209850063e-16,"cb490c8c7db496be71ec81aa1ccd49dc078a480cc848b2f383baefd218351758","0f77463e0511de7e94f44da63e455c087fec6ddb3bd83da903dd756da26ee7ca"
"main_M4_S1_r002",4,1,2,TRUE,TRUE,TRUE,4.44089209850063e-16,"a9e907576fed00d8aada689e17c02c776fe036a4963bc68e4035920051ed5774","cd291d86048a73a2c5bc1ba8cad7b9af9ca9f53684a8c4166d8bc30c8d01f8d1"
"main_M4_S1_r003",4,1,3,TRUE,TRUE,TRUE,4.44089209850063e-16,"874a44f284837e4c869bb5ffb9a82e0772761c9763ee24d97a6b1a52b95ec9ce","6eff9d5ad8308acfe815b2552657ad2fa382a01625305af4e2fc8e5209c4a0ec"
"main_M4_S1_r004",4,1,4,TRUE,TRUE,TRUE,4.44089209850063e-16,"5d822d457ee2e6db540e500103354838e29f876ab23ddf9a36430eab18c0d6b8","0680736af299d3a2fb66711967f0968cf24ef4ed2be5e039284ccf2c367a94d9"
"main_M4_S1_r005",4,1,5,TRUE,TRUE,TRUE,4.44089209850063e-16,"b636162de67894f632d8be3c9d4de1f4cf9be010ba4983627431866931280c57","c16292613e7df1d07366fb2bd86599ebf31e28c29eae824a5a1337ce1b072244"
"main_M4_S1_r006",4,1,6,TRUE,TRUE,TRUE,4.44089209850063e-16,"7c3ab295e0a2de8ba57109976f5b0f56b3a5d78992e9183ed66c6b8f830dc37e","75146aac5246c41b72b9b3bc79653395e464b099f04f5546be1de3a114d2f103"
"main_M4_S1_r007",4,1,7,TRUE,TRUE,TRUE,4.44089209850063e-16,"2e2d90ad39f7341b4fdd823b47bbabfe8c066538ad607cbca79938596d35cd16","9bbde634e142116a446a6cb9d0d6bf611895594161b87df0c21ba8a1cf2515df"
"main_M4_S1_r008",4,1,8,TRUE,TRUE,TRUE,4.44089209850063e-16,"2437e53002b9ab260f6215b60168ad37861c834ce46038cddb54184ddb495d10","1638f35f7ffd8b34c0104cd70331cd49249a13b28e057866051c518d67d0c0a2"
"main_M4_S1_r009",4,1,9,TRUE,TRUE,TRUE,4.44089209850063e-16,"44bcf0268ed7a50854b665d71f1dbd33ac0b00fdc9d98f05e37f164dc499b4a5","fdc73fb0620b1ffacd9502e7473892584a49be5eb243cdf66f90bb01a8e3cfc4"
"main_M4_S1_r010",4,1,10,TRUE,TRUE,TRUE,4.44089209850063e-16,"556b64b4fc5d04306bbfd51d8fcbfe0592baff8c60a5ef8b162129b74f92a642","79f6c297fdc3d5c3da5526c292f8eb4ea3cea581e3d85ec41ffff471d2bfa7c7"
"main_M4_S4_r001",4,4,1,TRUE,TRUE,TRUE,2.22044604925031e-16,"578fa54ee5d24280144a2141b4b907382acd2d4904d147703c425b95db085887","7eb3b5ae5ba9cca325e469789c1c9c22a13e354f2f5a592579a4e2a161f2d395"
"main_M4_S4_r002",4,4,2,TRUE,TRUE,TRUE,2.22044604925031e-16,"179e353c3f9a5b1c0cc802080031a2de26353890c20b61ab0ef874b04dc6efe9","1f8d63129702d8d3f67da27e537ef5c17e9be9e2483df1d55e5df473eb6c3f35"
"main_M4_S4_r003",4,4,3,TRUE,TRUE,TRUE,2.22044604925031e-16,"a8720f8669960be4f750562f8a696c6ed670eac8e6fe4db9220885f7344e4d6e","c8e4251328084783ec8e49f08fce62924ab89d9dc56757ea7780fb0461014d22"
"main_M4_S4_r004",4,4,4,TRUE,TRUE,TRUE,2.22044604925031e-16,"05cf51e241e963d0dfa37c1dd5daccfcfa4ccc8943f5654ddddde029411b7a96","0870d61b701a1b5a0a654dceeb43cfefe56b01907cc957626b2c56a3f9d50e37"
"main_M4_S4_r005",4,4,5,TRUE,TRUE,TRUE,2.22044604925031e-16,"e4e8731ab0af51354ff76bcd71e3a91d603b1f2a65153f5aece3c655ef576e20","5223cd110d516e0a7f774612f1be0531d06bc698cc161c572ae7231fad80acb0"
"main_M4_S4_r006",4,4,6,TRUE,TRUE,TRUE,2.22044604925031e-16,"a57f495a809327b7f28bcea5fd9ac4f96cf58020b091d89567e36550ee19f1d9","cb39f10bbc61b87985a81604a5201f47a82012d9d513fdb0c591f0c799479597"
"main_M4_S4_r007",4,4,7,TRUE,TRUE,TRUE,2.22044604925031e-16,"4427c28229b2b0be81dd129d84c283769bbcb0f854907089a5217e4df4d99306","4f58188a1cfc60d93800d9ba7ef790af130f1af6a667931e6a6d333af59b4589"
"main_M4_S4_r008",4,4,8,TRUE,TRUE,TRUE,2.22044604925031e-16,"01e077bea9b7ae22ef17166738f4a03cd0d237fb0ec39eaf5d49f2664421d2fc","ad5c6eee4a568059bec720f8c3bbb0ab10c21dd72741be408c846c0323ea5343"
"main_M4_S4_r009",4,4,9,TRUE,TRUE,TRUE,2.22044604925031e-16,"6ad5ca77aff25d4282db5ee7d8b519b275c7759be4bda7a4395e42b831d6d4b8","7d23ea874cd8d32b4cf890b32f3a649eac40284f4965a57c786a037abf65810e"
"main_M4_S4_r010",4,4,10,TRUE,TRUE,TRUE,2.22044604925031e-16,"211295a81df6a61ef554639a787a6f2fb893c6980eb0628656c71baf2cd2cddd","9d4fab065c16ce67b1b96dd54ca5be4d92e2c0d36bb6766d7c82d59fb1bef699"
"main_M4_S16_r001",4,16,1,TRUE,TRUE,TRUE,2.22044604925031e-16,"ecc90368c12d9747d1436f5cc0a6bd1545816b778044303ace095a193b3de354","3dec3df0962c6ae7556d5954417fe359e06003fe74a5d1e7a1fb6d05234abadd"
"main_M4_S16_r002",4,16,2,TRUE,TRUE,TRUE,2.22044604925031e-16,"6dc9300772738b68f9ab95c512d8ec489728af872273f164f3037118b481bbb3","e20dcdf37578f91946a928e5aa63fa4d0514baf83cd4043c0b5f29dfca619769"
"main_M4_S16_r003",4,16,3,TRUE,TRUE,TRUE,2.22044604925031e-16,"a427c0861cea8a45de081fd39fbeddff4666a140c3a2243d881906a99be020df","064974d6a7f7ab85d4b6e08a39c3caada53fe985898a41a4f1f7a13935dfe8d3"
"main_M4_S16_r004",4,16,4,TRUE,TRUE,TRUE,2.22044604925031e-16,"76d04dd599335aeeed7db5ecc3e3b6dac7751081d5ba16e7a32762ed525abe0e","f3cd53b2398668f4640fb84b30f2dbf2871d619a42c73cf7cf0b486fd9ec2a82"
"main_M4_S16_r005",4,16,5,TRUE,TRUE,TRUE,2.22044604925031e-16,"b3b0ba00a8835f41a05a269dcebca34fcc093ee1c8534ab9fa6a2c8f966a9659","7bcbabcaaee9d60e4f4f44657922d3a2324555c493507d66cf4b8e45464ee20f"
"main_M4_S16_r006",4,16,6,TRUE,TRUE,TRUE,2.22044604925031e-16,"b1dc8022961abdfaedb879682f3dea129833d0594e6e86fd24f603be7fd01d52","909745e6f8ae37b054d9fb1cefdc04fe3b4e55953986095b165b0e6fc127a99f"
"main_M4_S16_r007",4,16,7,TRUE,TRUE,TRUE,2.22044604925031e-16,"625cb6d2f963578f441601931d9a8110fb5531e96a1e7a8ea6dcf135e02b69a0","49a56d1481d7ad94ffc65c45394ab08c5d4e19953f8bfe1fc5348a66e3211431"
"main_M4_S16_r008",4,16,8,TRUE,TRUE,TRUE,2.22044604925031e-16,"29fda5003092aa38af2a9811a07b63d0cc7388c397a233a4d26238a164964ae6","5c43a771cd0005e395492ba1e93ee009bb1b0b30aab1122f35b63734c5928ff0"
"main_M4_S16_r009",4,16,9,TRUE,TRUE,TRUE,2.22044604925031e-16,"e7dc3d5a01acf6864af27b9bdafd9f624ff629157c3f29e05ef929854c35f86a","d9a6821f0360245f8668cc6ce99ad612b4ac758adcac3af072213b14b2a0932e"
"main_M4_S16_r010",4,16,10,TRUE,TRUE,TRUE,2.22044604925031e-16,"352a55982a528612226459ad88de9a6151ac10427f338f8a79810e12d0e5775a","c97ff8db74e48a6affba54f609a61904f5ffdf49a2c83701cb9ff8a3c53a8875"
"main_M5_S1_r001",5,1,1,TRUE,TRUE,TRUE,4.44089209850063e-16,"10d3e7cac2affbc2b3629895b0b9994b34010110bd54a1314d46d8f63d769867","3627e18b28e002478ad15294d546f5ed0c788a52a18dc15713a9d8f82e377409"
"main_M5_S1_r002",5,1,2,TRUE,TRUE,TRUE,4.44089209850063e-16,"ee720f73e977be270f76f1f6f43d3e8b3226300a508209a6867c5dabae8fbd1e","bd06c8db226ede62f5cce6bc7c720ecff094ead6073c44faa7a532def11fa6ba"
"main_M5_S1_r003",5,1,3,TRUE,TRUE,TRUE,4.44089209850063e-16,"efa860d5d9fad2162fd94e66a7eb1f98657602215dace9216c296a87e4c5a6cf","9f6ea6608134492a23304d541133f08aadc7d1e53ee7bd6f8ecb2f7cc463273c"
"main_M5_S1_r004",5,1,4,TRUE,TRUE,TRUE,4.44089209850063e-16,"95c72a196839c9596df2f41f7a0d5300cb64dbbee1edc2f45f65cc41ca57f200","dd1515e6fad1ceac1cd4c3ed11758e2742b89fe4c88df0dff4e8fbd137fd8e42"
"main_M5_S1_r005",5,1,5,TRUE,TRUE,TRUE,4.44089209850063e-16,"4f7dbcedc5193581381038da50b3c432fb9993e141c50dcddc39448b20ce5eda","e3642898c1628ed86507085a1abd9a61ecc6a6a97f2b154fc2a9b953f19ee356"
"main_M5_S1_r006",5,1,6,TRUE,TRUE,TRUE,4.44089209850063e-16,"f0c3d1a55e6eee917fb190bc2f2538bad8b05bca4e5bf47aed03612c3ec03b72","2f4049009036b92834a8f3bf09aae66308b61283f2651cab8946da48fcee1d77"
"main_M5_S1_r007",5,1,7,TRUE,TRUE,TRUE,4.44089209850063e-16,"baf766515705a3e6e5dcb6943747d4574a6df18a5ceede255dbf23cb673913bf","49806d2e1982ec14ab4cf5e92c90e8bb9624f32ba9b445791c867a91a899c18d"
"main_M5_S1_r008",5,1,8,TRUE,TRUE,TRUE,4.44089209850063e-16,"dddc4ef251a686c56bba8eb5720145eb31b3d7e94f726100c6af1df4b2c8242b","01dd2d8e13897a8a66c7ce5dbb9f3acecdb16702ff8a27ba41ba2624488fd650"
"main_M5_S1_r009",5,1,9,TRUE,TRUE,TRUE,4.44089209850063e-16,"dc947a6be6a31ab098a5c18e7fbeb9748a7fca6d4413f87c66226b6ea4386953","bfd3386db17b9d492ee77e0edc9a06788d75f8706798fb773280f96e16b9a820"
"main_M5_S1_r010",5,1,10,TRUE,TRUE,TRUE,4.44089209850063e-16,"819b715f857b54a504ba269356653c525963042caba1f32a97941da52a162260","16b59e606b631e368ffc9a763848ff925a55df23580209e12e237be598d589ef"
"main_M5_S4_r001",5,4,1,TRUE,TRUE,TRUE,2.22044604925031e-16,"a6f5b6de8e07a2e3f4ec975ebbc7a8d4001d6dc47f50ea002c70801e1a26e66f","da0a024d17bd05c877bd0ee49700f8b76695f85715f6b129b07a16c5e8cd59c6"
"main_M5_S4_r002",5,4,2,TRUE,TRUE,TRUE,2.22044604925031e-16,"3e61477a75952801b11274175db6b5dc8ff044a6d2c68faac29602fb05a7d6c3","08058c747cf6c9df4312c436efadc291c64bb256f30d3328787cf23004ff2ef4"
"main_M5_S4_r003",5,4,3,TRUE,TRUE,TRUE,2.22044604925031e-16,"c090179c21f092e72dd215906caaf57bbe005c785caa062ba5661fa4060300a9","01430b1a76ca08e92d3f17abbd10144899031df7bf6445c183e7c22681da37f1"
"main_M5_S4_r004",5,4,4,TRUE,TRUE,TRUE,2.22044604925031e-16,"0c979585ac900bcbfd976439e695b5c1df786e05043822d4f9ef14d1cf9ada86","111ce9d1e2712fba94c6f0d7e8deed8a77bb59aa593b72f175f3e6d5020d266f"
"main_M5_S4_r005",5,4,5,TRUE,TRUE,TRUE,2.22044604925031e-16,"ff0ea9cca8e8db965e5f050480ccf65d57e898da661e0c1a826503e2975297fe","a39b671933d5afa065c129b2ca4cd2c955481a2c15709b35c4a1845a85be5b33"
"main_M5_S4_r006",5,4,6,TRUE,TRUE,TRUE,2.22044604925031e-16,"af15bddde72a88f298548c2589cb5d2df9dc2418ed3283b687855a02311ed8cd","10504340d6a050f8340a09f614b055f947dcc09615defe53bf48fe92ac3d7d08"
"main_M5_S4_r007",5,4,7,TRUE,TRUE,TRUE,2.22044604925031e-16,"06ed12679d40fb5eb42c4e41d518437f0c731acd71a461fc47f46f7563d333ba","c7c03caa872caca6bd5e266c755596c801a0360025513de69beb5cb4863f125c"
"main_M5_S4_r008",5,4,8,TRUE,TRUE,TRUE,2.22044604925031e-16,"a0c1c423731400355c3871b98131395b98a914ec9e2b507557fca3335a56ff38","8d7b8c20c6697fed0a8cd566256d280571ce6907bacc02c4cf870bd9916d82e1"
"main_M5_S4_r009",5,4,9,TRUE,TRUE,TRUE,2.22044604925031e-16,"4fd997a72e9e017a86612db62f157c7c9f4093ca854c50df38a5f39eae201e3b","be1bed232dd9b10a33052b356db1d159b13aeb7fefae55871fc977c5f4764d53"
"main_M5_S4_r010",5,4,10,TRUE,TRUE,TRUE,2.22044604925031e-16,"5bb448866d4c2701652f7dab70a2b5963f43815814ca7882d1aeabcb26bda245","28ef4b7ad2c2c866bd50f6bf7346cce7233e16a29e05754382ce1880c18b66e9"
"main_M5_S16_r001",5,16,1,TRUE,TRUE,TRUE,2.22044604925031e-16,"a2b68301af560e88c985240a2a71a79284be1d6cc1aa5a516e65c52e7725f9f2","1101bebf4abb1f2a493351e2aa2dbb55edac4d29e0eb698c2a04bbd14d28b36f"
"main_M5_S16_r002",5,16,2,TRUE,TRUE,TRUE,2.22044604925031e-16,"01e6f286e6bf4f17c843cca33620ecdeda54f86bf58afac4c8d415ead9bcaf7d","6f446cd936798727965b0e4c8762c2ce33e90dfdba8fe94e31383c318472642d"
"main_M5_S16_r003",5,16,3,TRUE,TRUE,TRUE,2.22044604925031e-16,"626e495f0cb05d22897040e4fbc9769da2f8165baf92edef7d0df70d770bc514","a1730ade95382b592de0726280b9542152e00ba9261985b3d25fef2fc18e5acf"
"main_M5_S16_r004",5,16,4,TRUE,TRUE,TRUE,2.22044604925031e-16,"712feed77e7e15bd1e83422701dd03a2633804e0ff49243780afe23a02456baf","2780055e25ef496221de0e32a4bbb48ad4d09ce80dbe4b60a46179447e9941a8"
"main_M5_S16_r005",5,16,5,TRUE,TRUE,TRUE,2.22044604925031e-16,"eaca8c656778dff0af27db02abd6ded8e412233e704ccb90d4fdb81fa1d16546","f8c419c0c61842e616d51cc0ba6a55332ca38206006c8cccd3c99e1290dd4e6f"
"main_M5_S16_r006",5,16,6,TRUE,TRUE,TRUE,2.22044604925031e-16,"d73e54d65aafae7c44cf3549890cd66bc8623bf1e91adda75772620d78dd7bc1","68cffce1a41a8753c03970df9808eeffafbba6c7c2b73d0a0cec360e72b78e3a"
"main_M5_S16_r007",5,16,7,TRUE,TRUE,TRUE,2.22044604925031e-16,"8154c63ab80f4a8c704d1a5b1fc038e7b67e56ac372ae82c2ab55c42afdafbd6","215be7659809d27099c2bdee898856436f7ae65412854067c287ebd4a0af39e4"
"main_M5_S16_r008",5,16,8,TRUE,TRUE,TRUE,2.22044604925031e-16,"e2b2a83cbf13903c7162f8aaf2e7202c414e7a8add820a42deacf4827958c7b5","b19588a194ab9ffc1dad49680fe5cc95f8899ff7cae981c6963c0960cdf18e63"
"main_M5_S16_r009",5,16,9,TRUE,TRUE,TRUE,2.22044604925031e-16,"af8be33b1169067786f9543f6d2a7b719ba5ddae284f31d428e73a7e11e70b5b","6106ef8551662ac9f59ced5efc524eb6b9c6db49bfc3ba02b1a705d30c4e628d"
"main_M5_S16_r010",5,16,10,TRUE,TRUE,TRUE,2.22044604925031e-16,"0f9265c6a1ceae5df2f63e3699e0ad9c864cdd7f8674ba17015de62ff0e3484a","76569e9f824f6aff30c7eafc16d8cc171c20eaa51a2c6193eb772ac3c10caa35"
