"id","phase","true_M","snr","replicate","seed","family","input_hash","within_median","within_q25","within_q75","within_mean","within_pairs","between_median","between_q25","between_q75","between_mean","between_pairs","anchor_median","anchor_q25","anchor_q75","anchor_mean","anchor_pairs"
"main_M3_S1_r001","main",3,1,1,260925001,"monotone","2c47a42b87f6478d8e02eaf6de2a63f89f08512fef0b9112bbc1237dff323748",0.500468227424749,0.466021733574818,0.529773330814787,0.496356511563579,570,0.0335783730930344,0.0153907265636285,0.0561291792131024,0.038833226295107,1200,0.502377581973133,0.471377237524861,0.519966666296292,0.49453883600656,57
"main_M3_S1_r001","main",3,1,1,260925001,"smooth","735858e6582ccb7b041d8ba516bcb1aec9b1845e1f041d95f37c0cf452c9c998",0.253040589339882,0.129678885320948,0.366157290636563,0.252102465855858,570,0.0385295392171024,0.0187595417726864,0.063316703518928,0.0447017263154776,1200,0.213897043300481,0.10050689452105,0.301132234802609,0.210822669959491,57
"main_M3_S1_r002","main",3,1,2,260925002,"monotone","f8208531519f639319769e1c4f94d137aeb1fe5ce785510ed162c62eff085da4",0.497177746419405,0.470655451727241,0.521194013266814,0.495884804178136,570,0.0356701741130457,0.0172970810786787,0.0588512094578829,0.0410568324833239,1200,0.49739352659474,0.47806086734297,0.51194479938666,0.494172024913337,57
"main_M3_S1_r002","main",3,1,2,260925002,"smooth","eec93e416a718f86d1c7a07a8cb6843e2e394003c4391ade856af2717da847fb",0.257974866387404,0.135633507038967,0.388200202224469,0.2580399415744,570,0.0358323981377571,0.0165139612662363,0.0613935710396782,0.0422527068819283,1200,0.176733519261325,0.0726168068534095,0.266895854398382,0.188816569696778,57
"main_M3_S1_r003","main",3,1,3,260925003,"monotone","e3fee79240f3ff0f8aa02a2aa8ebeb05f906a898a0fa8cfec2c390fce4f064ca",0.502292469916332,0.4747581639796,0.52602373359704,0.500241368763746,570,0.0356055067278525,0.017399637773753,0.0619836887076523,0.0431597036263366,1200,0.499836664851832,0.470277225302503,0.517246191624351,0.494445797935767,57
"main_M3_S1_r003","main",3,1,3,260925003,"smooth","5854970c1aac1ac999a4e916463b73abab991e0f4c5f8ad566a24e20b062eb2c",0.240574450827231,0.126534294825498,0.363744152712808,0.24737880245453,570,0.0377759752886143,0.0185346503850043,0.0653849487216525,0.0448137975607136,1200,0.210766786297626,0.0959583995377726,0.319186657629529,0.208490402330006,57
"main_M3_S1_r004","main",3,1,4,260925004,"monotone","ce5618efd5370e4df41cf281d104559c089d515c52b8a8e05c4102b69b98d003",0.508974544161602,0.47939454882832,0.5346820520228,0.50743488572875,570,0.0363157368415205,0.0170349670551895,0.061591795464394,0.0422471945984585,1200,0.502561139568217,0.479543550483894,0.526720074667496,0.50329434849471,57
"main_M3_S1_r004","main",3,1,4,260925004,"smooth","fdaa9b2df0105d2bfd5d9c0477771ad1be929c4eddc3f308aced2a3888487b56",0.265033833709263,0.133126590295448,0.375357392859921,0.25724953279208,570,0.0414231269236325,0.0195278836431516,0.0697914421271348,0.0482465342207506,1200,0.228331870354115,0.131845020500228,0.360600895565506,0.232555176538999,57
"main_M3_S1_r005","main",3,1,5,260925005,"monotone","df55ad0b5a803f56cd468af16a4725343d5ec766635f67985f042895f213ff49",0.510548561650685,0.485478283092034,0.532931699241103,0.508555839314394,570,0.0475831953688374,0.0198426649184991,0.0790537672640807,0.0547539857850272,1200,0.512902143357148,0.487756975077501,0.529863665151835,0.50595192968031,57
"main_M3_S1_r005","main",3,1,5,260925005,"smooth","0344ca8d58d42ca5491bb5c39ef7fe04e2035be65b598bce88b642801c51d4fa",0.240194891054345,0.120161668462983,0.357787419860221,0.243526878953626,570,0.0375044167157413,0.0174903054478383,0.0645392726585851,0.0445959888443205,1200,0.249547217191302,0.151297236635963,0.339090878787542,0.238506174435077,57
"main_M3_S1_r006","main",3,1,6,260925006,"monotone","6b23fb36a8711f6d501974aaf6bd1b05bf7b636162ec1becd997fb97bb16d05a",0.502993811042345,0.474042156023956,0.529790775453061,0.500929797465586,570,0.0384233158146202,0.019198324425827,0.0648352759475105,0.044973636744112,1200,0.497181968688541,0.464736719296881,0.521995133279259,0.492956557217107,57
"main_M3_S1_r006","main",3,1,6,260925006,"smooth","33a1ba830221451a4919eccde309ace677c5cbf8aef4d2bbe4c7d8dd820e0914",0.251667685196502,0.133220702452249,0.36504938943766,0.253871853157043,570,0.0408182313136813,0.0194349937221525,0.0679397548861654,0.0473811083086108,1200,0.230081667574084,0.123621373570817,0.338721541350459,0.229702107801198,57
"main_M3_S1_r007","main",3,1,7,260925007,"monotone","76a1ef504b7208cd058f02d19ead15dd380694f26cae2587805ecdc5fd1f346d",0.515219724663607,0.489715107945644,0.540241558239536,0.514294334264533,570,0.0363324036933744,0.0172690807675641,0.0648448316092401,0.0441487957273599,1200,0.522917365748508,0.498773097478861,0.550513227924755,0.522021659889788,57
"main_M3_S1_r007","main",3,1,7,260925007,"smooth","44f722288b37d7a45e9cc4d581b98f88483b5a7935e8e3993ea60409ccf8f6f6",0.255599506661185,0.119545106056734,0.369761108456761,0.245872188443419,570,0.0379301992244358,0.0179110879009767,0.0672245247169413,0.0460327566602592,1200,0.247347637195969,0.167391637684863,0.364796053289481,0.252330187684347,57
"main_M3_S1_r008","main",3,1,8,260925008,"monotone","fe4f906f1f1c300760e1ab6c39cbe264de7cdd23fdecffac7f7b06f235eac283",0.50915876843076,0.478664651829465,0.534446160512895,0.506650969806097,570,0.0365828509205658,0.0178816431293681,0.0635519283547595,0.0437705959695848,1200,0.510236780408671,0.471883465371838,0.537974421938022,0.508361079255656,57
"main_M3_S1_r008","main",3,1,8,260925008,"smooth","6ba6fa0c1458a85a9ad725f3d57d90e304c27d5ef94ff412f789a5dd3931bd8b",0.270514561272903,0.128407760086223,0.371843353815042,0.259774233748796,570,0.0381535350392782,0.0179775330837009,0.0638038200424449,0.0458024285455024,1200,0.260788675429727,0.152109245658285,0.32100401115568,0.238518541044218,57
"main_M3_S1_r009","main",3,1,9,260925009,"monotone","47f954f64d68d29c66d6fed319dbbec79760196f1693bd7482f0f592f155076d",0.500639118212425,0.472539250436116,0.527872754141713,0.500535365792563,570,0.0430193668818542,0.018796208846765,0.0708135645951622,0.048955230243299,1200,0.508010977899754,0.486770297447749,0.532653918376871,0.512791810747215,57
"main_M3_S1_r009","main",3,1,9,260925009,"smooth","1b202af6bda2eb95e504de5f706f1f1ae63192150c7f03078bf90f7e89b85858",0.279743997155524,0.149495549950555,0.386765075167502,0.269910857878928,570,0.0389237658196202,0.017939532661474,0.0658242869365215,0.0457900806305255,1200,0.271864798497761,0.15806886743186,0.366397848864987,0.255347445380972,57
"main_M3_S1_r010","main",3,1,10,260925010,"monotone","a177ad0fc61ca26b4ae32376f4f5308425d9b4a9be9334f077de5e9922718230",0.505419393548817,0.473414482383138,0.532990922121357,0.50213942650045,570,0.0469129656996189,0.0236160401782242,0.0814007933421482,0.055616278699393,1200,0.528705430060334,0.493519261325126,0.551763464038489,0.522949716985159,57
"main_M3_S1_r010","main",3,1,10,260925010,"smooth","9c90d35e100b2d7b8d6950c219181c66c6434035d3600475ff5ba1bdf22963a9",0.277153523928044,0.142046244958277,0.376206735630396,0.261392640814917,570,0.0427618084645385,0.0210152335025945,0.0709228991433238,0.0505407000818528,1200,0.276455516172402,0.153221258013978,0.362010244558273,0.259503132880814,57
"main_M3_S4_r001","main",3,4,1,260925051,"monotone","1dc540b88551dec8aea30d6a7d9148661b3c99d769550fb9f1ae8c7de8963bd2",0.797209524550273,0.781027789197658,0.811102790031,0.794118687088726,570,0.0386082067578529,0.0184112045689397,0.0626702518916877,0.0428401430386264,1200,0.78860209557884,0.781262014022378,0.804103156701741,0.791294273640077,57
"main_M3_S4_r001","main",3,4,1,260925051,"smooth","562bd6e499bd40ace233639a2fe5cde50b06a757dc92442fef5c797b8125475d",0.37547039411549,0.196782519805776,0.555422615806842,0.378924321771217,570,0.0372928588095423,0.0174051933910377,0.0606852298358871,0.0426035548543132,1200,0.332513472371915,0.164184935388171,0.503812264580718,0.335391898116607,57
"main_M3_S4_r002","main",3,4,2,260925052,"monotone","792532fab7913a70d4dbb95789ca069b4428119da12a0421b8df47a6e2743ae6",0.803302703363371,0.791019566884076,0.817190302114468,0.802315669394377,570,0.0430218113534595,0.0208306758963988,0.0694288825431394,0.0479019274288233,1200,0.806537405971177,0.791882576473072,0.816051289458772,0.803022832807304,57
"main_M3_S4_r002","main",3,4,2,260925052,"smooth","063e89ffc5165776a7329677273d8ba2b6e3bb8a53173256dc2e1d30a31bcb25",0.386416737963755,0.165035389282103,0.566118623540262,0.37495048736409,570,0.0431111456793964,0.0212484583162035,0.0733053700596673,0.050487128745875,1200,0.387265636284848,0.151446571628574,0.51486572073023,0.346488473653606,57
"main_M3_S4_r003","main",3,4,3,260925053,"monotone","a24611848a2ffe71d75280820ab08692bf495e9fa38dbebcd8e3c9ec48f1eaf1",0.797749308325648,0.781329125879176,0.810775897509972,0.795278800563671,570,0.025068722985811,0.0105114501272236,0.0446136068178535,0.0300723404334122,1200,0.787817197968866,0.774806831187013,0.801147568306315,0.78702787145978,57
"main_M3_S4_r003","main",3,4,3,260925053,"smooth","969fa3601c48cba5c250030da9b2c5e750a6453b4971505cd5e9bd0de7f1667b",0.396345959399549,0.207234858165091,0.565253391704352,0.392275805793554,570,0.0465745174946388,0.0220928010311226,0.0769235213724597,0.0518118060571043,1200,0.356835075945288,0.235646173846376,0.504010489005433,0.354133517662867,57
"main_M3_S4_r004","main",3,4,4,260925054,"monotone","0921b4f3e06287da65d142dfb92a6603c9868f6453f8b5ae49b756064bd6c56d",0.800490672118579,0.787021966910743,0.812352248358315,0.799005882131634,570,0.0524941388237647,0.02271714130157,0.0860345114945722,0.0565301892243247,1200,0.799153768375204,0.777728641429349,0.811342348248314,0.793033910903104,57
"main_M3_S4_r004","main",3,4,4,260925054,"smooth","f8259e3fdab5d0f8ef6e99174496abf83614650e38896b66d1551518b7e3e81b",0.394340826009178,0.20298025533617,0.602987255413949,0.400448323110023,570,0.0420600228891432,0.0199536661518461,0.0703682263136257,0.0498544835683359,1200,0.331665462949588,0.180588228758097,0.503961155123946,0.345011560557301,57
"main_M3_S4_r005","main",3,4,5,260925055,"monotone","dc1fba1f019adbb0ec412ce3fb49edec4de92ea03dcfe3acddcc3d8a85b3059a",0.798841098234425,0.786102956699519,0.81111879020878,0.797163554448851,570,0.0337070411893465,0.0159049544994944,0.0578398648873876,0.0393199194805868,1200,0.804210713452372,0.793985710952344,0.815357948421649,0.803533598716399,57
"main_M3_S4_r005","main",3,4,5,260925055,"smooth","d909b3dc5d8c115b09d95624627e40dce2a367358f31809e77e5d9175f1cfe8b",0.372651918354648,0.188636540406005,0.569370881898688,0.381751571898557,570,0.0446938299314437,0.019083323148035,0.0724495827731419,0.0489406600814083,1200,0.346817631307015,0.197204413382371,0.510663896265514,0.354722249350529,57
"main_M3_S4_r006","main",3,4,6,260925056,"monotone","21d384616c4f51452871905989ec1478ddeb222256972d0d9f4ae5a4778d82cc",0.789611884576495,0.767941643796042,0.803176479738664,0.784142110740802,570,0.0686136512627918,0.0415949066100735,0.0943886043178258,0.0691658040644896,1200,0.780843342703808,0.755639062656252,0.802523583595373,0.778084419261579,57
"main_M3_S4_r006","main",3,4,6,260925056,"smooth","c46598a67fab4f6c0d06a8c18f146122ff0994cfeb5e74ca0bb86063885e2fca",0.426562295136613,0.224948054978389,0.594953832820365,0.408820671106872,570,0.0406768964099601,0.0187005411171235,0.0709006766741853,0.0492525161390682,1200,0.391611906798964,0.20184624273603,0.505499394437716,0.35523441878399,57
"main_M3_S4_r007","main",3,4,7,260925057,"monotone","842134e98f79adc37d2dce7695b2dc3370101763220f91e76f89bc2df7475a7f",0.791454127268081,0.773756041733797,0.808024311381238,0.789465581976252,570,0.0366764075156391,0.0164600717785753,0.0683767597417749,0.0465098645540506,1200,0.787987422082468,0.77100812231247,0.799004877831976,0.785635824803511,57
"main_M3_S4_r007","main",3,4,7,260925057,"smooth","19ee02ca3f0ccbdee76bca43270de977198f3c3dab04ab991e00d24394be7ad4",0.39283503150035,0.212611251236125,0.569441660462894,0.389537533652908,570,0.0439778219757997,0.0211816797964422,0.0711775686396516,0.0495640707118968,1200,0.325122279136435,0.195161279569773,0.460643340481561,0.328184777101812,57
"main_M3_S4_r008","main",3,4,8,260925058,"monotone","44e595a1d3eac622afe2fbc02016634d5e0d230ecdfcf6a6c8b1e7a063cf7f37",0.806378515316837,0.790451005011167,0.81952277247525,0.803086141113069,570,0.0321028011422349,0.0154420604673385,0.054706718963544,0.0375873457853235,1200,0.809512105690063,0.79992133245925,0.817707307858976,0.806476110943143,57
"main_M3_S4_r008","main",3,4,8,260925058,"smooth","bb6be830ce169688018e1854587a9748227fbae11de82bb24ae69c4f09ea690c",0.399459549550551,0.195872509694552,0.59768064089601,0.39847935308443,570,0.0365432949254992,0.0182560917343526,0.0616793519927999,0.0423616877224562,1200,0.398837764864054,0.197521750241669,0.577769530772564,0.377511820306775,57
"main_M3_S4_r009","main",3,4,9,260925059,"monotone","1e3ed391b0caca9f9cd1de423d6bd70139adbbd71ff64b9d7dd09172eb0d59a3",0.799279547550528,0.785187279858665,0.812577139745997,0.798571267555994,570,0.0496638851542795,0.0246093845487172,0.0802860031778131,0.0554011640870084,1200,0.793067922976922,0.776641518239092,0.807388526539184,0.793643492724968,57
"main_M3_S4_r009","main",3,4,9,260925059,"smooth","fbb71c2df63b218b26f04cd2a2c8248c8df22baa2e08aacc37b7d64483f473c5",0.419156212846809,0.223980933121479,0.588709985666507,0.405182660314159,570,0.0412217913532373,0.0199003322259136,0.0700250002777809,0.0496194431789983,1200,0.441019566884077,0.296167735197058,0.584636273736375,0.421700669968458,57
"main_M3_S4_r010","main",3,4,10,260925060,"monotone","18b20e5003a895290e3421eeb4d6fdd290397b16e84e2622efb8fb70a78d0991",0.803297592195469,0.787166746297181,0.817550639451549,0.801200680787291,570,0.0259982888698763,0.0121355792842143,0.0452876143068256,0.0309693941043789,1200,0.812295692174357,0.799203991155457,0.823059811775686,0.810161828308814,57
"main_M3_S4_r010","main",3,4,10,260925060,"smooth","37c44b70f316bca44eb1d63c27ec4d96d2a627a25bec00597ce23febe3aa722a",0.431341237124857,0.230231891465461,0.59285669840776,0.406571684714625,570,0.0423209146768297,0.0206170068556317,0.0711744574939722,0.0496574143416408,1200,0.492617917976866,0.298938432649252,0.607698307758975,0.440161530059886,57
"main_M3_S16_r001","main",3,16,1,260925101,"monotone","cf40feb7149074b565515e4c2a1236abe31e070a401e96424eb238b6702c41c1",0.931626351403904,0.921397459971777,0.939201102234469,0.928786402499989,570,0.0324916943521595,0.0157148412760142,0.0511100123334704,0.0341129753293555,1200,0.933465038500428,0.926293403260036,0.938273091923244,0.931483815707114,57
"main_M3_S16_r001","main",3,16,1,260925101,"smooth","e98c5d3568fd7072e8877a886c9a473b980046c3045268e5b98416e8a61d9fbb",0.433916376848632,0.225208502316692,0.660579339770442,0.438057077047445,570,0.0359639551550573,0.0168489649884999,0.0598527761419571,0.0408710089371363,1200,0.452793031033678,0.22863898487761,0.640994677718641,0.421430686461818,57
"main_M3_S16_r002","main",3,16,2,260925102,"monotone","514f643178dc8c58129eb9ef3fcbd6d91e75dacfbc961a1befd3dc5d331e570a",0.932669696329959,0.923500705563395,0.940778675318615,0.930214601604735,570,0.093302592251025,0.044969277436416,0.112038800431116,0.0816619740219336,1200,0.930821898021089,0.925233391482128,0.935831731463683,0.929481890929392,57
"main_M3_S16_r002","main",3,16,2,260925102,"smooth","59da30567c339cf221eafffdd651f2348e29b458e30ea19c1d3e458ac14aeeb6",0.444420271336348,0.212250802786698,0.668322314692385,0.442876638590331,570,0.0483158701763353,0.0231663685152057,0.0790966566295181,0.0545465486653555,1200,0.337983310925677,0.117117745752731,0.57939532661474,0.359074282111907,57
"main_M3_S16_r003","main",3,16,3,260925103,"monotone","75e41d80a22938983b2924c83c0fdd8128d7f824cb5225fc6881e540cc1cc85c",0.932064356270625,0.921441571573018,0.939296214402382,0.929451377529926,570,0.0261751797242192,0.0122291358792875,0.0481566461849576,0.0310080034222602,1200,0.934451716130179,0.925887176524184,0.939937110412338,0.931681548898302,57
"main_M3_S16_r003","main",3,16,3,260925103,"smooth","244bccf009ce5b4e879bb8782af3c18729455aa6e31e35abb5cc44e20be814e1",0.481272236358182,0.258418315759064,0.684121601351126,0.472088314431564,570,0.0421078011977911,0.020961899576662,0.0701256680629785,0.0484504968573725,1200,0.411972577473083,0.243252480583118,0.58806964521828,0.403541458452852,57
"main_M3_S16_r004","main",3,16,4,260925104,"monotone","6d8309c5cfc53ab6d1c1c0b57fd0472ffeacdf8578a1699828db26fd3b243314",0.936453293925488,0.929852998366649,0.942228913654596,0.933881054039002,570,0.0312203468927433,0.0135517061300681,0.0812603473371926,0.0458780223483965,1200,0.933099256658407,0.928615651285014,0.938135757063967,0.932195667671161,57
"main_M3_S16_r004","main",3,16,4,260925104,"smooth","c1a65c6bdd3ce95c99ce53545d1d7de1f487b64ae0a781421ebf1b35920e8d65",0.478024644718275,0.243275258613985,0.671542794919944,0.457595311292933,570,0.0357421749130546,0.016646407182302,0.0608370093001033,0.0436051933910377,1200,0.408346759408438,0.290696118845765,0.613698818875765,0.426385860427689,57
"main_M3_S16_r005","main",3,16,5,260925105,"monotone","0e9dd3aa0430e54fa3fc35493417c516f6295fb85d1176028a9c76670e9bceb1",0.935431504794498,0.92967677418638,0.940373448593873,0.934809198464778,570,0.0139772664140713,0.00662351803908932,0.0241968244091601,0.0172456797668122,1200,0.937096189957666,0.931962355137279,0.941548683874265,0.936804599973138,57
"main_M3_S16_r005","main",3,16,5,260925105,"smooth","97b69d5d3a6a657358705ba1d34d53173f4732399452b222ab0c3b222a050e16",0.442916699074434,0.244302936699297,0.648942099356659,0.449366712261715,570,0.0430218113534595,0.0210216780186447,0.0742879365326281,0.0517774686385404,1200,0.368283203146702,0.203302703363371,0.582266025178057,0.392518170279865,57
"main_M3_S16_r006","main",3,16,6,260925106,"monotone","f9846613a70461fd7850a5ee8d9a3bd43ca087b65e3f83337f65553459db2ed4",0.932524361381793,0.925297058856209,0.939711552350582,0.931559591207934,570,0.029512550139446,0.0134217046856076,0.0491384348714986,0.0322843553817265,1200,0.927418749097212,0.917476416404627,0.933157923976933,0.925588319402379,57
"main_M3_S16_r006","main",3,16,6,260925106,"smooth","30105a66158c2fca5beef07ea72a96fb0e4020e13e93500d02277f425d3db61a",0.469233213702374,0.22811531239236,0.697596862187358,0.463245873882029,570,0.0443702707807865,0.0214655718396871,0.0709026766964077,0.0495896324773979,1200,0.382249580550895,0.163931599239992,0.605692063245147,0.389378494069037,57
"main_M3_S16_r007","main",3,16,7,260925107,"monotone","f5b0290708d6d665c0e93f01e45eb8154d62712c18c44ff8eed8bab0a4cac737",0.935409726774742,0.929895887732086,0.94013466816298,0.934682616941358,570,0.0475747508305648,0.0201212235691508,0.103696485516506,0.0601617869828183,1200,0.934029044767164,0.930166779630885,0.938078867542973,0.933429864620328,57
"main_M3_S16_r007","main",3,16,7,260925107,"smooth","f72be33a7195a31d36d0c14702b50b0c608b601d05073e1efd06cf2bc70b283d",0.423955599506661,0.205473060811787,0.634981722019134,0.432504118661747,570,0.0456407293414371,0.021002011133457,0.0764722941366015,0.0525941880835713,1200,0.265621618017978,0.148846098289981,0.505220280225336,0.332777896362591,57
"main_M3_S16_r008","main",3,16,8,260925108,"monotone","d96d32502cf3369b8d8047d407708e5b4799918f53b4aef5398046df3c66fcd1",0.933350148334982,0.924302270025222,0.939375659729552,0.930459165725623,570,0.0241736019289103,0.0118221313570151,0.0372060800675563,0.0262315777582714,1200,0.93903754486161,0.933317481305348,0.942749586106512,0.936780412569886,57
"main_M3_S16_r008","main",3,16,8,260925108,"smooth","721c4c09a29e59fb0b62a99c956bdb304bc3a87246ca65c3c8e959e0a4731692",0.460438893765486,0.24691318792431,0.661373348592762,0.455768521404624,570,0.0330685896509961,0.0163492927699197,0.0549577217524639,0.0374453523557669,1200,0.430193668818542,0.202672474138602,0.528984544272714,0.388063126627333,57
"main_M3_S16_r009","main",3,16,9,260925109,"monotone","880a72e20e84175cd45c61f0406a1de12f95d45f622547a7c6ea189af9a5daaa",0.933514594606607,0.924102823364704,0.939668440760453,0.929575164480385,570,0.0417473527483639,0.0165317392415471,0.0814083489816554,0.0501236058178424,1200,0.932897921088012,0.92522094689941,0.939676663074034,0.930866569082736,57
"main_M3_S16_r009","main",3,16,9,260925109,"smooth","7116cc7d69e09b7496ca06c8a46b810e1c80052dc3b9c9c5e4229e4edf2f96df",0.477738863765153,0.250852009466772,0.663338925988067,0.464023051328251,570,0.0265165168501872,0.0131109234547051,0.0465079611995689,0.0329630429226991,1200,0.435046611629018,0.318192868809653,0.570234780386449,0.426576061371442,57
"main_M3_S16_r010","main",3,16,10,260925110,"monotone","58cbb2d21b3bb94d22567b50ec1d2e315e54938cd5e4e771cca0c0b3ad56083b",0.93698618873543,0.930298225535839,0.941044789386549,0.935339102208348,570,0.048463871820798,0.0218216869076323,0.174141823798042,0.0827095689952111,1200,0.937649084989833,0.93395615506839,0.94072334137046,0.936398349845213,57
"main_M3_S16_r010","main",3,16,10,260925110,"smooth","39735ec9260dd10946f8277f1ca6ca50263908f34a6e75779efb1f13e72cca61",0.471923465816287,0.220879009766775,0.668744763830709,0.451587934602782,570,0.0417555750619451,0.0195174390826565,0.068958210646785,0.0488855431727019,1200,0.461349570550784,0.185595839953777,0.593906154512828,0.413717774252073,57
"main_M4_S1_r001","main",4,1,1,260925151,"monotone","cb490c8c7db496be71ec81aa1ccd49dc078a480cc848b2f383baefd218351758",0.507057189524328,0.475714063489594,0.536553961710686,0.506090229573979,420,0.0394342159357326,0.0177984199824442,0.0676029733663707,0.0458917899087768,1350,0.499307547861643,0.458434093712152,0.536601517794642,0.492778927702371,56
"main_M4_S1_r001","main",4,1,1,260925151,"smooth","0f77463e0511de7e94f44da63e455c087fec6ddb3bd83da903dd756da26ee7ca",0.248604762275136,0.125086723185813,0.348393426593629,0.24329498475909,420,0.0404326714741275,0.0183483149812776,0.0689053211702352,0.046859200822396,1350,0.212087689863221,0.103721041344904,0.304114156823965,0.209708925337266,56
"main_M4_S1_r002","main",4,1,2,260925152,"monotone","a9e907576fed00d8aada689e17c02c776fe036a4963bc68e4035920051ed5774",0.495100390004333,0.470620562450694,0.525516505738953,0.496800479793691,420,0.0389008766764075,0.0178797542194913,0.0668526316959077,0.0464511587577311,1350,0.49495705507839,0.470120334670385,0.528818097978866,0.499735219280214,56
"main_M4_S1_r002","main",4,1,2,260925152,"smooth","cd291d86048a73a2c5bc1ba8cad7b9af9ca9f53684a8c4166d8bc30c8d01f8d1",0.262211357903977,0.13352637251525,0.372144023822487,0.257141913217025,420,0.0392313247924977,0.0176488627651418,0.0662389582106468,0.0456298001665039,1350,0.234289047656085,0.10729241436016,0.308579984222047,0.221744805101009,56
"main_M4_S1_r003","main",4,1,3,260925153,"monotone","874a44f284837e4c869bb5ffb9a82e0772761c9763ee24d97a6b1a52b95ec9ce",0.508431649240547,0.485053945043834,0.534342603806709,0.508263225146946,420,0.0373755263947377,0.0182806475627507,0.0652588362092912,0.0454605538415447,1350,0.500305781175346,0.479303881154235,0.537628973655263,0.500642435709603,56
"main_M4_S1_r003","main",4,1,3,260925153,"smooth","6eff9d5ad8308acfe815b2552657ad2fa382a01625305af4e2fc8e5209c4a0ec",0.262904921165791,0.121751463905154,0.377252080578673,0.25251693484425,420,0.037440860454005,0.0171228569206325,0.0628568095201058,0.0441612113385622,1350,0.253282369804109,0.0795747730530339,0.377343081589795,0.236193473578278,56
"main_M4_S1_r004","main",4,1,4,260925154,"monotone","5d822d457ee2e6db540e500103354838e29f876ab23ddf9a36430eab18c0d6b8",0.491354126156957,0.469594439938222,0.52079634218158,0.493307858976211,420,0.0371813020144668,0.0163070700785564,0.0652800586673185,0.044189166546295,1350,0.486548072756364,0.464427160301781,0.497847309414549,0.480294788989719,56
"main_M4_S1_r004","main",4,1,4,260925154,"smooth","0680736af299d3a2fb66711967f0968cf24ef4ed2be5e039284ccf2c367a94d9",0.261034011489017,0.13091989910999,0.374511827909199,0.256146593163204,420,0.0403237813753486,0.0190509894554384,0.0693332148134979,0.0481168816279029,1350,0.223118923543595,0.114124379159768,0.280691118790209,0.211369150133414,56
"main_M4_S1_r005","main",4,1,5,260925155,"monotone","b636162de67894f632d8be3c9d4de1f4cf9be010ba4983627431866931280c57",0.479681996466627,0.45270836342626,0.50753875043056,0.479113889625229,420,0.0380128668096312,0.0181670907454527,0.0634104823386927,0.0440992208555404,1350,0.483678263091812,0.455156390626563,0.50639262658474,0.479529264610877,56
"main_M4_S1_r005","main",4,1,5,260925155,"smooth","c16292613e7df1d07366fb2bd86599ebf31e28c29eae824a5a1337ce1b072244",0.263812486805409,0.143303481149791,0.397872531917021,0.264225990870798,420,0.0378073089700997,0.017802864476272,0.0651151679463105,0.0448997281862803,1350,0.191492349914999,0.0799834442604918,0.301398793319926,0.205052881539954,56
"main_M4_S1_r006","main",4,1,6,260925156,"monotone","7c3ab295e0a2de8ba57109976f5b0f56b3a5d78992e9183ed66c6b8f830dc37e",0.496761297347748,0.471524461382904,0.525733952599473,0.496853797846431,420,0.0402524472494139,0.0189385437615973,0.0685573173035256,0.0478185563378688,1350,0.481648462760697,0.456242513805709,0.510453893932155,0.483166328832225,56
"main_M4_S1_r006","main",4,1,6,260925156,"smooth","75146aac5246c41b72b9b3bc79653395e464b099f04f5546be1de3a114d2f103",0.256451293903266,0.129640884898721,0.390284003155591,0.260854865583163,420,0.0412495694396604,0.0189147657196191,0.0708263425149168,0.0491063234035934,1350,0.208261869576329,0.124022489138768,0.336107956755075,0.217707863420705,56
"main_M4_S1_r007","main",4,1,7,260925157,"monotone","2e2d90ad39f7341b4fdd823b47bbabfe8c066538ad607cbca79938596d35cd16",0.502305803397816,0.474800164446272,0.528762986255403,0.502795525241286,420,0.0423122479138657,0.0216407960088445,0.070284225380282,0.0488389999395055,1350,0.512570139668219,0.484566272958588,0.5335199279992,0.511031027328875,56
"main_M4_S1_r007","main",4,1,7,260925157,"smooth","9bbde634e142116a446a6cb9d0d6bf611895594161b87df0c21ba8a1cf2515df",0.268470760786231,0.132010133445927,0.386130179224214,0.259238915353028,420,0.0368526316959077,0.0169082989810998,0.0637079300881121,0.0445003334604952,1350,0.238928210313448,0.150473005255614,0.332096134401493,0.24275335598967,56
"main_M4_S1_r008","main",4,1,8,260925158,"monotone","2437e53002b9ab260f6215b60168ad37861c834ce46038cddb54184ddb495d10",0.499235769286325,0.472263247369415,0.531493683263147,0.49919168202398,420,0.0403537817086857,0.0192939921554684,0.0672931921465794,0.0467912948827003,1350,0.50004333381482,0.462794586606518,0.536137068189646,0.501952013752534,56
"main_M4_S1_r008","main",4,1,8,260925158,"smooth","1638f35f7ffd8b34c0104cd70331cd49249a13b28e057866051c518d67d0c0a2",0.257505972288581,0.122622140246003,0.38050845009389,0.255926102882625,420,0.03616329070323,0.0171049678329759,0.0631393682152024,0.0437535712536724,1350,0.228448760541784,0.139109878998656,0.312746252736142,0.227815928113487,56
"main_M4_S1_r009","main",4,1,9,260925159,"monotone","44bcf0268ed7a50854b665d71f1dbd33ac0b00fdc9d98f05e37f164dc499b4a5",0.507537861531795,0.480171001900021,0.535025500283337,0.505398154159385,420,0.0389959888443205,0.0197607751197236,0.06582484249825,0.0461485904575894,1350,0.497757975088612,0.465972844142713,0.533627595862176,0.499212110293289,56
"main_M4_S1_r009","main",4,1,9,260925159,"smooth","fdc73fb0620b1ffacd9502e7473892584a49be5eb243cdf66f90bb01a8e3cfc4",0.263617817975755,0.136067956310626,0.379481660907343,0.263201617584111,420,0.0419431327014745,0.0197543306036734,0.070858453982822,0.0494570627739485,1350,0.237990866565184,0.114788497649974,0.33651696129957,0.226871068408697,56
"main_M4_S1_r010","main",4,1,10,260925160,"monotone","556b64b4fc5d04306bbfd51d8fcbfe0592baff8c60a5ef8b162129b74f92a642",0.502075134168157,0.474317603528928,0.537268969655218,0.50324782550494,420,0.0369779664218491,0.0170983010922344,0.062678807542306,0.0433362678515358,1350,0.51905043389371,0.4772436360404,0.549416771297459,0.51152457249525,56
"main_M4_S1_r010","main",4,1,10,260925160,"smooth","79f6c297fdc3d5c3da5526c292f8eb4ea3cea581e3d85ec41ffff471d2bfa7c7",0.23770797453305,0.110370893009922,0.35707518972433,0.238391035032664,420,0.0400411115679063,0.0186598739986,0.0668877431971466,0.0459071382274618,1350,0.185182946477183,0.0798326648073867,0.287925754730608,0.188678318647985,56
"main_M4_S4_r001","main",4,4,1,260925201,"monotone","578fa54ee5d24280144a2141b4b907382acd2d4904d147703c425b95db085887",0.80357359526217,0.787665862954033,0.814332825920288,0.800186793609876,420,0.0394339937110412,0.0176040844898277,0.069789553217258,0.0480902373812384,1350,0.80593473260814,0.798661651796131,0.815387170968566,0.806122956921744,56
"main_M4_S4_r001","main",4,4,1,260925201,"smooth","7eb3b5ae5ba9cca325e469789c1c9c22a13e354f2f5a592579a4e2a161f2d395",0.383599817775753,0.187947754975055,0.560038555983955,0.375557111481133,420,0.0404968944099379,0.018698207757864,0.067542861587351,0.0468363923385157,1350,0.390949010544562,0.242145468282981,0.553291814353493,0.380451116123513,56
"main_M4_S4_r002","main",4,4,2,260925202,"monotone","179e353c3f9a5b1c0cc802080031a2de26353890c20b61ab0ef874b04dc6efe9",0.797706196735519,0.787940977121968,0.811775241947133,0.798880290204283,420,0.0308370093001033,0.0140550450560562,0.0524553606151179,0.0357281227404584,1350,0.803678929765886,0.793601151123901,0.81612151246125,0.804489057814928,56
"main_M4_S4_r002","main",4,4,2,260925202,"smooth","1f8d63129702d8d3f67da27e537ef5c17e9be9e2483df1d55e5df473eb6c3f35",0.416111512350137,0.232218357981755,0.600356115067945,0.410337549782299,420,0.0395286614295714,0.0187966532961477,0.0631298125534728,0.0454508240215015,1350,0.363881376459738,0.213143923821376,0.462919365770731,0.353392839285516,56
"main_M4_S4_r003","main",4,4,3,260925203,"monotone","a8720f8669960be4f750562f8a696c6ed670eac8e6fe4db9220885f7344e4d6e",0.801261569572995,0.782396693296592,0.813879820886899,0.797948276673974,420,0.0292801031122568,0.0132448138312648,0.0497054411715686,0.0350770560825161,1350,0.801190902121135,0.787091634351493,0.813214924610274,0.799885427298399,56
"main_M4_S4_r003","main",4,4,3,260925203,"smooth","c8e4251328084783ec8e49f08fce62924ab89d9dc56757ea7780fb0461014d22",0.398725541394904,0.224094712163468,0.563113923488039,0.393146432843963,420,0.040908010089001,0.0191635462616251,0.0676999744441605,0.0475308942115818,1350,0.402651585017611,0.205418393537706,0.547209635662619,0.387097023300259,56
"main_M4_S4_r004","main",4,4,4,260925204,"monotone","05cf51e241e963d0dfa37c1dd5daccfcfa4ccc8943f5654ddddde029411b7a96",0.805035611506794,0.792010022333582,0.817374970833009,0.803510691917741,420,0.0330905898954433,0.0154349492772142,0.0545124945832732,0.0376731359566547,1350,0.811937465971844,0.801047456082845,0.825788508761208,0.811726201719702,56
"main_M4_S4_r004","main",4,4,4,260925204,"smooth","0870d61b701a1b5a0a654dceeb43cfefe56b01907cc957626b2c56a3f9d50e37",0.390553450593895,0.184098601095568,0.605674063045145,0.394176522596283,420,0.0406773408593429,0.018463871820798,0.0657633973710819,0.0463687812169106,1350,0.337488638762653,0.131375570839676,0.480110445671619,0.327899452851063,56
"main_M4_S4_r005","main",4,4,5,260925205,"monotone","e4e8731ab0af51354ff76bcd71e3a91d603b1f2a65153f5aece3c655ef576e20",0.799086212069023,0.786580406448961,0.811306903410038,0.798018201260437,420,0.0395726619184658,0.0183560928454761,0.0638422649140546,0.0431898754430605,1350,0.794166601851132,0.785997622195802,0.803497149968333,0.793779010242971,56
"main_M4_S4_r005","main",4,4,5,260925205,"smooth","5223cd110d516e0a7f774612f1be0531d06bc698cc161c572ae7231fad80acb0",0.39535172613029,0.200717785753175,0.595737952643918,0.399703759671404,420,0.0379815331281459,0.0167302970033,0.066127512527917,0.0453137736098302,1350,0.352034133712597,0.185922954699497,0.524658940654896,0.355565284058712,56
"main_M4_S4_r006","main",4,4,6,260925206,"monotone","a57f495a809327b7f28bcea5fd9ac4f96cf58020b091d89567e36550ee19f1d9",0.800995788842098,0.786881409793442,0.813363481816465,0.799423181950699,420,0.0573686374293048,0.0284916499072212,0.0892722141357126,0.0608167320377634,1350,0.805322281358682,0.798059533994822,0.814581495349948,0.805688975909256,56
"main_M4_S4_r006","main",4,4,6,260925206,"smooth","cb39f10bbc61b87985a81604a5201f47a82012d9d513fdb0c591f0c799479597",0.411080789786553,0.188743541594907,0.586196291069901,0.399190437565708,420,0.0378353092812142,0.0162478471983022,0.0655771730797009,0.0442875077212792,1350,0.424132045911621,0.183640373781931,0.524627718085756,0.383115939383453,56
"main_M4_S4_r007","main",4,4,7,260925207,"monotone","4427c28229b2b0be81dd129d84c283769bbcb0f854907089a5217e4df4d99306",0.803633373704152,0.788947321636907,0.81750263891821,0.801825873197533,420,0.048651207235636,0.0241271569684108,0.0794608828986989,0.0542507848441114,1350,0.797559972888588,0.777165190724341,0.811813464594051,0.791211561080837,56
"main_M4_S4_r007","main",4,4,7,260925207,"smooth","4f58188a1cfc60d93800d9ba7ef790af130f1af6a667931e6a6d333af59b4589",0.414129268102979,0.224599606662296,0.591180346448294,0.401538717625963,420,0.0369941888243203,0.0181697574417494,0.0619377993088812,0.044017611059876,1350,0.37178924210269,0.160799897776642,0.529817331303681,0.35858503189718,56
"main_M4_S4_r008","main",4,4,8,260925208,"monotone","01e077bea9b7ae22ef17166738f4a03cd0d237fb0ec39eaf5d49f2664421d2fc",0.799423326925855,0.786655073945266,0.80997188857654,0.798780548355299,420,0.0646869409660107,0.0330058111756797,0.105201391126568,0.0717095088710862,1350,0.805784730941455,0.795109390104334,0.818247758308426,0.805553149003243,56
"main_M4_S4_r008","main",4,4,8,260925208,"smooth","ad5c6eee4a568059bec720f8c3bbb0ab10c21dd72741be408c846c0323ea5343",0.388008311203458,0.220421893576595,0.588150868342982,0.397096261916138,420,0.0423604706718964,0.0210842342692697,0.0734638162646252,0.0507011332224679,1350,0.359482216469072,0.231214569050767,0.549927110301226,0.3728443411276,56
"main_M4_S4_r009","main",4,4,9,260925209,"monotone","6ad5ca77aff25d4282db5ee7d8b519b275c7759be4bda7a4395e42b831d6d4b8",0.797393971044123,0.782290136557073,0.810606673407482,0.795531873105468,420,0.0322219135768175,0.0157260636229291,0.0565827398082201,0.0393659689222884,1350,0.797886643184924,0.786026511405682,0.813903598928877,0.797023832010832,56
"main_M4_S4_r009","main",4,4,9,260925209,"smooth","7d23ea874cd8d32b4cf890b32f3a649eac40284f4965a57c786a037abf65810e",0.360023778041978,0.156020733563706,0.551041789353215,0.363233458149535,420,0.0322019133545928,0.015189835442616,0.0581958688429871,0.0388365207350041,1350,0.362602917810198,0.199789108767875,0.482982033133701,0.354583606484516,56
"main_M4_S4_r010","main",4,4,10,260925210,"monotone","211295a81df6a61ef554639a787a6f2fb893c6980eb0628656c71baf2cd2cddd",0.799479771997467,0.781985577617529,0.812437804864498,0.79616752567092,420,0.0397239969332993,0.0181938688207647,0.0663045144946055,0.04622606983699,1350,0.788323648040534,0.776214957943977,0.805674396382182,0.789107625005357,56
"main_M4_S4_r010","main",4,4,10,260925210,"smooth","9d4fab065c16ce67b1b96dd54ca5be4d92e2c0d36bb6766d7c82d59fb1bef699",0.395317059078434,0.177483194257714,0.611740463782931,0.393891049583091,420,0.0390824342492694,0.0180555339503772,0.0669416326848076,0.0467009277880865,1350,0.36426493627707,0.164102490027667,0.551896021066901,0.364074775434013,56
"main_M4_S16_r001","main",4,16,1,260925251,"monotone","ecc90368c12d9747d1436f5cc0a6bd1545816b778044303ace095a193b3de354",0.932492583250925,0.923378481983133,0.939893443260481,0.930022113473219,420,0.0411649018322426,0.0218336870409671,0.060492894365493,0.0427821810365794,1350,0.929861665129613,0.922634807053412,0.937489638773764,0.929248824986944,56
"main_M4_S16_r001","main",4,16,1,260925251,"smooth","3dec3df0962c6ae7556d5954417fe359e06003fe74a5d1e7a1fb6d05234abadd",0.502722030244781,0.285399059989555,0.697746086067623,0.482672031805644,420,0.0494612162357359,0.0249216102401138,0.0826703630040334,0.0562465498999372,1350,0.385748063867376,0.240838231535906,0.57182457582862,0.408890836882315,56
"main_M4_S16_r002","main",4,16,2,260925252,"monotone","6dc9300772738b68f9ab95c512d8ec489728af872273f164f3037118b481bbb3",0.935585728730319,0.927800197779975,0.941182235358171,0.933659071344179,420,0.0273465260725119,0.013885154279492,0.0424794719941333,0.0290794384958187,1350,0.932510583450927,0.926144846053845,0.937447527194747,0.930904359254785,56
"main_M4_S16_r002","main",4,16,2,260925252,"smooth","e20dcdf37578f91946a928e5aa63fa4d0514baf83cd4043c0b5f29dfca619769",0.50748252758364,0.272671029678108,0.718377981977578,0.486700155927658,420,0.0452840587117635,0.0210709007877865,0.0699007766752964,0.0500384433901117,1350,0.446910076778631,0.268287314303492,0.636021955799509,0.443312338391061,56
"main_M4_S16_r003","main",4,16,3,260925253,"monotone","a427c0861cea8a45de081fd39fbeddff4666a140c3a2243d881906a99be020df",0.935458393982155,0.928037867087412,0.94248702763364,0.934461509889792,420,0.024413826820298,0.0101456682852032,0.0513246813853487,0.0343706011548276,1350,0.934365715174613,0.924286825409171,0.943861487349859,0.933165098659826,56
"main_M4_S16_r003","main",4,16,3,260925253,"smooth","064974d6a7f7ab85d4b6e08a39c3caada53fe985898a41a4f1f7a13935dfe8d3",0.517025966955188,0.270294558828431,0.694021600240003,0.487155956759308,420,0.0356792853253925,0.0176431960355115,0.059621773575262,0.0421789845401574,1350,0.486696518850209,0.28079478660874,0.638860542894921,0.476140711087266,56
"main_M4_S16_r004","main",4,16,4,260925254,"monotone","76d04dd599335aeeed7db5ecc3e3b6dac7751081d5ba16e7a32762ed525abe0e",0.933266147401638,0.922868142979366,0.939907443416038,0.930711165573797,420,0.065881620906899,0.0224558050645007,0.0971473016366848,0.0710446659283869,1350,0.935424393604373,0.92824531383682,0.94240991566573,0.934428422220564,56
"main_M4_S16_r004","main",4,16,4,260925254,"smooth","f3cd53b2398668f4640fb84b30f2dbf2871d619a42c73cf7cf0b486fd9ec2a82",0.547458971766353,0.270008666762964,0.728235091501017,0.497670878882781,420,0.044136490405449,0.0213425704730053,0.0731353681707575,0.0504773740284357,1350,0.329763219591329,0.168108312314581,0.547375415282392,0.360919161006551,56
"main_M4_S16_r005","main",4,16,5,260925255,"monotone","b3b0ba00a8835f41a05a269dcebca34fcc093ee1c8534ab9fa6a2c8f966a9659",0.933742152690585,0.92632607028967,0.939326325848065,0.932295097458755,420,0.0580119779108657,0.0284833164812942,0.0814555717285748,0.0569332192579918,1350,0.932713252369471,0.923515594617718,0.945139279325326,0.932383510610435,56
"main_M4_S16_r005","main",4,16,5,260925255,"smooth","7bcbabcaaee9d60e4f4f44657922d3a2324555c493507d66cf4b8e45464ee20f",0.468904987833198,0.21484560939566,0.712139023766931,0.462382560864433,420,0.0422062467360748,0.0187759863998489,0.0706651185013167,0.0491953894137918,1350,0.33762775141946,0.176978077534195,0.624321603573373,0.387195810112176,56
"main_M4_S16_r006","main",4,16,6,260925256,"monotone","b1dc8022961abdfaedb879682f3dea129833d0594e6e86fd24f603be7fd01d52",0.934901276680852,0.928352981699797,0.940651007233414,0.933501415624195,420,0.0356921743574929,0.0149708330092557,0.0661709574550828,0.041925160814544,1350,0.933121256902854,0.927173301925577,0.938157312859032,0.932120198160932,56
"main_M4_S16_r006","main",4,16,6,260925256,"smooth","909745e6f8ae37b054d9fb1cefdc04fe3b4e55953986095b165b0e6fc127a99f",0.463245813842376,0.238279425326948,0.681304236713741,0.45894443694877,420,0.0450142779364215,0.0207762308470094,0.0734351492794364,0.0512076264221866,1350,0.330769897443305,0.220507227858087,0.502435249280548,0.361659732727189,56
"main_M4_S16_r007","main",4,16,7,260925257,"monotone","625cb6d2f963578f441601931d9a8110fb5531e96a1e7a8ea6dcf135e02b69a0",0.935961288458761,0.93075867509639,0.941064011822354,0.935174406699757,420,0.0566815186835409,0.032847698307759,0.0966526294736608,0.0634885424652867,1350,0.935699729997,0.931146234958166,0.939710219002433,0.935320273399863,56
"main_M4_S16_r007","main",4,16,7,260925257,"smooth","49a56d1481d7ad94ffc65c45394ab08c5d4e19953f8bfe1fc5348a66e3211431",0.512563695152168,0.274103601151124,0.696987299858887,0.4862205580062,420,0.0368352981699797,0.0170153001700019,0.0651631684796498,0.0452819217332867,1350,0.413776153068367,0.280885232058134,0.602297247747197,0.424175847985613,56
"main_M4_S16_r008","main",4,16,8,260925258,"monotone","29fda5003092aa38af2a9811a07b63d0cc7388c397a233a4d26238a164964ae6",0.932255691729908,0.923862820698008,0.938628762541806,0.930617340192669,420,0.0391353237258192,0.0195936621518017,0.0579193102145579,0.0393735601177462,1350,0.930609228991433,0.924797386637629,0.933959599551106,0.928681517096222,56
"main_M4_S16_r008","main",4,16,8,260925258,"smooth","5c43a771cd0005e395492ba1e93ee009bb1b0b30aab1122f35b63734c5928ff0",0.443464705163391,0.22310925676952,0.645091945466061,0.44276751328983,420,0.0434564828498094,0.0193414371270792,0.0698798875543062,0.0480720488663866,1350,0.454345714952388,0.212850476116401,0.625590284336493,0.425893073415101,56
"main_M4_S16_r009","main",4,16,9,260925259,"monotone","e7dc3d5a01acf6864af27b9bdafd9f624ff629157c3f29e05ef929854c35f86a",0.934715719063545,0.92808564539606,0.940770675229725,0.932181885618835,420,0.0369592995477728,0.0184704274491939,0.0619364659607329,0.0473283606031837,1350,0.937215302392249,0.929248324981389,0.942365470727453,0.934911324411541,56
"main_M4_S16_r009","main",4,16,9,260925259,"smooth","d9a6821f0360245f8668cc6ce99ad612b4ac758adcac3af072213b14b2a0932e",0.511476794186602,0.28994866609629,0.684777164190713,0.486728941432683,420,0.0321430238113757,0.0146930521450238,0.0569854109490106,0.0393076700029177,1350,0.494925276947522,0.287485083167591,0.659083100923344,0.4562093864535,56
"main_M4_S16_r010","main",4,16,10,260925260,"monotone","352a55982a528612226459ad88de9a6151ac10427f338f8a79810e12d0e5775a",0.937341748241647,0.927146857187302,0.942526694741053,0.933926443627151,420,0.0191782130912566,0.00872254136157068,0.036630851453905,0.0250450163849557,1350,0.940293781042012,0.935326725852509,0.943995377726419,0.938769962523393,56
"main_M4_S16_r010","main",4,16,10,260925260,"smooth","c97ff8db74e48a6affba54f609a61904f5ffdf49a2c83701cb9ff8a3c53a8875",0.459789330992567,0.245454838387093,0.674353492816587,0.457518992539071,420,0.0376359737330415,0.0174047489416549,0.0620272447471639,0.0438593742399607,1350,0.353327036967077,0.155289169879665,0.583286925410282,0.378510832660045,56
"main_M5_S1_r001","main",5,1,1,260925301,"monotone","10d3e7cac2affbc2b3629895b0b9994b34010110bd54a1314d46d8f63d769867",0.500679118656874,0.471395682174246,0.52886832075912,0.49792691164582,330,0.0392562139579329,0.0182054245047167,0.0668791875465283,0.0463632216283885,1440,0.501662462916255,0.471998577761975,0.529890554339493,0.50018266465587,55
"main_M5_S1_r001","main",5,1,1,260925301,"smooth","3627e18b28e002478ad15294d546f5ed0c788a52a18dc15713a9d8f82e377409",0.223054922832476,0.10484483160924,0.362967699641107,0.240049863180298,330,0.0384137601528906,0.0197105523394704,0.0661765130723675,0.0454574340949467,1440,0.190614562384026,0.0703034478160869,0.297492194357715,0.199064062327965,55
"main_M5_S1_r002","main",5,1,2,260925302,"monotone","ee720f73e977be270f76f1f6f43d3e8b3226300a508209a6867c5dabae8fbd1e",0.498369537439305,0.470898676651963,0.531479460882899,0.498503059461603,330,0.0444549383882043,0.0204668940766009,0.0731094789942111,0.0509823140010198,1440,0.486896076623074,0.457023744708275,0.525958510650118,0.488205295210351,55
"main_M5_S1_r002","main",5,1,2,260925302,"smooth","bd06c8db226ede62f5cce6bc7c720ecff094ead6073c44faa7a532def11fa6ba",0.281579573106368,0.146693185479839,0.389284769830776,0.273889620995789,330,0.0401626684740942,0.0180709785664285,0.070014111267903,0.047684737855112,1440,0.245012055689508,0.141741574906388,0.346732074800831,0.245889212910446,55
"main_M5_S1_r003","main",5,1,3,260925303,"monotone","efa860d5d9fad2162fd94e66a7eb1f98657602215dace9216c296a87e4c5a6cf",0.493335259280659,0.463053033922599,0.519276214180158,0.490262041295408,330,0.0379128656985078,0.0176731963688485,0.0656242847142746,0.0444418796011314,1440,0.508890098778875,0.474047044967166,0.535623951377238,0.504022513381462,55
"main_M5_S1_r003","main",5,1,3,260925303,"smooth","9f6ea6608134492a23304d541133f08aadc7d1e53ee7bd6f8ecb2f7cc463273c",0.248672096356626,0.116531183679819,0.359048322759142,0.241555704827697,330,0.0367506305625618,0.0174469716330181,0.0620145779397549,0.0436243232949502,1440,0.206857853976155,0.131239902665585,0.326820964677385,0.223269785825903,55
"main_M5_S1_r004","main",5,1,4,260925304,"monotone","95c72a196839c9596df2f41f7a0d5300cb64dbbee1edc2f45f65cc41ca57f200",0.506151846131624,0.480263669596329,0.53415271280792,0.50716870726173,330,0.0373821931354793,0.0174733052589473,0.0612706807853421,0.0427959779800022,1440,0.500018444649385,0.467039189324326,0.531626795853287,0.500951998456548,55
"main_M5_S1_r004","main",5,1,4,260925304,"smooth","dd1515e6fad1ceac1cd4c3ed11758e2742b89fe4c88df0dff4e8fbd137fd8e42",0.260404004488939,0.142660029555884,0.37271480794231,0.255870036266396,330,0.0380819786886521,0.0180172001911132,0.0640589339881554,0.0447047723369766,1440,0.237155079500883,0.143185368726319,0.318780653118368,0.230765085268624,55
"main_M5_S1_r005","main",5,1,5,260925305,"monotone","4f7dbcedc5193581381038da50b3c432fb9993e141c50dcddc39448b20ce5eda",0.504576717519084,0.47830542561584,0.532334914832387,0.505395086208029,330,0.0377955310614562,0.0173074145268281,0.0642684918721319,0.0457538463390334,1440,0.511803908932322,0.489283436482628,0.529830109223436,0.510456184866701,55
"main_M5_S1_r005","main",5,1,5,260925305,"smooth","e3642898c1628ed86507085a1abd9a61ecc6a6a97f2b154fc2a9b953f19ee356",0.232073467482972,0.114354715052389,0.347189635440394,0.237508951446262,330,0.0374424160268447,0.0176504183379815,0.0611190124334715,0.0430720057383354,1440,0.246500072223025,0.0826869187435416,0.318840876009733,0.214750135607567,55
"main_M5_S1_r006","main",5,1,6,260925306,"monotone","f0c3d1a55e6eee917fb190bc2f2538bad8b05bca4e5bf47aed03612c3ec03b72",0.517862642918255,0.49028633651485,0.545264725163613,0.517540728230314,330,0.0372910810120112,0.0170296336625963,0.0643793819931333,0.0441186108858,1440,0.527575195279948,0.497052411693463,0.552606584517606,0.522304453887872,55
"main_M5_S1_r006","main",5,1,6,260925306,"smooth","2f4049009036b92834a8f3bf09aae66308b61283f2651cab8946da48fcee1d77",0.281076011955688,0.138796653296148,0.378009977888643,0.263937505029517,330,0.0396088845431616,0.0185182057578418,0.0648818320203558,0.0459890381498066,1440,0.228567872976366,0.132999922221358,0.348772319692441,0.237471713322067,55
"main_M5_S1_r007","main",5,1,7,260925307,"monotone","baf766515705a3e6e5dcb6943747d4574a6df18a5ceede255dbf23cb673913bf",0.504334048156091,0.476458071756353,0.532747252747253,0.503165746959478,330,0.0393113256813965,0.0183617595751064,0.0660322892476583,0.0455740264398,1440,0.487745863842932,0.467630529228103,0.514487494305492,0.487434749274992,55
"main_M5_S1_r007","main",5,1,7,260925307,"smooth","49806d2e1982ec14ab4cf5e92c90e8bb9624f32ba9b445791c867a91a899c18d",0.229079434215936,0.109605662285137,0.355618395759953,0.236894439567847,330,0.037793086589851,0.0176803075589729,0.0651766130734786,0.0450361186111944,1440,0.186735408171202,0.0961497349970555,0.287260747341637,0.191554823336421,55
"main_M5_S1_r008","main",5,1,8,260925308,"monotone","dddc4ef251a686c56bba8eb5720145eb31b3d7e94f726100c6af1df4b2c8242b",0.501462682918699,0.476284069822998,0.530192668807431,0.502890498109912,330,0.0370295225502506,0.0186786519850221,0.0636482627584751,0.0446235229774158,1440,0.518846209402327,0.492227913643485,0.553537483749819,0.520416166240231,55
"main_M5_S1_r008","main",5,1,8,260925308,"smooth","01dd2d8e13897a8a66c7ce5dbb9f3acecdb16702ff8a27ba41ba2624488fd650",0.24553050589451,0.138731763686263,0.364251380570895,0.249844354499562,330,0.0371106345626063,0.0171023011366793,0.0634532605917844,0.0431554122206296,1440,0.211778353092812,0.13595951066123,0.353602151135013,0.234175208007362,55
"main_M5_S1_r009","main",5,1,9,260925309,"monotone","dc947a6be6a31ab098a5c18e7fbeb9748a7fca6d4413f87c66226b6ea4386953",0.505935177057523,0.477866754075045,0.534949166101846,0.505635809421451,330,0.0374873054145046,0.0188093201035567,0.0649718330203669,0.0458474479963358,1440,0.512775475283059,0.486784519827998,0.530707230080334,0.508564293138611,55
"main_M5_S1_r009","main",5,1,9,260925309,"smooth","bfd3386db17b9d492ee77e0edc9a06788d75f8706798fb773280f96e16b9a820",0.285397171079679,0.130446116067956,0.405510727896977,0.274016204220451,330,0.0386346514961277,0.018702541139346,0.0656606184513161,0.0452808136139784,1440,0.289737441527128,0.141325570284114,0.363951155012833,0.256655255765468,55
"main_M5_S1_r010","main",5,1,10,260925310,"monotone","819b715f857b54a504ba269356653c525963042caba1f32a97941da52a162260",0.5109583439816,0.486261514016822,0.537313859042878,0.511536916066744,330,0.0389053211702352,0.0186808742319359,0.0652236135957066,0.0449577436662877,1440,0.515764397382193,0.491799242213802,0.547546972744142,0.51687013896114,55
"main_M5_S1_r010","main",5,1,10,260925310,"smooth","16b59e606b631e368ffc9a763848ff925a55df23580209e12e237be598d589ef",0.260762008466761,0.123227702530028,0.375359837331526,0.25581716025801,330,0.0394917721308014,0.0192237691529906,0.0675180835342615,0.0462916239192781,1440,0.254983722041356,0.149160768452983,0.387564084045378,0.263368744501202,55
"main_M5_S4_r001","main",5,4,1,260925351,"monotone","a6f5b6de8e07a2e3f4ec975ebbc7a8d4001d6dc47f50ea002c70801e1a26e66f",0.796785964288492,0.784082712030134,0.81322403582262,0.797062682514654,330,0.051148123868043,0.0232448138312648,0.0813251258347315,0.0564071619314289,1440,0.792273247480528,0.778293092145468,0.806590962121801,0.792982459401064,55
"main_M5_S4_r001","main",5,4,1,260925351,"smooth","da0a024d17bd05c877bd0ee49700f8b76695f85715f6b129b07a16c5e8cd59c6",0.403625818064645,0.199617106856743,0.612397359970666,0.405017356758509,330,0.0406940077111968,0.0191675463060701,0.0675929732552584,0.0475171035851016,1440,0.332068134090379,0.180714896832187,0.549470771897466,0.36668950463086,55
"main_M5_S4_r002","main",5,4,2,260925352,"monotone","3e61477a75952801b11274175db6b5dc8ff044a6d2c68faac29602fb05a7d6c3",0.802809364548495,0.783658373981933,0.817213857931755,0.799397756271366,330,0.0295383282036467,0.0142700474449716,0.0510184557606196,0.034569433796178,1440,0.811613462371804,0.781422238024867,0.82093512150135,0.804490158981564,55
"main_M5_S4_r002","main",5,4,2,260925352,"smooth","08058c747cf6c9df4312c436efadc291c64bb256f30d3328787cf23004ff2ef4",0.411178568650763,0.227456193957711,0.604142490472116,0.409138430157642,330,0.0375193057700641,0.017457860642896,0.0632275914176824,0.0433201890514833,1440,0.313012811253458,0.117558861765131,0.443736930410338,0.313871754130601,55
"main_M5_S4_r003","main",5,4,3,260925353,"monotone","c090179c21f092e72dd215906caaf57bbe005c785caa062ba5661fa4060300a9",0.803982488694319,0.792575361948466,0.813356592851032,0.802335062982181,330,0.0344848276091957,0.0153265036278181,0.0592394359937333,0.0409117737110659,1440,0.802551139457105,0.792862365137391,0.815513061256236,0.801296701276479,55
"main_M5_S4_r003","main",5,4,3,260925353,"smooth","01430b1a76ca08e92d3f17abbd10144899031df7bf6445c183e7c22681da37f1",0.409296992188802,0.224217269080768,0.588792875476394,0.400012676235123,330,0.0402960032889254,0.0194803275591951,0.0684957610640118,0.0481791945836435,1440,0.378949988333204,0.239671774130824,0.559369326325848,0.380478829562753,55
"main_M5_S4_r004","main",5,4,4,260925354,"monotone","0c979585ac900bcbfd976439e695b5c1df786e05043822d4f9ef14d1cf9ada86",0.800682452027245,0.787916865742953,0.813454816164624,0.799684365516519,330,0.0306912299025545,0.0146102734474827,0.0508770097445527,0.0348315200415807,1440,0.792086578739764,0.775775508616762,0.801970688563206,0.789229399518581,55
"main_M5_S4_r004","main",5,4,4,260925354,"smooth","111ce9d1e2712fba94c6f0d7e8deed8a77bb59aa593b72f175f3e6d5020d266f",0.354524828053645,0.199080767564084,0.518766986299848,0.36557615084612,330,0.0382130912565695,0.0179590884343159,0.066069289658774,0.0447458357561998,1440,0.364844498272203,0.201919132434805,0.526188957655085,0.375720538309012,55
"main_M5_S4_r005","main",5,4,5,260925355,"monotone","ff0ea9cca8e8db965e5f050480ccf65d57e898da661e0c1a826503e2975297fe",0.804951166124068,0.7900890009889,0.818199202213358,0.803031555569473,330,0.0260334003711152,0.0112357915087945,0.0451077234191491,0.0309074699595428,1440,0.803164924054712,0.788762764030711,0.817508194535495,0.800405960066223,55
"main_M5_S4_r005","main",5,4,5,260925355,"smooth","a39b671933d5afa065c129b2ca4cd2c955481a2c15709b35c4a1845a85be5b33",0.423308703430038,0.241663129590329,0.621447349414993,0.423528394759942,330,0.0363917376859743,0.0176380848676096,0.0609802331137013,0.0420818910333572,1440,0.330389893221036,0.236010622340248,0.451109901221125,0.341024968964302,55
"main_M5_S4_r006","main",5,4,6,260925356,"monotone","af15bddde72a88f298548c2589cb5d2df9dc2418ed3283b687855a02311ed8cd",0.795330614784609,0.777282969810776,0.809405882287581,0.79105611880536,330,0.0404368937432638,0.0193886598739986,0.0688235424838054,0.0459409024297801,1440,0.791491905465616,0.781626018066867,0.803057367304081,0.789747296182079,55
"main_M5_S4_r006","main",5,4,6,260925356,"smooth","10504340d6a050f8340a09f614b055f947dcc09615defe53bf48fe92ac3d7d08",0.408600540006,0.201790686563184,0.5795459949555,0.395073430782228,330,0.0376208624540273,0.0179017544639385,0.0671688574317492,0.0459717036979423,1440,0.393616817964644,0.255998399982222,0.564460271780798,0.387463149590551,55
"main_M5_S4_r007","main",5,4,7,260925357,"monotone","06ed12679d40fb5eb42c4e41d518437f0c731acd71a461fc47f46f7563d333ba",0.800086889854332,0.784112823475816,0.814200380004222,0.798690474338604,330,0.0359057322859143,0.0171957466194069,0.0591448793875488,0.0409590634340382,1440,0.795986177624196,0.785363170701897,0.810790119890221,0.798401889313922,55
"main_M5_S4_r007","main",5,4,7,260925357,"smooth","c7c03caa872caca6bd5e266c755596c801a0360025513de69beb5cb4863f125c",0.398067756308403,0.205093612151246,0.564092712141246,0.392587287333496,330,0.0403020033555928,0.0188542094912166,0.06586173179702,0.0462762070813132,1440,0.401026233624818,0.246448293869932,0.518329536994856,0.376524838154767,55
"main_M5_S4_r008","main",5,4,8,260925358,"monotone","a0c1c423731400355c3871b98131395b98a914ec9e2b507557fca3335a56ff38",0.801365570728564,0.785825842509361,0.814019377993089,0.799289680996455,330,0.0531599239991555,0.0277565306281181,0.0814562384026489,0.0579276146278168,1440,0.814285936510406,0.801933799264436,0.822766475183058,0.81055919611228,55
"main_M5_S4_r008","main",5,4,8,260925358,"smooth","8d7b8c20c6697fed0a8cd566256d280571ce6907bacc02c4cf870bd9916d82e1",0.437075745286059,0.22122301358904,0.599442104912277,0.40987331374389,330,0.0346610517894643,0.0170110779008656,0.0604953388370982,0.0417860047210401,1440,0.322995144390493,0.193055256169513,0.48294003266703,0.334336167371557,55
"main_M5_S4_r009","main",5,4,9,260925359,"monotone","4fd997a72e9e017a86612db62f157c7c9f4093ca854c50df38a5f39eae201e3b",0.803601151123901,0.78880587562084,0.815083500927788,0.799306411148676,330,0.0365532950366115,0.0178753097256636,0.0586396515516839,0.0413054533939266,1440,0.80538139312659,0.796683740930455,0.816528405871176,0.804383458806108,55
"main_M5_S4_r009","main",5,4,9,260925359,"smooth","be1bed232dd9b10a33052b356db1d159b13aeb7fefae55871fc977c5f4764d53",0.418391093234369,0.226328514761275,0.602958143979378,0.413161343543548,330,0.0344148268314092,0.0163497372193024,0.0616007955643952,0.0425600201113346,1440,0.363292036578184,0.216995299947777,0.56636451516128,0.388574273047478,55
"main_M5_S4_r010","main",5,4,10,260925360,"monotone","5bb448866d4c2701652f7dab70a2b5963f43815814ca7882d1aeabcb26bda245",0.791860131779242,0.774013489038767,0.806367070745231,0.787804043613953,330,0.0369148546094957,0.0168648540539339,0.066775519727997,0.0445330941948738,1440,0.787320748008311,0.776214846831631,0.801523572484139,0.787505307634731,55
"main_M5_S4_r010","main",5,4,10,260925360,"smooth","28ef4b7ad2c2c866bd50f6bf7346cce7233e16a29e05754382ce1880c18b66e9",0.369665885176502,0.213712263469594,0.547604862276247,0.382799391373709,330,0.0368944099378882,0.0188093201035567,0.064905610062334,0.0456230026012635,1440,0.329311214569051,0.187397637751531,0.503456260625118,0.356017733530373,55
"main_M5_S16_r001","main",5,16,1,260925401,"monotone","a2b68301af560e88c985240a2a71a79284be1d6cc1aa5a516e65c52e7725f9f2",0.932014133490372,0.92461138457094,0.938251869465216,0.929643332737367,330,0.0303356703963377,0.0138111534572606,0.0550449449438327,0.0364571874872684,1440,0.930919676885299,0.922208468982989,0.935199946666074,0.928292819415165,55
"main_M5_S16_r001","main",5,16,1,260925401,"smooth","1101bebf4abb1f2a493351e2aa2dbb55edac4d29e0eb698c2a04bbd14d28b36f",0.432515694618829,0.219327214746831,0.669847776086401,0.445063285888362,330,0.0412277914199047,0.0186113179035323,0.0713021255791731,0.0495461517473651,1440,0.332171246347182,0.182548917210191,0.558966210735675,0.371708493730738,55
"main_M5_S16_r002","main",5,16,2,260925402,"monotone","01e6f286e6bf4f17c843cca33620ecdeda54f86bf58afac4c8d415ead9bcaf7d",0.935937732641474,0.929959666218514,0.941183457593973,0.933762880193618,330,0.053336592628807,0.0223059145101612,0.0818552428360315,0.054318003842018,1440,0.935030389226547,0.927498305536728,0.939974888609874,0.932606362292914,55
"main_M5_S16_r002","main",5,16,2,260925402,"smooth","6f446cd936798727965b0e4c8762c2ce33e90dfdba8fe94e31383c318472642d",0.446795408837876,0.237271414126824,0.63999199991111,0.44118346230783,330,0.0359921776908632,0.0185995399948888,0.0625142501583351,0.0436023708905408,1440,0.401934688163202,0.18731741463794,0.518645540506006,0.381248955291422,55
"main_M5_S16_r003","main",5,16,3,260925403,"monotone","626e495f0cb05d22897040e4fbc9769da2f8165baf92edef7d0df70d770bc514",0.933071256347293,0.924790831009233,0.940095889954333,0.930306381182013,330,0.0467525194724386,0.0253590595451061,0.0698977766419627,0.0487771361039814,1440,0.934125934732608,0.92980833120368,0.938457316192402,0.931894014984005,55
"main_M5_S16_r003","main",5,16,3,260925403,"smooth","a1730ade95382b592de0726280b9542152e00ba9261985b3d25fef2fc18e5acf",0.477590639895999,0.24065289614329,0.689047656085068,0.469180928946349,330,0.0410009000100001,0.0212929032544806,0.066896298847765,0.0473005675371702,1440,0.312553695041056,0.209227435860398,0.523762708474539,0.356994156500729,55
"main_M5_S16_r004","main",5,16,4,260925404,"monotone","712feed77e7e15bd1e83422701dd03a2633804e0ff49243780afe23a02456baf",0.926895854398382,0.914962944032712,0.93532928143646,0.92455951732797,330,0.0437771530794787,0.0199471105234503,0.064405493394371,0.0447410116285243,1440,0.930226335848176,0.920775564172935,0.937056856187291,0.92835820195982,55
"main_M5_S16_r004","main",5,16,4,260925404,"smooth","2780055e25ef496221de0e32a4bbb48ad4d09ce80dbe4b60a46179447e9941a8",0.483484705385615,0.260445449393882,0.708847431638129,0.480064500379971,330,0.0382610917899088,0.0179083100923344,0.0657102856698408,0.0452587392946341,1440,0.324909387882088,0.186316292403249,0.563781153123924,0.374195074894772,55
"main_M5_S16_r005","main",5,16,5,260925405,"monotone","eaca8c656778dff0af27db02abd6ded8e412233e704ccb90d4fdb81fa1d16546",0.934030822564695,0.921881687574306,0.939214435715952,0.930527242895291,330,0.0402237802642252,0.018891654351715,0.0775018611317903,0.0499546340638353,1440,0.934461938465983,0.9170566339626,0.939242436027067,0.928588345931116,55
"main_M5_S16_r005","main",5,16,5,260925405,"smooth","f8c419c0c61842e616d51cc0ba6a55332ca38206006c8cccd3c99e1290dd4e6f",0.487694529939222,0.256956966188513,0.690703896709963,0.468275133023364,330,0.0425100278891988,0.0203634484827609,0.0704717830198113,0.049676325107316,1440,0.463652707252303,0.263231813686819,0.598834875943066,0.427072745252725,55
"main_M5_S16_r006","main",5,16,6,260925406,"monotone","d73e54d65aafae7c44cf3549890cd66bc8623bf1e91adda75772620d78dd7bc1",0.932803253369482,0.926842076023067,0.938815542394916,0.931998515808425,330,0.0436542628251425,0.0207507861198458,0.0661760686229847,0.0507734027291661,1440,0.924428049200547,0.917176857520639,0.934498605540062,0.924637223241874,55
"main_M5_S16_r006","main",5,16,6,260925406,"smooth","68cffce1a41a8753c03970df9808eeffafbba6c7c2b73d0a0cec360e72b78e3a",0.513494372159691,0.231654018377982,0.718099201102234,0.484814501979315,330,0.0395648840542673,0.0196778853098368,0.0673485260947344,0.0468656923348531,1440,0.486505850065001,0.213186146512739,0.652747919421327,0.437933948761047,55
"main_M5_S16_r007","main",5,16,7,260925407,"monotone","8154c63ab80f4a8c704d1a5b1fc038e7b67e56ac372ae82c2ab55c42afdafbd6",0.936722852476139,0.92917554639496,0.942198579984222,0.934470867858128,330,0.0500778897543306,0.0276929743663819,0.0889847664974055,0.0630077655183823,1440,0.938713096812187,0.929191879909777,0.943032922588029,0.934892464461726,55
"main_M5_S16_r007","main",5,16,7,260925407,"smooth","215be7659809d27099c2bdee898856436f7ae65412854067c287ebd4a0af39e4",0.437837087078745,0.224002266691852,0.63257913976822,0.434734811531576,330,0.0422124690274336,0.0200642229358104,0.0729870331892577,0.0499501904959438,1440,0.435172390804342,0.219018211313459,0.592977699752219,0.412304726618175,55
"main_M5_S16_r008","main",5,16,8,260925408,"monotone","e2b2a83cbf13903c7162f8aaf2e7202c414e7a8add820a42deacf4827958c7b5",0.930978566428516,0.921180346448294,0.938446649407216,0.927817755550819,330,0.0313127923643596,0.0139042656029511,0.0522569139657107,0.0358640494153639,1440,0.927500083334259,0.916857965088501,0.93548483872043,0.924384024468959,55
"main_M5_S16_r008","main",5,16,8,260925408,"smooth","b19588a194ab9ffc1dad49680fe5cc95f8899ff7cae981c6963c0960cdf18e63",0.49367548528317,0.217612084578718,0.672202468916321,0.454849793280531,330,0.036754186157624,0.0173281925354726,0.0621438015977955,0.0436119497006757,1440,0.361442682696474,0.182528028089201,0.576407293414371,0.37749558833482,55
"main_M5_S16_r009","main",5,16,9,260925409,"monotone","af8be33b1169067786f9543f6d2a7b719ba5ddae284f31d428e73a7e11e70b5b",0.930914787942088,0.924053267258525,0.937531972577473,0.927230975967073,330,0.078000644451605,0.0319061322903588,0.134379937554862,0.082830252743549,1440,0.936096623295814,0.931743019366882,0.940675785286503,0.933545079793816,55
"main_M5_S16_r009","main",5,16,9,260925409,"smooth","6106ef8551662ac9f59ced5efc524eb6b9c6db49bfc3ba02b1a705d30c4e628d",0.471286125401393,0.252890365448505,0.706819742441583,0.473637936044407,330,0.0409935665951844,0.0196524405826731,0.0665937399304437,0.0466184581063246,1440,0.435432393693263,0.222973144146046,0.605810509005656,0.424628491831727,55
"main_M5_S16_r010","main",5,16,10,260925410,"monotone","0f9265c6a1ceae5df2f63e3699e0ad9c864cdd7f8674ba17015de62ff0e3484a",0.934710830120335,0.923220924676941,0.940420004666718,0.929733089963626,330,0.0499863331814798,0.0229819220213558,0.0864428493649929,0.0570302663856759,1440,0.934667718530206,0.92785142057134,0.938848209424549,0.932152918870816,55
"main_M5_S16_r010","main",5,16,10,260925410,"smooth","76569e9f824f6aff30c7eafc16d8cc171c20eaa51a2c6193eb772ac3c10caa35",0.520357115079056,0.282290581006456,0.724057045078279,0.494117641037762,330,0.04385115390171,0.020098001088901,0.0780837564861832,0.0529857677430984,1440,0.444546272736364,0.208768319647996,0.682462916254625,0.440399826664741,55
