"truth","isomap"
0.778471486177295,-0.74689049325756
0.246146415127441,0.982691383431149
0.679872040636837,-0.313151122867572
0.527098056161776,0.0610362620688228
0.313351903809234,1.17722118260408
0.384765552356839,0.623433885403291
0.160123829497024,0.955218943844223
0.422491617267951,0.619817475260516
0.0135256655048579,0.376499536093353
0.391913562314585,1.18653961028859
0.276688331505284,0.820844181176075
0.189540534280241,0.342791581371006
0.278232925804332,1.00259212203711
0.837152093183249,-1.12981257306354
0.886281866580248,-1.47241303417093
0.646208622027189,-0.151905117534652
0.391177695477381,0.930212586940403
0.89040972921066,-1.26407201664936
0.815207723993808,-0.744912090998834
0.523084067739546,0.129589970142061
0.46160133020021,0.818933557878525
0.239522591931745,0.509940918506809
0.844122855225578,-1.65222685306482
0.504314206540585,0.29479416342612
0.226400793995708,0.826288607838361
0.199315553065389,1.24338322135337
0.632734508952126,-0.176847009667401
0.877840438624844,-1.57735261150697
0.0428086870815605,0.599977381756606
0.114870441379026,1.30792891199402
0.460007640998811,0.518016363366831
0.0820784405805171,0.932239301421018
0.784147256519645,-0.820235599205894
0.549017497338355,0.262449774249615
0.011664830846712,0.306247491194878
0.394631602335721,1.06177279553141
0.775279701687396,-0.933089226354545
0.711260516662151,-0.461265898126347
0.217865057755262,0.833432109566098
0.577240915037692,-0.063113229114053
0.278252136195078,0.987674395581994
0.303298376267776,1.11370317251399
0.861825156258419,-1.18652547421006
0.233159884577617,0.743119283365685
0.846085395198315,-1.63573683698744
0.705143352970481,-0.492764353611477
0.844384315889329,-1.36484055411296
0.0616365789901465,1.2470053233491
0.880453587276861,-1.24581109017374
0.889522481942549,-1.64852993051928
0.974204840138555,-1.72330543062956
0.408894141670316,0.743478609346219
0.360893121454865,0.744508832692427
0.730651457095519,-0.485683698475332
0.682647870387882,-0.452535885500355
0.921044582733884,-1.49457073250524
0.452876471215859,0.403609986427851
0.863481552805752,-1.64714021956197
0.187926051439717,0.911610120037801
0.399982482194901,0.680486736331862
0.339748047292233,1.16799131304809
0.91992927226238,-1.32451906899464
0.477306694956496,0.573784610650493
0.341162228258327,1.1729462926673
0.303800541907549,0.870520877095488
0.959490412147716,-1.79845406788764
0.860324216773733,-1.1434882939923
0.786057888530195,-0.834349483402594
0.463080510729924,0.487936660693515
0.881614449899644,-1.59200316981612
0.121264982735738,0.807590257912596
0.214760773349553,1.32372961947426
0.721292574657127,-0.488260709943916
0.481248938012868,0.499139761381282
0.328129939036444,0.991688848120327
0.281297236215323,1.25006472438951
0.0470693151000887,1.30204329953657
0.805617938051,-1.07260988934697
0.566750146215782,0.285822800093418
0.965916692744941,-1.72627740121814
0.333090293686837,1.16634527424629
0.815653833327815,-1.60089364478081
0.721470264950767,-0.606402609582405
0.37016412592493,0.926518801554538
0.7231498376932,-0.642541833741417
0.752533880062401,-0.752736401435625
0.324171230196953,1.2141394002705
0.81399745773524,-0.88306726626314
0.886179227614775,-1.64586895174891
0.293581638718024,0.893944107150972
0.385555183980614,1.18072175943649
0.0845403936691582,1.2865155946244
0.20623180619441,0.861776279306614
0.576842356938869,-0.00156699435904731
0.585517441853881,-0.236426838616923
0.294662799220532,0.779663826631662
0.097106538945809,0.926032490785792
0.116131377639249,1.2528851157798
0.19162760511972,0.805376347543201
0.827114508487284,-1.17586950879009
0.634071764769033,-0.52921536425534
0.666131121106446,-0.348064825913558
0.743612444261089,-0.651584654879998
0.195733931846917,1.31380710382705
0.871131407329813,-1.65501544978809
0.841687968932092,-1.22448073246135
0.390874836361036,1.01657070700067
0.0124014432076365,-0.0349783533360128
0.213918662630022,0.789824893677914
0.33538834261708,1.20329765837246
0.637465486302972,-0.312065837916521
0.903009796282277,-1.65845515580935
0.00168960192240775,-0.0713765295147026
0.686527569079772,-0.526896483994416
0.57337029511109,-0.220528492426731
0.419890268007293,0.70763484946178
0.33168457983993,0.985211077989802
0.430442491080612,0.612516607746585
0.095575995510444,1.24533104798367
0.0313330802600831,0.593693027537081
0.0410858963150531,0.565640650570567
0.693842920707539,-1.02803610322393
0.733183592557907,-0.65666998689439
0.684429942630231,-0.470695912354013
0.389367757830769,1.0452271807649
0.419194548157975,0.880949670941098
0.563161333557218,-0.204468257906249
0.148744304897264,0.986097411934431
0.713550734333694,-0.549085986163436
0.51349035766907,0.463282916294975
0.933185513596982,-1.68755226949949
0.401260192273185,0.730144392619957
0.370026999386027,1.07308740913956
0.29083734867163,0.988795284989309
0.734535882249475,-0.985362236461337
0.979589744936675,-1.64849700573583
0.315193983027712,1.1486179331737
0.623337582685053,-0.258324131454113
0.429294107481837,0.624351225798283
0.667554256971925,-0.469354921874041
0.056564271915704,1.0679476411483
0.0188247417099774,-0.0598993891115948
0.433436377905309,0.992878595449176
0.860978727927431,-1.24567761607414
0.52431797166355,0.171763171500285
0.0532788448035717,0.776652134562496
0.633849765639752,-0.237551344946052
0.0767139585223049,1.26088942440404
0.670405944110826,-0.495965754043096
0.00415830058045685,-0.0392844097846753
0.466076106298715,0.571598059890392
0.219209843780845,0.892352209597552
0.597467918181792,-0.0725355063948519
0.177600661059842,1.30392807907879
0.870400001760572,-1.62925309802648
0.338348060380667,1.20286489717918
0.836977343773469,-1.18505216934054
0.238164914771914,0.816755206439729
0.0283358711749315,0.528609905039049
0.046672725584358,0.656868094417745
0.858966930536553,-1.43705130870971
0.918272819137201,-1.70680808260143
0.477111227344722,0.0727283790153402
0.986287956358865,-1.66959610991905
0.874197818571702,-1.37428829041301
0.958613796625286,-1.76510287946664
0.380259323865175,0.704113933295063
0.202874218579382,1.01044222728916
0.676824897062033,-0.552907353843674
0.217762583168224,1.2592881353207
0.538777626818046,0.119347143331128
0.981501301983371,-1.4140407228127
0.890685983235016,-1.67332262158225
0.964599778410047,-1.73263419952151
0.00457401433959603,-0.0139419218014281
0.374866130994633,0.846809435799116
0.456332342466339,0.234999521056674
0.922373139532283,-1.52453679958137
0.904401827137917,-1.61679417078195
0.957098284270614,-1.82488758839951
0.72702822717838,-0.522466827344608
0.499996250960976,0.499534272676125
0.999914034502581,-1.08002215191122
0.60146573651582,-0.207785507519878
0.222552304388955,0.987761567886568
0.655752693302929,-0.132643070587699
0.785779255442321,-0.794146019938922
0.440489574568346,0.895009971149464
0.323523396858945,1.17019808157245
0.312582380371168,1.16851926508615
0.188034644117579,0.87901268932442
0.498342359438539,0.171736500384779
0.487513028550893,0.646547471862069
0.0686673102900386,0.830074173549588
0.829481054795906,-1.10591838733508
0.755267476895824,-0.747886079964492
0.0312811506446451,0.419569826481542
0.973794359713793,-1.35839821240351
0.891719254199415,-1.61176620194931
0.25588746345602,0.973790799368648
