"id","input_hash","latent_hash"
"pilot_M3_S1","91b6d5416e81333bee4b095025a1750f9024ca37a2ce1febbea3bd3656fbf0d1","7ff871162db7753b5f54bfce8d90f2d3f25fa013bf3526881de66d8f5c44edd2"
"pilot_M3_S16","167c83095db4d43a75a3c2cbf7cd7cd1d4527b9215f55d1735982a07a1b5eaee","2d6f4221c5b9489fa739ff9f9fd8a351e0d254cfb0ec7f7ebce574b9def5f881"
"pilot_M3_S4","6f46b20d7b96805c6ab3a6b5a69831323990f8ba96f23746f4da3223eeb7185d","d85a20e9f8152a0d2156f6323cc41f388ab50c19888e40003780762563a87da1"
"pilot_M4_S1","280f8189a854cc73c28b3f4308d65b71299a74d8f73a42571eebd47ca59589bb","427999e327497bd68d57605e633a0d44b62465c74aed8a72eece27e641b7091d"
"pilot_M4_S16","6803e51eb7963e4922c5090627a4f3f678d717325fa3078899be43455dbdf922","31408e11a1db57afb4eaf6c43f9c21c8528acaa7570797f50db22a85a3df6dfb"
"pilot_M4_S4","a80c96f7567b9391193cb47ce6155abe6d9517945977270ecf183dafcef00255","b9551007f80482fc332718c3eb9d9f1b5c31fa5143b976526446193e6acda471"
"pilot_M5_S1","cf62f5c600652ee3fc18bf108e313f4cd396ae49b99d78738ceafef1672ebffa","5a02dcd6d42451fb65c4c824a60b26251e804737f5d04eb0950331afb403a456"
"pilot_M5_S16","5a987ec44cf42c9d8aa584b7f4f425ca9918c42b43611c3019dcef28a86ec3e4","4eb27c0ca33db0396845614e7a2ddc3da4b3c41f890e31c67d317b4eba68974f"
"pilot_M5_S4","9b9bafd51a6aef2f2aa920b23c4486d840b86653c83c4f2212b98094d9de06c5","4a223b6aee329bfefb2a898e24f9b04351ebaa40ecd1c8706f4af38ed4d400e1"
