"true_M","snr","method","planned","completed","successful","failed","exact","under","over","exact_rate","lower","upper","mean_ARI","mean_ordering_recovery","median_seconds","total_seconds"
3,1,"adaptive",10,10,10,0,10,0,0,1,0.722467200137111,1,1,0.974307551565388,165.907,1773.634
4,1,"adaptive",10,10,10,0,10,0,0,1,0.722467200137111,1,1,0.96690842120468,183.5725,2220.529
5,1,"adaptive",10,10,10,0,10,0,0,1,0.722467200137111,1,1,0.958910503450038,208.5735,2471.714
3,4,"adaptive",10,10,10,0,9,0,1,0.9,0.595849973204762,0.982123786904927,0.987710865435235,0.992316803520039,135.188,1360.93
4,4,"adaptive",10,10,10,0,10,0,0,1,0.722467200137111,1,1,0.990643162701808,142.135,1484.763
5,4,"adaptive",10,10,10,0,9,0,1,0.9,0.595849973204762,0.982123786904927,0.993809024134313,0.98823646484961,145.3365,1535.031
3,16,"adaptive",10,10,10,0,9,0,1,0.9,0.595849973204762,0.982123786904927,0.986436781609195,0.997980436819668,107.2425,1173.114
4,16,"adaptive",10,10,10,0,10,0,0,1,0.722467200137111,1,1,0.997432227024745,122.5125,1214.364
5,16,"adaptive",10,10,10,0,10,0,0,1,0.722467200137111,1,1,0.996605855620618,153.435,1548.603
3,1,"forward",10,10,10,0,10,0,0,1,0.722467200137111,1,1,0.974293714374604,201.935,1925.16
4,1,"forward",10,10,10,0,10,0,0,1,0.722467200137111,1,1,0.966900965566284,273.025,3236.725
5,1,"forward",10,10,10,0,10,0,0,1,0.722467200137111,1,1,0.958919774664163,439.6095,4862.587
3,4,"forward",10,10,10,0,10,0,0,1,0.722467200137111,1,1,0.992501842613066,146.841,1504.595
4,4,"forward",10,10,10,0,10,0,0,1,0.722467200137111,1,1,0.990638407093412,223.4265,2286.252
5,4,"forward",10,10,10,0,10,0,0,1,0.722467200137111,1,1,0.988330305892288,311.1485,3223.413
3,16,"forward",10,10,10,0,9,0,1,0.9,0.595849973204762,0.982123786904927,1,0.998050333892599,116.628,1202.064
4,16,"forward",10,10,10,0,10,0,0,1,0.722467200137111,1,1,0.997432393693263,164.267,1617.57
5,16,"forward",10,10,10,0,10,0,0,1,0.722467200137111,1,1,0.996608220091334,303.0165,3046.934
