"id","true_M","snr","replicate","selected_initial_M","effective_M","exact_initial_M","exact_effective_M","ARI","ordering_recovery","true_ordering_coverage","converged","iterations","objective","elapsed_seconds","warning_count","minimum_initial_cluster_size"
"main_M3_S1_r001",3,1,1,3,3,TRUE,TRUE,1,0.678159831405534,1,TRUE,230,-28271.6232828088,34.403,0,20
"main_M3_S4_r001",3,4,1,3,3,TRUE,TRUE,1,0.99818753541706,1,TRUE,217,-16301.1055887541,29.895,0,20
"main_M3_S16_r001",3,16,1,3,3,TRUE,TRUE,1,0.99951658722134,1,TRUE,70,-4932.22733017105,9.53,0,20
"main_M4_S1_r001",4,1,1,4,4,TRUE,TRUE,1,0.571543239369326,1,TRUE,191,-28485.8602995844,34.139,0,15
"main_M4_S4_r001",4,4,1,4,4,TRUE,TRUE,1,0.997747419415771,1,TRUE,221,-17114.8810208673,40.615,0,15
"main_M4_S16_r001",4,16,1,4,4,TRUE,TRUE,1,0.999343437149302,1,TRUE,153,-5619.22487023222,27.742,0,15
"main_M5_S1_r001",5,1,1,5,5,TRUE,TRUE,1,0.509769308547873,1,TRUE,214,-28933.9101578752,48.406,0,12
"main_M5_S4_r001",5,4,1,5,5,TRUE,TRUE,1,0.90785604284492,1,TRUE,161,-17989.5715424166,37.083,0,12
"main_M5_S16_r001",5,16,1,5,5,TRUE,TRUE,1,0.99920701341126,1,TRUE,89,-6617.09645731609,20.648,0,12
