"sample_id","cell_type","technology","M1","M2_A","M2_B"
"human3_lib1.final_cell_0004","acinar","inDrop3",0.496841377035852,0.460198604699178,0.455305901410872
"human3_lib1.final_cell_0008","acinar","inDrop3",0.508083861449351,0.479587492880196,0.45530211740823
"human3_lib1.final_cell_0012","acinar","inDrop3",0.510063756513875,0.488750642542007,0.45535619408826
"human3_lib1.final_cell_0014","acinar","inDrop3",0.506779547231614,0.479031346136585,0.455549542188868
"human3_lib1.final_cell_0016","acinar","inDrop3",0.572107683414468,0.609838743123005,0.455380004972763
"human3_lib1.final_cell_0019","acinar","inDrop3",0.510580642685077,0.489693265593835,0.455417476261914
"human3_lib1.final_cell_0021","acinar","inDrop3",0.512348391646462,0.491061608498726,0.455391593235089
"human3_lib1.final_cell_0022","acinar","inDrop3",0.568733655651269,0.588129492523409,0.455444720597524
"human3_lib1.final_cell_0027","acinar","inDrop3",0.527051547810332,0.505469103294404,0.455356627774742
"human3_lib1.final_cell_0028","delta","inDrop3",0.979591871099423,0.979591840876406,0.455372650425725
"human3_lib1.final_cell_0029","acinar","inDrop3",0.513252279629701,0.490558987406638,0.455298912236371
"human3_lib1.final_cell_0030","delta","inDrop3",0.97959183715523,0.979591829612203,0.45533411422977
"human3_lib1.final_cell_0033","acinar","inDrop3",0.566049901398383,0.567220622341393,0.45522206765547
"human3_lib1.final_cell_0034","acinar","inDrop3",0.513873126760115,0.491756256742484,0.455317007917619
"human3_lib1.final_cell_0036","acinar","inDrop3",0.511657283775548,0.491323897430927,0.455446099290689
"human3_lib1.final_cell_0039","delta","inDrop3",0.979591831309373,0.979591703658417,0.455403039461933
"human3_lib1.final_cell_0046","acinar","inDrop3",0.500325338721855,0.46625503012043,0.455520882594105
"human3_lib1.final_cell_0048","ductal","inDrop3",0.959184173960982,0.9591836903007,0.455140693747392
"human3_lib1.final_cell_0054","acinar","inDrop3",0.574171508912657,0.60926724501036,0.455623171341877
"human3_lib1.final_cell_0059","acinar","inDrop3",0.518276293371368,0.496026801990271,0.455304303040013
"human3_lib1.final_cell_0060","acinar","inDrop3",0.569126207339319,0.588395538238125,0.455297844068055
"human3_lib1.final_cell_0061","acinar","inDrop3",0.541900483080924,0.520572322208812,0.455258402408502
"human3_lib1.final_cell_0063","acinar","inDrop3",0.511593033129017,0.49030879376861,0.45534336752814
"human3_lib1.final_cell_0071","endothelial","inDrop3",1.71643104572134e-39,0.061224496334183,0.959183620843274
"human3_lib1.final_cell_0074","acinar","inDrop3",0.584097018260296,0.614150857950807,0.455532746835429
"human3_lib1.final_cell_0080","acinar","inDrop3",0.568445663039154,0.590371146657969,0.455270034056645
"human3_lib1.final_cell_0082","acinar","inDrop3",0.511205392380838,0.490464821609365,0.455281196535583
"human3_lib1.final_cell_0088","activated_stellate","inDrop3",0.0819563856011137,0.183682222989129,0.457928000835949
"human3_lib1.final_cell_0089","acinar","inDrop3",0.545602597770138,0.522881441570245,0.455306005393271
"human3_lib1.final_cell_0091","delta","inDrop3",0.938775510190464,0.938488308055719,0.455367222511882
"human3_lib1.final_cell_0092","acinar","inDrop3",0.557994077746735,0.549489572458808,0.455516835384771
"human3_lib1.final_cell_0100","beta","inDrop3",0.896837627703981,0.857167567569583,0.455393055073717
"human3_lib1.final_cell_0103","alpha","inDrop3",0.836283702858229,0.694293765796949,0.455413638713702
"human3_lib1.final_cell_0108","acinar","inDrop3",0.567305233916316,0.579723140214975,0.455635450736697
"human3_lib1.final_cell_0116","acinar","inDrop3",0.552568511727736,0.542783727668764,0.455567366936942
"human3_lib1.final_cell_0119","acinar","inDrop3",0.508539223211979,0.485525407842324,0.455373998004475
"human3_lib1.final_cell_0122","beta","inDrop3",0.897957998593593,0.871534767964966,0.456887107620969
"human3_lib1.final_cell_0128","delta","inDrop3",0.959183677083682,0.959183013089909,0.455329485454008
"human3_lib1.final_cell_0136","delta","inDrop3",0.999999999443591,0.999999992376386,0.455316944616268
"human3_lib1.final_cell_0142","activated_stellate","inDrop3",0.061228406686596,0.163266008251251,0.455928981330715
"human3_lib1.final_cell_0157","activated_stellate","inDrop3",0.0818080011813639,0.183675148849281,0.45570719118369
"human3_lib1.final_cell_0161","acinar","inDrop3",0.57340944944767,0.610150727091325,0.455315953062135
"human3_lib1.final_cell_0168","acinar","inDrop3",0.60425207567403,0.623057356991523,0.455404459596658
"human3_lib1.final_cell_0171","alpha","inDrop3",0.836414673336763,0.756643371475752,0.455378427425135
"human3_lib1.final_cell_0174","acinar","inDrop3",0.540536109604997,0.512646000083747,0.455408230950948
"human3_lib1.final_cell_0181","acinar","inDrop3",0.520269145530311,0.496414665922253,0.455451856881477
"human3_lib1.final_cell_0193","delta","inDrop3",0.97958695364212,0.979503471357756,0.455487672078758
"human3_lib1.final_cell_0194","delta","inDrop3",0.939146370759874,0.938775621872491,0.455398045323421
"human3_lib1.final_cell_0196","acinar","inDrop3",0.58300250428853,0.614061021633628,0.455318704144265
"human3_lib1.final_cell_0199","beta","inDrop3",0.896289988130222,0.857023250912911,0.455583473155398
"human3_lib1.final_cell_0204","acinar","inDrop3",0.520822242121714,0.505330600028378,0.455390067190387
"human3_lib1.final_cell_0217","delta","inDrop3",0.959183769281163,0.959183631417194,0.455336250666363
"human3_lib1.final_cell_0220","acinar","inDrop3",0.577588096766978,0.610532867351755,0.455308822929051
"human3_lib1.final_cell_0226","beta","inDrop3",0.886118343633519,0.854445146118995,0.455476822549868
"human3_lib1.final_cell_0230","acinar","inDrop3",0.585368113115763,0.61420508737794,0.455361130986968
"human3_lib1.final_cell_0231","activated_stellate","inDrop3",0.0612244812969305,0.163265299833312,0.455680754115448
"human3_lib1.final_cell_0246","acinar","inDrop3",0.576726461969397,0.611397963151794,0.455391368033012
"human3_lib1.final_cell_0254","alpha","inDrop3",0.796513481446595,0.795543468121583,0.455347859576425
"human3_lib1.final_cell_0262","activated_stellate","inDrop3",0.0620309407694861,0.163571268519349,0.45667104695057
"human3_lib1.final_cell_0272","delta","inDrop3",0.959183669333333,0.95877366954552,0.455663394068202
"human3_lib1.final_cell_0276","activated_stellate","inDrop3",0.0627962747152891,0.163933226621465,0.458313664825116
"human3_lib1.final_cell_0279","acinar","inDrop3",0.52821471696795,0.562123506735666,0.45541443610635
"human3_lib1.final_cell_0290","quiescent_stellate","inDrop3",0.204081330090384,0.225190238934783,0.45684512324871
"human3_lib1.final_cell_0308","ductal","inDrop3",0.244898353998992,0.326564635840115,0.455728829012947
"human3_lib1.final_cell_0320","endothelial","inDrop3",0.122448979591837,0.0388890487097792,0.455230299752805
"human3_lib1.final_cell_0326","acinar","inDrop3",0.585441656056972,0.615303378908073,0.455376615571326
"human3_lib1.final_cell_0329","beta","inDrop3",0.877617939229926,0.838184565718866,0.455551930724077
"human3_lib1.final_cell_0336","alpha","inDrop3",0.795924330651425,0.795916756295198,0.45536170823814
"human3_lib1.final_cell_0338","ductal","inDrop3",0.245024748183013,0.328420108587569,0.455619238807994
"human3_lib1.final_cell_0346","activated_stellate","inDrop3",0.020408163266183,0.102040824315275,0.457568468098799
"human3_lib1.final_cell_0361","activated_stellate","inDrop3",0.163432042077712,0.223842699864947,0.470565062285172
"human3_lib1.final_cell_0363","alpha","inDrop3",0.83672281540655,0.755125074645347,0.455322918497567
"human3_lib1.final_cell_0365","activated_stellate","inDrop3",0.0612243381247485,0.163265084670381,0.455913776311372
"human3_lib1.final_cell_0367","alpha","inDrop3",0.817201860412729,0.775623262713288,0.455470945874426
"human3_lib1.final_cell_0376","ductal","inDrop3",0.285242538537456,0.347064480101663,0.455485298324151
"human3_lib1.final_cell_0381","activated_stellate","inDrop3",0.0612191301469915,0.163256877351495,0.455421700705795
"human3_lib1.final_cell_0385","acinar","inDrop3",0.560694304672669,0.553726835251517,0.455393705188286
"human3_lib1.final_cell_0386","alpha","inDrop3",0.796403087541876,0.79557873065445,0.455316847129904
"human3_lib1.final_cell_0392","activated_stellate","inDrop3",0.0816328499674751,0.183673396418198,0.455991723426457
"human3_lib1.final_cell_0397","activated_stellate","inDrop3",0.18366382868156,0.204081748939978,0.456546056180885
"human3_lib1.final_cell_0406","delta","inDrop3",0.959227411664118,0.959188332432735,0.455496676715492
"human3_lib1.final_cell_0413","alpha","inDrop3",0.814532259403893,0.776816407524424,0.456022825703641
"human3_lib1.final_cell_0430","delta","inDrop3",0.959183672656793,0.959066689878129,0.455343629114832
"human3_lib1.final_cell_0433","ductal","inDrop3",0.257958465848267,0.343409014889115,0.456299502778912
"human3_lib1.final_cell_0436","endothelial","inDrop3",0.122419936236917,0.0408166135449994,0.455216504222623
"human3_lib1.final_cell_0439","acinar","inDrop3",0.612134182184468,0.632240895345927,0.455362636993191
"human3_lib1.final_cell_0447","acinar","inDrop3",0.49244784999174,0.512363931085013,0.455369284634036
"human3_lib1.final_cell_0448","alpha","inDrop3",0.795925420288117,0.795916562659055,0.455419955380034
"human3_lib1.final_cell_0452","alpha","inDrop3",0.795924104784561,0.795917126400607,0.45540080326123
"human3_lib1.final_cell_0453","activated_stellate","inDrop3",0.0612247144275691,0.163265329030582,0.455257801317164
"human3_lib1.final_cell_0456","gamma","inDrop3",0.979591836486344,0.979591823555691,0.455799447588135
"human3_lib1.final_cell_0458","ductal","inDrop3",0.247222705177806,0.33955255911184,0.45525342835278
"human3_lib1.final_cell_0462","ductal","inDrop3",0.244905463475461,0.326816744857726,0.45525463952133
"human3_lib1.final_cell_0463","beta","inDrop3",0.897747673528981,0.85797019568918,0.455314766034787
"human3_lib1.final_cell_0466","alpha","inDrop3",0.79592428862703,0.795917143478363,0.4553415145013
"human3_lib1.final_cell_0469","ductal","inDrop3",0.244900677584037,0.326557167507866,0.455624151279724
"human3_lib1.final_cell_0470","activated_stellate","inDrop3",0.0607640923453344,0.162384890774185,0.456093468743259
"human3_lib1.final_cell_0475","alpha","inDrop3",0.829047011834289,0.774738700207978,0.455418977718144
"human3_lib1.final_cell_0480","ductal","inDrop3",0.286325856013864,0.36734583730237,0.455222912493927
"human3_lib1.final_cell_0481","alpha","inDrop3",0.795934372576573,0.79591341538708,0.455324923888503
"human3_lib1.final_cell_0489","macrophage","inDrop3",0.346938775510204,0.241321692147648,0.99999999254942
"human3_lib1.final_cell_0499","activated_stellate","inDrop3",0.04806450078254,0.145150997768973,0.45737803781374
"human3_lib1.final_cell_0501","endothelial","inDrop3",0.12241200008561,0.0408164947050675,0.455372858250941
"human3_lib1.final_cell_0505","acinar","inDrop3",0.607977506614053,0.62566074787448,0.455471321216691
"human3_lib1.final_cell_0506","alpha","inDrop3",0.795923578372825,0.7959170318527,0.455337465327308
"human3_lib1.final_cell_0512","gamma","inDrop3",0.979323966824352,0.976364977487111,0.455243701011556
"human3_lib1.final_cell_0515","ductal","inDrop3",0.276031156573463,0.34607311,0.455314412554221
"human3_lib1.final_cell_0520","endothelial","inDrop3",0.0902461582087622,0.0408203186950273,0.456646732119313
"human3_lib1.final_cell_0524","activated_stellate","inDrop3",0.0612246719231692,0.163265332306504,0.45535279457972
"human3_lib1.final_cell_0526","acinar","inDrop3",0.557390106637219,0.561237229298795,0.455389221017264
"human3_lib1.final_cell_0530","acinar","inDrop3",0.610266263544238,0.628449431793477,0.455381254408596
"human3_lib1.final_cell_0531","beta","inDrop3",0.8933262173566,0.856444641863139,0.455990626923461
"human3_lib1.final_cell_0535","delta","inDrop3",0.979591835631017,0.979591801788762,0.455334512898956
"human3_lib1.final_cell_0536","acinar","inDrop3",0.604339348318367,0.621441567225025,0.455524522954803
"human3_lib1.final_cell_0540","ductal","inDrop3",0.244897968433642,0.326532505801572,0.455863735410327
"human3_lib1.final_cell_0550","ductal","inDrop3",0.244899169121551,0.326590765673749,0.455597308555473
"human3_lib1.final_cell_0553","beta","inDrop3",0.897911783023836,0.859673860817046,0.455286249221365
"human3_lib1.final_cell_0556","macrophage","inDrop3",0.346938775510204,0.244897916339921,0.99999999254942
"human3_lib1.final_cell_0557","ductal","inDrop3",0.282709395080833,0.346813543078751,0.455649041007949
"human3_lib1.final_cell_0560","acinar","inDrop3",0.601291581383429,0.621585540815378,0.455410452100595
"human3_lib1.final_cell_0562","ductal","inDrop3",0.28567694324345,0.347134934251466,0.45551330051206
"human3_lib1.final_cell_0563","gamma","inDrop3",0.959183542629621,0.950842984325217,0.455307380984287
"human3_lib1.final_cell_0567","ductal","inDrop3",0.245313398346795,0.3317091506871,0.455258059882388
"human3_lib1.final_cell_0570","delta","inDrop3",0.959167307230139,0.939639904406506,0.455663541959391
"human3_lib1.final_cell_0580","acinar","inDrop3",0.608422279440795,0.627159446226338,0.455335310873854
"human3_lib1.final_cell_0583","delta","inDrop3",0.959183147135156,0.948432947409628,0.455505002624692
"human3_lib1.final_cell_0588","acinar","inDrop3",0.588777715898105,0.617886099092423,0.455620490582524
"human3_lib1.final_cell_0593","activated_stellate","inDrop3",0.182359300396544,0.201293087695847,0.463856692827435
"human3_lib1.final_cell_0596","activated_stellate","inDrop3",0.0612221147490356,0.163261295843856,0.455426240601459
"human3_lib1.final_cell_0598","acinar","inDrop3",0.612097153075458,0.632113045697166,0.455350460558075
"human3_lib1.final_cell_0600","alpha","inDrop3",0.803624742604626,0.787817856339781,0.455303475969002
"human3_lib1.final_cell_0604","activated_stellate","inDrop3",0.0612238863558215,0.163264528119612,0.455236733153553
"human3_lib1.final_cell_0605","endothelial","inDrop3",0.102040816326531,0.0816326592953839,0.455248281855809
"human3_lib1.final_cell_0606","beta","inDrop3",0.879050836282523,0.846705319920485,0.455600016461368
"human3_lib1.final_cell_0613","quiescent_stellate","inDrop3",0.183657311061481,0.204081728931139,0.455350393912658
"human3_lib1.final_cell_0614","ductal","inDrop3",0.377782517727092,0.317065262873999,0.455430219424575
"human3_lib1.final_cell_0625","acinar","inDrop3",0.600394145069357,0.624931294072634,0.455441706579006
"human3_lib1.final_cell_0629","alpha","inDrop3",0.795948315872067,0.795907620280468,0.455369270743055
"human3_lib1.final_cell_0633","endothelial","inDrop3",0.122448193513064,0.0408163450820596,0.456345932324723
"human3_lib1.final_cell_0634","ductal","inDrop3",0.244908305822678,0.326891834824916,0.455400835190528
"human3_lib1.final_cell_0639","activated_stellate","inDrop3",0.0816163518605975,0.183653027439922,0.45519063003417
"human3_lib1.final_cell_0643","gamma","inDrop3",0.959183672702917,0.959019956948671,0.455429895621512
"human3_lib1.final_cell_0646","ductal","inDrop3",0.244898074883258,0.326543539372491,0.455275445376378
"human3_lib1.final_cell_0647","mast","inDrop3",0.714285714285714,0.285714288907392,0.959183666627018
"human3_lib1.final_cell_0652","quiescent_stellate","inDrop3",0.163265969465416,0.224488576515052,0.455894567559374
"human3_lib1.final_cell_0653","activated_stellate","inDrop3",0.081624922392802,0.183664906521905,0.45522321819935
"human3_lib1.final_cell_0655","acinar","inDrop3",0.61205156921306,0.63200041450789,0.455321783454603
"human3_lib1.final_cell_0662","endothelial","inDrop3",0.122448601297266,0.0408163457010145,0.455310582891846
"human3_lib1.final_cell_0665","delta","inDrop3",0.999999988837774,0.999999988497667,0.455335076935705
"human3_lib1.final_cell_0669","activated_stellate","inDrop3",0.163363083161333,0.224495566451884,0.45587600018288
"human3_lib1.final_cell_0670","ductal","inDrop3",0.285312736760833,0.346917214553735,0.455478551803619
"human3_lib1.final_cell_0682","activated_stellate","inDrop3",0.0816330594175835,0.18367344739737,0.455282999514395
"human3_lib1.final_cell_0686","quiescent_stellate","inDrop3",0.163284067580457,0.224489579012602,0.45639772704113
"human3_lib1.final_cell_0689","alpha","inDrop3",0.795925303920589,0.795915652141348,0.455337739811803
"human3_lib1.final_cell_0691","activated_stellate","inDrop3",0.0408352902679788,0.142863184820071,0.455576860766044
"human3_lib1.final_cell_0692","alpha","inDrop3",0.795923322107509,0.795917147883371,0.455297997595603
"human3_lib1.final_cell_0697","endothelial","inDrop3",0.124070825731501,0.0204081704117813,0.455507411169366
"human3_lib1.final_cell_0700","quiescent_stellate","inDrop3",0.0817103262609656,0.183675450858933,0.456339716894473
"human3_lib1.final_cell_0702","ductal","inDrop3",0.248990445922088,0.34017061933374,0.455487577580952
"human3_lib1.final_cell_0704","quiescent_stellate","inDrop3",0.20408163717459,0.244623670199642,0.455338769986094
"human3_lib1.final_cell_0710","activated_stellate","inDrop3",0.183571235171021,0.203997164778021,0.455730885609415
"human3_lib1.final_cell_0711","ductal","inDrop3",0.301514006455413,0.358223947355284,0.455363270235871
"human3_lib1.final_cell_0716","alpha","inDrop3",0.830673357593959,0.77428456803635,0.455585016607213
"human3_lib1.final_cell_0720","endothelial","inDrop3",0.102040816326531,0.0816326592953839,0.455677932012461
"human3_lib1.final_cell_0725","endothelial","inDrop3",0.122448979591835,0.0408159960344636,0.455145326202067
"human3_lib1.final_cell_0733","gamma","inDrop3",0.95971605604345,0.959249531817726,0.455291273964658
"human3_lib1.final_cell_0734","endothelial","inDrop3",1.27836741813346e-08,0.0612244090041807,0.455150717791892
"human3_lib1.final_cell_0737","alpha","inDrop3",0.836616764155106,0.755538341254015,0.455589346148219
"human3_lib1.final_cell_0739","endothelial","inDrop3",0.122448979591837,0.0408163331194998,0.455193102080386
"human3_lib1.final_cell_0740","endothelial","inDrop3",0.122448979591837,0.0405981751336281,0.455191382131657
"human3_lib1.final_cell_0743","ductal","inDrop3",0.281204634140423,0.346676796523131,0.455624377795509
"human3_lib1.final_cell_0744","alpha","inDrop3",0.836639333234956,0.755240329323964,0.455537705245957
"human3_lib1.final_cell_0747","activated_stellate","inDrop3",0.183657234010743,0.204069613684002,0.456466446678862
"human3_lib1.final_cell_0749","quiescent_stellate","inDrop3",0.203159900293727,0.229765118804329,0.456393700415576
"human3_lib1.final_cell_0751","delta","inDrop3",0.938775378807768,0.91836349080477,0.455292714245493
"human3_lib1.final_cell_0753","activated_stellate","inDrop3",0.183645308062143,0.204081208953688,0.455595911786344
"human3_lib1.final_cell_0754","endothelial","inDrop3",0.122448979591837,0.0261445103040637,0.455641462061118
"human3_lib1.final_cell_0760","endothelial","inDrop3",0.102040816326529,0.0816326592953839,0.455241742941065
"human3_lib1.final_cell_0761","activated_stellate","inDrop3",0.0833156157807538,0.183689938566702,0.457575010541477
"human3_lib1.final_cell_0765","ductal","inDrop3",0.406670119362577,0.327039019946758,0.45530995023225
"human3_lib1.final_cell_0767","quiescent_stellate","inDrop3",0.18317289016202,0.204096585125084,0.455819193806365
"human3_lib1.final_cell_0769","alpha","inDrop3",0.795923713248536,0.795917215088234,0.455316730650708
"human3_lib1.final_cell_0774","endothelial","inDrop3",0.122448928233061,0.0408163370168622,0.455197067759758
"human3_lib1.final_cell_0780","alpha","inDrop3",0.795941494199583,0.795910073050731,0.455377076985478
"human3_lib1.final_cell_0784","quiescent_stellate","inDrop3",0.169058289535797,0.224613590843194,0.457060108431558
"human3_lib1.final_cell_0786","endothelial","inDrop3",0.122438295250581,0.0408165935480815,0.455346174347975
"human3_lib1.final_cell_0787","quiescent_stellate","inDrop3",0.179550578030762,0.204221247269709,0.456316111533991
"human3_lib1.final_cell_0792","alpha","inDrop3",0.796055206690771,0.795848682255601,0.455444821219599
"human3_lib1.final_cell_0793","ductal","inDrop3",0.245086727266669,0.326513217397033,0.455448122781948
"human3_lib1.final_cell_0794","acinar","inDrop3",0.611454096318883,0.630927886158964,0.455415385134342
"human3_lib1.final_cell_0798","endothelial","inDrop3",0.142857143026511,0.265306125946191,0.459176100235201
"human3_lib1.final_cell_0801","beta","inDrop3",0.876274372842228,0.836511024169022,0.455414134810928
"human3_lib1.final_cell_0802","quiescent_stellate","inDrop3",0.183660458796494,0.204080238907905,0.455281069314858
"human3_lib1.final_cell_0803","beta","inDrop3",0.877549629142851,0.836766056418637,0.455398411986558
"human3_lib1.final_cell_0810","acinar","inDrop3",0.611664893814346,0.631785211820615,0.45538545628283
"human3_lib1.final_cell_0816","delta","inDrop3",0.938775560077887,0.93877025296597,0.455325629623447
"human3_lib1.final_cell_0817","beta","inDrop3",0.877718191816193,0.839226046754052,0.455374206684115
"human3_lib1.final_cell_0820","activated_stellate","inDrop3",0.204083347319943,0.244897642395447,0.455676096252658
"human3_lib1.final_cell_0823","endothelial","inDrop3",0.122449299238757,0.0204081704117813,0.455159320295421
"human3_lib1.final_cell_0824","endothelial","inDrop3",0.122448979591837,0.0408163333729822,0.455302587009309
"human3_lib1.final_cell_0825","beta","inDrop3",0.870907741847834,0.835513681913651,0.455639626380671
"human3_lib1.final_cell_0831","endothelial","inDrop3",0.122187426987453,0.0408384897269812,0.455084400990365
"human3_lib1.final_cell_0834","beta","inDrop3",0.877595555179663,0.837537554009422,0.455400251507663
"human3_lib1.final_cell_0842","quiescent_stellate","inDrop3",0.163328210358734,0.223454892798062,0.460785616224746
"human3_lib1.final_cell_0848","quiescent_stellate","inDrop3",0.169228139323139,0.204510677284259,0.45519126245616
"human3_lib1.final_cell_0853","endothelial","inDrop3",0.204083716252074,0.265306123804701,0.457342317967062
"human3_lib1.final_cell_0855","endothelial","inDrop3",0.12244893942333,0.040816335540366,0.45583823149048
"human3_lib1.final_cell_0861","gamma","inDrop3",0.959133474490576,0.938986114399233,0.455339104126429
"human3_lib1.final_cell_0863","endothelial","inDrop3",0.142857142857143,0.265306125946191,0.462994891749907
"human3_lib1.final_cell_0864","endothelial","inDrop3",0.204081603140912,0.265306125475182,0.45714769970788
"human3_lib1.final_cell_0872","quiescent_stellate","inDrop3",0.203550012600557,0.242761822337441,0.455649380277685
"human3_lib1.final_cell_0884","endothelial","inDrop3",0.204081749770623,0.265306124809865,0.456411172833551
"human3_lib1.final_cell_0885","quiescent_stellate","inDrop3",0.203923544149955,0.244476166624812,0.455882886925572
"human3_lib1.final_cell_0886","beta","inDrop3",0.877716212753203,0.8391764854671,0.455411074030249
"human3_lib1.final_cell_0890","quiescent_stellate","inDrop3",0.16337766079798,0.223598439599151,0.455424953925138
"human3_lib1.final_cell_0891","endothelial","inDrop3",0.14285564065313,0.0204081704117813,0.455143942169067
"human3_lib1.final_cell_0895","ductal","inDrop3",0.387755101368138,0.306122467520507,0.455474660767791
"human3_lib1.final_cell_0896","endothelial","inDrop3",0.122449066485246,0.0204081704531694,0.455196538939378
"human3_lib1.final_cell_0897","endothelial","inDrop3",0.122448979647808,0.0204081838687122,0.455177856956047
"human3_lib2.final_cell_0001","acinar","inDrop3",0.496401686508164,0.458453237709972,0.45530988763322
"human3_lib2.final_cell_0002","acinar","inDrop3",0.510430594424698,0.488784507587473,0.455633714693658
"human3_lib2.final_cell_0003","acinar","inDrop3",0.51382934822396,0.491194976837396,0.455464525024592
"human3_lib2.final_cell_0004","acinar","inDrop3",0.510921012879462,0.48914377677025,0.455597130080383
"human3_lib2.final_cell_0006","acinar","inDrop3",0.516282887301012,0.493216070233006,0.455514802270858
"human3_lib2.final_cell_0008","acinar","inDrop3",0.523824995678592,0.498399974113652,0.455543619298102
"human3_lib2.final_cell_0016","delta","inDrop3",1,0.99999999254942,0.455504729205492
"human3_lib2.final_cell_0017","acinar","inDrop3",0.514882372077368,0.492956394429467,0.455375122130519
"human3_lib2.final_cell_0022","acinar","inDrop3",0.476922600747594,0.451583020781486,0.455325275146459
"human3_lib2.final_cell_0030","beta","inDrop3",0.897959183672506,0.877550824197538,0.455326454168645
"human3_lib2.final_cell_0032","acinar","inDrop3",0.555490950503533,0.543188608574126,0.455270339361775
"human3_lib2.final_cell_0034","acinar","inDrop3",0.592597410478492,0.616549877777687,0.455268978942895
"human3_lib2.final_cell_0035","acinar","inDrop3",0.511571957519016,0.490593813726792,0.45541175848544
"human3_lib2.final_cell_0036","acinar","inDrop3",0.408163266202711,0.244898681585054,0.455281666539523
"human3_lib2.final_cell_0040","beta","inDrop3",0.897957337170216,0.870224000115406,0.455256692107426
"human3_lib2.final_cell_0043","acinar","inDrop3",0.474068851794665,0.450146480538971,0.455268924990913
"human3_lib2.final_cell_0048","acinar","inDrop3",0.470977123606198,0.449443136077592,0.455521873028107
"human3_lib2.final_cell_0049","acinar","inDrop3",0.53134730343675,0.50395168319479,0.455219850937476
"human3_lib2.final_cell_0050","beta","inDrop3",0.897959183655625,0.877549353218513,0.455445886459713
"human3_lib2.final_cell_0052","acinar","inDrop3",0.511725701275623,0.491247560190569,0.455328931857091
"human3_lib2.final_cell_0054","acinar","inDrop3",0.557772066403884,0.558580747683904,0.455258156785178
"human3_lib2.final_cell_0057","acinar","inDrop3",0.509549835436717,0.486785128908488,0.455583368173288
"human3_lib2.final_cell_0058","acinar","inDrop3",0.540241153791556,0.514603896977825,0.4554576574417
"human3_lib2.final_cell_0060","acinar","inDrop3",0.535276077531971,0.509654511870134,0.455337745261847
"human3_lib2.final_cell_0063","acinar","inDrop3",0.573275913348629,0.606831910497721,0.455545599026576
"human3_lib2.final_cell_0066","delta","inDrop3",1,0.99999999254942,0.455231802503121
"human3_lib2.final_cell_0077","beta","inDrop3",0.894700160961694,0.856728325873015,0.455450751356643
"human3_lib2.final_cell_0079","acinar","inDrop3",0.49099711718382,0.458006144501233,0.455432462540033
"human3_lib2.final_cell_0086","acinar","inDrop3",0.48145263902127,0.456914878389772,0.455436907611443
"human3_lib2.final_cell_0088","acinar","inDrop3",0.485574530625895,0.45906196500255,0.455351302664594
"human3_lib2.final_cell_0096","acinar","inDrop3",0.572195402363735,0.608086818999752,0.455908913817866
"human3_lib2.final_cell_0098","acinar","inDrop3",0.573382876502064,0.605863302680573,0.455507478800995
"human3_lib2.final_cell_0100","acinar","inDrop3",0.575201962059816,0.611643847281619,0.455348628810228
"human3_lib2.final_cell_0102","acinar","inDrop3",0.57519946857593,0.611571464864545,0.455271330275179
"human3_lib2.final_cell_0105","acinar","inDrop3",0.469525841176868,0.449074548091326,0.457979951941968
"human3_lib2.final_cell_0107","acinar","inDrop3",0.573595938062024,0.610101145073115,0.455232484045266
"human3_lib2.final_cell_0108","acinar","inDrop3",0.509235320187563,0.48558652825294,0.455537897002126
"human3_lib2.final_cell_0115","acinar","inDrop3",0.506233639910829,0.48142524980016,0.455507553640284
"human3_lib2.final_cell_0126","acinar","inDrop3",0.562795818644993,0.565324522944633,0.455303669306228
"human3_lib2.final_cell_0130","acinar","inDrop3",0.584018931996012,0.614080311691421,0.455417774490482
"human3_lib2.final_cell_0134","acinar","inDrop3",0.571445485707248,0.603307914039104,0.455354954190331
"human3_lib2.final_cell_0135","acinar","inDrop3",0.507978560332815,0.482674603846357,0.455661242335917
"human3_lib2.final_cell_0136","delta","inDrop3",0.979591840201358,0.979591830484023,0.455294311419341
"human3_lib2.final_cell_0149","delta","inDrop3",0.97959187049478,0.979591841226124,0.455289475490772
"human3_lib2.final_cell_0155","delta","inDrop3",0.959184605483623,0.959183768396058,0.455747448922712
"human3_lib2.final_cell_0159","acinar","inDrop3",0.572362342409652,0.607800499269848,0.455372995777115
"human3_lib2.final_cell_0160","acinar","inDrop3",0.408163566221399,0.428571356937309,0.456500020873281
"human3_lib2.final_cell_0172","acinar","inDrop3",0.411282376164763,0.428572494606157,0.455362195032491
"human3_lib2.final_cell_0180","acinar","inDrop3",0.59749718316942,0.618939574065288,0.455335115940245
"human3_lib2.final_cell_0187","ductal","inDrop3",0.466824402840235,0.428666044128608,0.455410510732388
"human3_lib2.final_cell_0201","acinar","inDrop3",0.492582899094857,0.491481626144213,0.455490440011458
"human3_lib2.final_cell_0208","ductal","inDrop3",0.285714273243906,0.358219664714507,0.455577600241214
"human3_lib2.final_cell_0214","acinar","inDrop3",0.611150242944847,0.629687517615138,0.455306727070915
"human3_lib2.final_cell_0215","gamma","inDrop3",0.999999921744972,0.999999952665278,0.455369213036593
"human3_lib2.final_cell_0228","acinar","inDrop3",0.599299880873715,0.621191185847119,0.455425474171745
"human3_lib2.final_cell_0229","acinar","inDrop3",0.491642529141465,0.516857806789045,0.455282871676554
"human3_lib2.final_cell_0237","acinar","inDrop3",0.609265869352031,0.626394288775365,0.455326310126991
"human3_lib2.final_cell_0239","activated_stellate","inDrop3",0.0408163265307267,0.142857148178986,0.456960622364153
"human3_lib2.final_cell_0245","delta","inDrop3",0.959183676091367,0.95918282894516,0.455280202205355
"human3_lib2.final_cell_0248","alpha","inDrop3",0.795925638445681,0.795916867073536,0.455555837129806
"human3_lib2.final_cell_0252","activated_stellate","inDrop3",0.0612245586357954,0.163265320019512,0.455391700740379
"human3_lib2.final_cell_0253","ductal","inDrop3",0.246456045485263,0.336697984495663,0.455725853711166
"human3_lib2.final_cell_0257","acinar","inDrop3",0.587851060004237,0.616121541233626,0.455341570146216
"human3_lib2.final_cell_0269","acinar","inDrop3",0.60771270911642,0.626473809994781,0.455414411339625
"human3_lib2.final_cell_0270","acinar","inDrop3",0.598702075584109,0.617370500021188,0.455375091731013
"human3_lib2.final_cell_0271","activated_stellate","inDrop3",0.0408163265307153,0.142857148178986,0.455312096063077
"human3_lib2.final_cell_0273","beta","inDrop3",0.894629771757885,0.856691104475709,0.455356015841202
"human3_lib2.final_cell_0277","acinar","inDrop3",0.50947852956341,0.489132159386426,0.455235991385048
"human3_lib2.final_cell_0283","acinar","inDrop3",0.533439000994115,0.532406014504055,0.455424029028107
"human3_lib2.final_cell_0289","ductal","inDrop3",0.285371358342244,0.346916420476301,0.455703122472214
"human3_lib2.final_cell_0294","activated_stellate","inDrop3",0.081631753856524,0.183672337226386,0.459827090342792
"human3_lib2.final_cell_0298","acinar","inDrop3",0.580868568544971,0.613672002510249,0.455822218975811
"human3_lib2.final_cell_0302","alpha","inDrop3",0.795925314602857,0.795916832545029,0.455314588113156
"human3_lib2.final_cell_0311","delta","inDrop3",0.961981082934965,0.959453653976268,0.455259325964275
"human3_lib2.final_cell_0314","alpha","inDrop3",0.795966144737163,0.79589924282557,0.455868972985339
"human3_lib2.final_cell_0315","ductal","inDrop3",0.244899026370856,0.32653317735932,0.455781247630688
"human3_lib2.final_cell_0316","ductal","inDrop3",0.244906727686127,0.326778288267478,0.455213417383272
"human3_lib2.final_cell_0317","delta","inDrop3",0.979591828702367,0.97959160729366,0.455291584846003
"human3_lib2.final_cell_0324","acinar","inDrop3",0.566927969225366,0.579161697593931,0.455577264055538
"human3_lib2.final_cell_0340","ductal","inDrop3",0.284045639309397,0.346848941945226,0.455621997682143
"human3_lib2.final_cell_0344","activated_stellate","inDrop3",0.182969294333155,0.203224478531222,0.457631296718444
"human3_lib2.final_cell_0345","ductal","inDrop3",0.2448981206245,0.326530880893991,0.455212667403467
"human3_lib2.final_cell_0351","beta","inDrop3",0.897943673233022,0.862219140275824,0.455561781369815
"human3_lib2.final_cell_0354","beta","inDrop3",0.877581472018888,0.837619321396163,0.455308458905658
"human3_lib2.final_cell_0359","acinar","inDrop3",0.574703227011915,0.61105034820354,0.455500239928967
"human3_lib2.final_cell_0368","activated_stellate","inDrop3",0.0612244908871209,0.163265310274039,0.456651363003881
"human3_lib2.final_cell_0370","activated_stellate","inDrop3",0.0816322465695771,0.183673224162362,0.456438039802206
"human3_lib2.final_cell_0373","endothelial","inDrop3",2.06794845527235e-08,0.0612240271670054,0.455165094275977
"human3_lib2.final_cell_0375","ductal","inDrop3",0.285714307045062,0.364103920006011,0.455378015464986
"human3_lib2.final_cell_0376","alpha","inDrop3",0.795975336384022,0.795897867392044,0.455492514191337
"human3_lib2.final_cell_0379","ductal","inDrop3",0.275622482580808,0.346374303441916,0.455556942457282
"human3_lib2.final_cell_0397","alpha","inDrop3",0.836084310514948,0.758640563487904,0.455319813592576
"human3_lib2.final_cell_0398","ductal","inDrop3",0.244900827827871,0.326680657041778,0.455476812366926
"human3_lib2.final_cell_0404","alpha","inDrop3",0.795925043939752,0.795917717100896,0.455510682472829
"human3_lib2.final_cell_0405","alpha","inDrop3",0.795923931410899,0.795916837579123,0.455348003407084
"human3_lib2.final_cell_0406","ductal","inDrop3",0.28565022858142,0.346996403303001,0.455228924920252
"human3_lib2.final_cell_0416","activated_stellate","inDrop3",0.0601840049353116,0.160713305915913,0.455337621440359
"human3_lib2.final_cell_0422","beta","inDrop3",0.89252905954198,0.856266989906709,0.455316458263741
"human3_lib2.final_cell_0424","alpha","inDrop3",0.795926066429644,0.795916233886684,0.455396229184197
"human3_lib2.final_cell_0429","endothelial","inDrop3",2.56662187397859e-15,0.061224496334183,0.455161123323841
"human3_lib2.final_cell_0432","gamma","inDrop3",0.959184119433844,0.959183712892988,0.455612293579238
"human3_lib2.final_cell_0436","ductal","inDrop3",0.283271727064652,0.346794206161317,0.455511397366277
"human3_lib2.final_cell_0437","delta","inDrop3",0.999999981575244,0.999999983461517,0.455261087470189
"human3_lib2.final_cell_0441","activated_stellate","inDrop3",0.0816030398101298,0.183655263986858,0.456362024290595
"human3_lib2.final_cell_0444","alpha","inDrop3",0.795951000216439,0.795905671796103,0.45540143901909
"human3_lib2.final_cell_0460","ductal","inDrop3",0.285886891949863,0.348426154672001,0.455406261310484
"human3_lib2.final_cell_0461","activated_stellate","inDrop3",0.18304218643506,0.203673880154396,0.457063043630961
"human3_lib2.final_cell_0465","beta","inDrop3",0.897663364234507,0.857642944033123,0.455279272597338
"human3_lib2.final_cell_0477","acinar","inDrop3",0.611810834781677,0.631501490395359,0.455412286149971
"human3_lib2.final_cell_0481","acinar","inDrop3",0.572090070658987,0.600961827208066,0.455342772589559
"human3_lib2.final_cell_0486","acinar","inDrop3",0.577209131967559,0.611440794779845,0.455382468260097
"human3_lib2.final_cell_0492","activated_stellate","inDrop3",0.153633043428894,0.188363226927447,0.455441121357832
"human3_lib2.final_cell_0494","quiescent_stellate","inDrop3",0.183668131188818,0.204078141526159,0.457149407308991
"human3_lib2.final_cell_0530","endothelial","inDrop3",0.102040647880408,0.0816326592953839,0.455327653724274
"human3_lib2.final_cell_0540","activated_stellate","inDrop3",0.0611998309126391,0.16322876638888,0.455203949488342
"human3_lib2.final_cell_0541","alpha","inDrop3",0.795923739031929,0.795917433072531,0.455297304498966
"human3_lib2.final_cell_0544","endothelial","inDrop3",0.102040816326434,0.0816326592953839,0.455213200016064
"human3_lib2.final_cell_0546","beta","inDrop3",0.892137475616991,0.856183384663322,0.45549968435353
"human3_lib2.final_cell_0558","quiescent_stellate","inDrop3",0.734697751038014,0.285726307045235,0.455278566382801
"human3_lib2.final_cell_0565","alpha","inDrop3",0.795923140988862,0.795917179733318,0.455315546337823
"human3_lib2.final_cell_0571","alpha","inDrop3",0.79646496651826,0.795559092670268,0.455517549928843
"human3_lib2.final_cell_0573","beta","inDrop3",0.878870165896188,0.84748062390769,0.455283406469768
"human3_lib2.final_cell_0575","alpha","inDrop3",0.795951963967088,0.795905408273188,0.455245479440009
"human3_lib2.final_cell_0580","macrophage","inDrop3",0.346938775510204,0.244897885201691,0.99999999254942
"human3_lib2.final_cell_0585","ductal","inDrop3",0.385120934817591,0.308684326766045,0.455582176731603
"human3_lib2.final_cell_0586","acinar","inDrop3",0.607331921565429,0.624180759816663,0.456436190316397
"human3_lib2.final_cell_0592","alpha","inDrop3",0.832140021322832,0.77304720412796,0.455377625526505
"human3_lib2.final_cell_0593","activated_stellate","inDrop3",0.183644819908285,0.204081901670402,0.455576125991344
"human3_lib2.final_cell_0594","beta","inDrop3",0.897566089980893,0.857593041177115,0.455272989022602
"human3_lib2.final_cell_0597","alpha","inDrop3",0.795924498967993,0.795916590491128,0.455343769992589
"human3_lib2.final_cell_0603","alpha","inDrop3",0.796251314589382,0.796223395580267,0.455531727038084
"human3_lib2.final_cell_0605","quiescent_stellate","inDrop3",0.182077659815892,0.204130139690636,0.455762513580369
"human3_lib2.final_cell_0608","acinar","inDrop3",0.490331073025512,0.526251284510384,0.455378559386183
"human3_lib2.final_cell_0615","delta","inDrop3",0.979591641828486,0.97958787072544,0.45532036578165
"human3_lib2.final_cell_0620","acinar","inDrop3",0.391197572367826,0.510202592293078,0.455351522034221
"human3_lib2.final_cell_0621","activated_stellate","inDrop3",0.182198431990076,0.20409570514842,0.455504174491723
"human3_lib2.final_cell_0623","acinar","inDrop3",0.589398079975743,0.616800529332993,0.455289039849785
"human3_lib2.final_cell_0628","alpha","inDrop3",0.795926060323561,0.795916298047392,0.45531320968219
"human3_lib2.final_cell_0629","alpha","inDrop3",0.795924587087946,0.795916785366396,0.455318665234788
"human3_lib2.final_cell_0630","ductal","inDrop3",0.285075470180731,0.346936720011274,0.455350465276897
"human3_lib2.final_cell_0633","alpha","inDrop3",0.836703110331697,0.755163570847587,0.456017499097445
"human3_lib2.final_cell_0637","ductal","inDrop3",0.387755044780998,0.306122809506843,0.455447805558255
"human3_lib2.final_cell_0638","acinar","inDrop3",0.584988859840428,0.614814995569255,0.455355230248838
"human3_lib2.final_cell_0647","endothelial","inDrop3",0.122448978951788,0.0204117070657705,0.455337102680103
"human3_lib2.final_cell_0650","activated_stellate","inDrop3",0.18363674719295,0.204054022872599,0.455753611921013
"human3_lib2.final_cell_0651","activated_stellate","inDrop3",0.0612235792653746,0.163263925234032,0.455409661713997
"human3_lib2.final_cell_0659","endothelial","inDrop3",1.69140563885206e-10,0.0612244803660471,0.455568900790428
"human3_lib2.final_cell_0660","activated_stellate","inDrop3",0.0408173585655344,0.142857384710005,0.456782710420617
"human3_lib2.final_cell_0668","quiescent_stellate","inDrop3",0.167686009064581,0.2051098760103,0.456082269649386
"human3_lib2.final_cell_0671","acinar","inDrop3",0.60967504176586,0.628889549184305,0.455441323091632
"human3_lib2.final_cell_0673","mast","inDrop3",0.714285714285714,0.285714300318758,0.959183666627018
"human3_lib2.final_cell_0681","activated_stellate","inDrop3",0.0843547581104333,0.183705334855134,0.457341391699211
"human3_lib2.final_cell_0682","alpha","inDrop3",0.816606840860942,0.775874440076163,0.455720807506882
"human3_lib2.final_cell_0686","ductal","inDrop3",0.244898122607103,0.32653850644233,0.456845266974731
"human3_lib2.final_cell_0693","ductal","inDrop3",0.244898495905,0.326573087753233,0.456138039630264
"human3_lib2.final_cell_0697","activated_stellate","inDrop3",0.081640799414513,0.183673542147645,0.455167889231553
"human3_lib2.final_cell_0701","quiescent_stellate","inDrop3",0.18247191181358,0.204128381663647,0.457081531169108
"human3_lib2.final_cell_0702","delta","inDrop3",0.653066928538289,0.693877548131408,0.455262448684625
"human3_lib2.final_cell_0705","ductal","inDrop3",0.285720988578363,0.361218052519749,0.455284482936164
"human3_lib2.final_cell_0710","acinar","inDrop3",0.582910955305742,0.612737321116241,0.455387150109968
"human3_lib2.final_cell_0712","quiescent_stellate","inDrop3",0.166382288767946,0.207667797409242,0.456073701193161
"human3_lib2.final_cell_0716","activated_stellate","inDrop3",0.16326879339832,0.224488109855463,0.456048962164737
"human3_lib2.final_cell_0717","alpha","inDrop3",0.795927918289861,0.795915602783108,0.455454573757395
"human3_lib2.final_cell_0720","acinar","inDrop3",0.609042488881726,0.626363403308732,0.455317403265145
"human3_lib2.final_cell_0729","activated_stellate","inDrop3",0.183644901710872,0.204081690072994,0.455893643915831
"human3_lib2.final_cell_0730","alpha","inDrop3",0.813045149468518,0.777461301589653,0.455237977442219
"human3_lib2.final_cell_0737","macrophage","inDrop3",0.326530612244898,0.244898014511432,0.979591829588219
"human3_lib2.final_cell_0746","alpha","inDrop3",0.815396383251445,0.776221698125295,0.455603623069208
"human3_lib2.final_cell_0757","activated_stellate","inDrop3",0.0408163918350265,0.142857159233144,0.455126011753712
"human3_lib2.final_cell_0758","alpha","inDrop3",0.819066299679107,0.775554815016353,0.455396744297815
"human3_lib2.final_cell_0759","beta","inDrop3",0.877561332570008,0.837092129463411,0.455676990571748
"human3_lib2.final_cell_0760","activated_stellate","inDrop3",0.179826888936721,0.204128496418069,0.456807469771541
"human3_lib2.final_cell_0762","acinar","inDrop3",0.609920698241574,0.631395795703432,0.455500488963803
"human3_lib2.final_cell_0763","acinar","inDrop3",0.607173352253104,0.62760476345557,0.455520162946081
"human3_lib2.final_cell_0766","endothelial","inDrop3",0.142857092661223,0.0204081704117813,0.455699278936961
"human3_lib2.final_cell_0767","quiescent_stellate","inDrop3",0.183632578510667,0.204081792496591,0.45524725338917
"human3_lib2.final_cell_0771","activated_stellate","inDrop3",0.203880402419144,0.224493842371007,0.455240193702889
"human3_lib2.final_cell_0776","delta","inDrop3",0.877609047311337,0.838046632777684,0.45529667045043
"human3_lib2.final_cell_0778","quiescent_stellate","inDrop3",0.204120361402288,0.244897886223773,0.455450032049893
"human3_lib2.final_cell_0788","gamma","inDrop3",0.979689327282058,0.979642946606175,0.455319621669649
"human3_lib2.final_cell_0794","activated_stellate","inDrop3",0.0818358156824725,0.183675675316697,0.455349181390776
"human3_lib2.final_cell_0796","quiescent_stellate","inDrop3",0.163293526635458,0.224489026753413,0.456546050298088
"human3_lib2.final_cell_0798","mast","inDrop3",0.714285714285714,0.285688659697721,0.959183666627018
"human3_lib2.final_cell_0803","endothelial","inDrop3",0.122448979591841,0.020476780124975,0.455263282258494
"human3_lib2.final_cell_0805","macrophage","inDrop3",0.714285714285714,0.285778887412239,0.959183666627018
"human3_lib2.final_cell_0806","ductal","inDrop3",0.38775510020887,0.306122462267329,0.455371248861468
"human3_lib2.final_cell_0813","mast","inDrop3",0.367346942915265,0.285714197123418,0.959183666627018
"human3_lib2.final_cell_0815","alpha","inDrop3",0.795946083056442,0.795909333550213,0.455491049922838
"human3_lib2.final_cell_0817","endothelial","inDrop3",0.122449117584977,0.0204081704173497,0.455503365244837
"human3_lib2.final_cell_0819","endothelial","inDrop3",0.122448484083067,0.0408163727188759,0.455068771977631
"human3_lib2.final_cell_0823","quiescent_stellate","inDrop3",0.733345986894277,0.244872832259232,0.455831155926728
"human3_lib2.final_cell_0824","ductal","inDrop3",0.266840010233452,0.327129374572688,0.455415907756748
"human3_lib2.final_cell_0832","quiescent_stellate","inDrop3",0.163271069669515,0.224450270870021,0.460590727204448
"human3_lib2.final_cell_0833","quiescent_stellate","inDrop3",0.183543756611955,0.224512500786941,0.45534905222557
"human3_lib2.final_cell_0836","delta","inDrop3",0.938775500305309,0.918482207106796,0.455299361646743
"human3_lib2.final_cell_0843","quiescent_stellate","inDrop3",0.183069553128121,0.204085624467857,0.455684325775448
"human3_lib2.final_cell_0845","beta","inDrop3",0.877557121963901,0.836941037871778,0.455353724951522
"human3_lib2.final_cell_0846","endothelial","inDrop3",0.122448979591848,0.0206341198606426,0.455210355342118
"human3_lib2.final_cell_0847","activated_stellate","inDrop3",0.163278424253764,0.224319684265643,0.456000155910032
"human3_lib2.final_cell_0851","alpha","inDrop3",0.821675489720914,0.775286228583834,0.455377901688766
"human3_lib2.final_cell_0856","endothelial","inDrop3",0.122448980472026,0.0204081775614594,0.4579572005993
"human3_lib2.final_cell_0857","endothelial","inDrop3",0.122448997609151,0.0204081704196645,0.455213505995223
"human3_lib2.final_cell_0858","endothelial","inDrop3",0.142857142857142,0.0204081704117813,0.456014108243921
"human3_lib2.final_cell_0859","beta","inDrop3",0.877562905405054,0.837045369188984,0.455498355760444
"human3_lib2.final_cell_0861","quiescent_stellate","inDrop3",0.171491309874362,0.224710863759502,0.457633614154034
"human3_lib2.final_cell_0869","endothelial","inDrop3",0.142857142856869,0.0204081704117813,0.455577045633704
"human3_lib2.final_cell_0870","endothelial","inDrop3",0.14285715639371,0.265306125946191,0.455550477355533
"human3_lib2.final_cell_0873","activated_stellate","inDrop3",0.163271164989457,0.224417604738239,0.45568154205909
"human3_lib3.final_cell_0008","acinar","inDrop3",0.516125686210582,0.495219453319233,0.455358536536933
"human3_lib3.final_cell_0011","acinar","inDrop3",0.0616415579075923,0.163701745873175,0.455752158886754
"human3_lib3.final_cell_0015","acinar","inDrop3",0.512447419127316,0.490934568591878,0.455273176294903
"human3_lib3.final_cell_0017","acinar","inDrop3",0.570379388235393,0.600270230923701,0.455928055310027
"human3_lib3.final_cell_0026","acinar","inDrop3",0.556930897949207,0.5450082162528,0.455337902744971
"human3_lib3.final_cell_0030","acinar","inDrop3",0.5450790952278,0.516776870914947,0.455206074394605
"human3_lib3.final_cell_0031","acinar","inDrop3",0.57813752195719,0.611435959978816,0.455330404016328
"human3_lib3.final_cell_0040","acinar","inDrop3",0.517994860862677,0.495447022613148,0.455538915602068
"human3_lib3.final_cell_0041","acinar","inDrop3",0.498983667115989,0.465578949786056,0.455640344267515
"human3_lib3.final_cell_0058","acinar","inDrop3",0.571115411044302,0.600210570527879,0.455643794573856
"human3_lib3.final_cell_0069","acinar","inDrop3",0.612185951838042,0.632274067587804,0.455293218076479
"human3_lib3.final_cell_0071","acinar","inDrop3",0.511368741115772,0.489609939312791,0.455444842569102
"human3_lib3.final_cell_0072","acinar","inDrop3",0.518255081210071,0.499801020265812,0.455401258517574
"human3_lib3.final_cell_0073","acinar","inDrop3",0.587520897732188,0.614464506678227,0.455481810742072
"human3_lib3.final_cell_0074","acinar","inDrop3",0.588837300242375,0.614055983742036,0.455291631883004
"human3_lib3.final_cell_0078","acinar","inDrop3",0.547332982542014,0.531441022952069,0.455525691673381
"human3_lib3.final_cell_0080","acinar","inDrop3",0.563225180205368,0.569622625911489,0.455505814038046
"human3_lib3.final_cell_0081","acinar","inDrop3",0.56997075230615,0.594852758135096,0.455264298979986
"human3_lib3.final_cell_0084","acinar","inDrop3",0.5230290020231,0.498308326246418,0.455266224277635
"human3_lib3.final_cell_0088","acinar","inDrop3",0.510724039977225,0.490208903606641,0.455336429076559
"human3_lib3.final_cell_0089","acinar","inDrop3",0.568083868542039,0.586196602016781,0.455335576070888
"human3_lib3.final_cell_0092","acinar","inDrop3",0.571365545034095,0.601264750805864,0.455496949309573
"human3_lib3.final_cell_0094","acinar","inDrop3",0.570726162759438,0.599072808108814,0.455335318725018
"human3_lib3.final_cell_0096","acinar","inDrop3",0.578109727365512,0.612394820610434,0.455379917643175
"human3_lib3.final_cell_0100","acinar","inDrop3",0.511809973011494,0.492727725056195,0.455427931999512
"human3_lib3.final_cell_0101","acinar","inDrop3",0.590048894136725,0.615797793166483,0.455301685762137
"human3_lib3.final_cell_0103","acinar","inDrop3",0.527297615461311,0.50283347061917,0.455402317467192
"human3_lib3.final_cell_0112","beta","inDrop3",0.897948691510148,0.862928742712024,0.455344246171239
"human3_lib3.final_cell_0117","activated_stellate","inDrop3",0.061101718292079,0.163025091188357,0.457962277576256
"human3_lib3.final_cell_0118","acinar","inDrop3",0.522162805641755,0.501246626817643,0.455647016058364
"human3_lib3.final_cell_0121","beta","inDrop3",0.89795912225468,0.876668743682063,0.455716419400092
"human3_lib3.final_cell_0123","acinar","inDrop3",0.565660123216644,0.57264020740832,0.455512253974418
"human3_lib3.final_cell_0124","beta","inDrop3",0.883722906576063,0.824632777260286,0.455306835484393
"human3_lib3.final_cell_0129","acinar","inDrop3",0.509713658879651,0.491652233414955,0.45606498318715
"human3_lib3.final_cell_0134","activated_stellate","inDrop3",0.0825849295734257,0.183687678982801,0.45552897107498
"human3_lib3.final_cell_0144","acinar","inDrop3",0.564958962828888,0.58717064270388,0.455327774104663
"human3_lib3.final_cell_0146","endothelial","inDrop3",0.0204081632653061,0.102040822256585,0.455178984238001
"human3_lib3.final_cell_0154","activated_stellate","inDrop3",0.0612242277325785,0.163264932420035,0.457634836504856
"human3_lib3.final_cell_0156","acinar","inDrop3",0.56005078457201,0.562048057808619,0.45573061457978
"human3_lib3.final_cell_0158","alpha","inDrop3",0.795923262180468,0.795917286967248,0.455412982944691
"human3_lib3.final_cell_0164","acinar","inDrop3",0.481009942434953,0.453157762519065,0.455399657573691
"human3_lib3.final_cell_0166","acinar","inDrop3",0.564405054848959,0.575055829058866,0.455252096034849
"human3_lib3.final_cell_0174","acinar","inDrop3",0.470237717592204,0.449506835693637,0.455560665255215
"human3_lib3.final_cell_0175","activated_stellate","inDrop3",0.0408216549810719,0.142858956963441,0.455163090748968
"human3_lib3.final_cell_0176","acinar","inDrop3",0.551016634127407,0.54797070736156,0.455784360798446
"human3_lib3.final_cell_0182","activated_stellate","inDrop3",0.0408163265306123,0.142857148178986,0.455662600705008
"human3_lib3.final_cell_0187","beta","inDrop3",0.895842979611977,0.857636932334751,0.455307121691912
"human3_lib3.final_cell_0195","acinar","inDrop3",0.573005273448598,0.60276795822504,0.455658578137249
"human3_lib3.final_cell_0201","acinar","inDrop3",0.480499258844851,0.458913555206662,0.455362168613066
"human3_lib3.final_cell_0203","acinar","inDrop3",0.58226928533948,0.614810588542014,0.455449253358998
"human3_lib3.final_cell_0213","endothelial","inDrop3",0.122448979591837,0.0407844056812434,0.457420986801214
"human3_lib3.final_cell_0218","beta","inDrop3",0.877619883021306,0.838030898096455,0.455304361648757
"human3_lib3.final_cell_0220","acinar","inDrop3",0.587886064315907,0.615470350450349,0.455283326721386
"human3_lib3.final_cell_0221","acinar","inDrop3",0.408162014357924,0.428489189132398,0.455538785838597
"human3_lib3.final_cell_0227","acinar","inDrop3",0.472291003703677,0.450962230138171,0.455554092658181
"human3_lib3.final_cell_0230","ductal","inDrop3",0.285714355815566,0.367307467526706,0.455213499245444
"human3_lib3.final_cell_0235","acinar","inDrop3",0.571477707501012,0.604073865502283,0.455289066613683
"human3_lib3.final_cell_0236","beta","inDrop3",0.897813500639545,0.858241956130914,0.455453781096699
"human3_lib3.final_cell_0237","gamma","inDrop3",0.999995691084848,0.99999707024256,0.45535547704539
"human3_lib3.final_cell_0240","alpha","inDrop3",0.812380782010227,0.778963955092623,0.455285115790563
"human3_lib3.final_cell_0242","alpha","inDrop3",0.795923290534087,0.79591721016975,0.455524296173303
"human3_lib3.final_cell_0243","acinar","inDrop3",0.602656948335754,0.620253739666542,0.455305738764266
"human3_lib3.final_cell_0244","ductal","inDrop3",0.285714483887567,0.367017628964177,0.456463082230636
"human3_lib3.final_cell_0249","beta","inDrop3",0.897959136310262,0.876902288893631,0.455386525828951
"human3_lib3.final_cell_0250","ductal","inDrop3",0.387764806331272,0.851525252354774,0.455550261907308
"human3_lib3.final_cell_0258","acinar","inDrop3",0.553181694136148,0.55327048001631,0.455423213471202
"human3_lib3.final_cell_0262","acinar","inDrop3",0.496047984072139,0.507349591049806,0.45551992585848
"human3_lib3.final_cell_0263","beta","inDrop3",0.897958533984733,0.873630041841221,0.455372946532281
"human3_lib3.final_cell_0265","activated_stellate","inDrop3",0.0613180316286552,0.163291698577628,0.457484629223149
"human3_lib3.final_cell_0266","acinar","inDrop3",0.142857142857143,0.265305858437172,0.455458682013823
"human3_lib3.final_cell_0275","beta","inDrop3",0.897801427299378,0.858027942049157,0.455741170340974
"human3_lib3.final_cell_0283","activated_stellate","inDrop3",0.0819508955788422,0.183677766629483,0.455485101844729
"human3_lib3.final_cell_0285","delta","inDrop3",0.941792863730527,0.938777463438324,0.4554643141411
"human3_lib3.final_cell_0287","alpha","inDrop3",0.795985809562844,0.79588720806944,0.455231831318078
"human3_lib3.final_cell_0289","acinar","inDrop3",0.571888226584459,0.603989615940176,0.455485571463383
"human3_lib3.final_cell_0290","ductal","inDrop3",0.28571434947478,0.363562622429209,0.456077511561755
"human3_lib3.final_cell_0292","endothelial","inDrop3",0.0204081632686732,0.10204082219282,0.455612487004363
"human3_lib3.final_cell_0306","acinar","inDrop3",0.593272882075286,0.617179878174719,0.455352937028917
"human3_lib3.final_cell_0311","endothelial","inDrop3",1.41945066895705e-13,0.061224496334183,0.455269320767926
"human3_lib3.final_cell_0313","beta","inDrop3",0.897959042219117,0.876120901824389,0.455313256193743
"human3_lib3.final_cell_0318","delta","inDrop3",0.979591836826933,0.979591829525961,0.455661305574386
"human3_lib3.final_cell_0322","ductal","inDrop3",0.284226314720785,0.346905962348378,0.455260709798681
"human3_lib3.final_cell_0324","macrophage","inDrop3",0.36734693877551,0.249224962054929,0.979591829588219
"human3_lib3.final_cell_0329","ductal","inDrop3",0.244899161062888,0.326536875728839,0.455397635920176
"human3_lib3.final_cell_0339","acinar","inDrop3",0.577560539290065,0.611683107186596,0.455416695003715
"human3_lib3.final_cell_0344","alpha","inDrop3",0.796902822516643,0.796077614832108,0.455331104656814
"human3_lib3.final_cell_0345","delta","inDrop3",0.959183673380437,0.959156738071849,0.455359517684272
"human3_lib3.final_cell_0349","beta","inDrop3",0.9585528927621,0.938875633400802,0.455338128543419
"human3_lib3.final_cell_0355","acinar","inDrop3",0.573666467446775,0.607042398491978,0.455529783287092
"human3_lib3.final_cell_0366","ductal","inDrop3",0.285711538099224,0.347021965515732,0.455665814091655
"human3_lib3.final_cell_0371","beta","inDrop3",0.897958198368777,0.87224376565078,0.45537416797348
"human3_lib3.final_cell_0375","endothelial","inDrop3",0.10204081587064,0.0816326592953839,0.455073588977238
"human3_lib3.final_cell_0379","delta","inDrop3",0.959184041279379,0.959183698975114,0.455444573559686
"human3_lib3.final_cell_0381","delta","inDrop3",0.959207626400025,0.959186402261002,0.455290680990975
"human3_lib3.final_cell_0394","alpha","inDrop3",0.795935298808972,0.795912568850608,0.455333608808715
"human3_lib3.final_cell_0402","ductal","inDrop3",0.244941011542636,0.32652528223199,0.455786053878889
"human3_lib3.final_cell_0408","beta","inDrop3",0.897838401000835,0.858390034451685,0.455304007010667
"human3_lib3.final_cell_0413","macrophage","inDrop3",0.346938775510204,0.244856423207274,0.99999999254942
"human3_lib3.final_cell_0415","acinar","inDrop3",0.510365258150065,0.488455586457009,0.456101187802804
"human3_lib3.final_cell_0423","alpha","inDrop3",0.795925052985448,0.795916903054462,0.455473688642301
"human3_lib3.final_cell_0426","alpha","inDrop3",0.836502723641517,0.756111398748833,0.45531111361259
"human3_lib3.final_cell_0433","endothelial","inDrop3",0.102040929171424,0.0767066359997548,0.455131733089108
"human3_lib3.final_cell_0438","endothelial","inDrop3",0.102040816326531,0.0816326592953839,0.455096506651189
"human3_lib3.final_cell_0442","activated_stellate","inDrop3",0.0844583001776283,0.183726395638461,0.455478788623186
"human3_lib3.final_cell_0445","beta","inDrop3",0.877787606799293,0.840241595360656,0.455351990372269
"human3_lib3.final_cell_0447","endothelial","inDrop3",2.54430321094413e-10,0.061224496334183,0.455392628365151
"human3_lib3.final_cell_0449","ductal","inDrop3",0.285695621041281,0.347092998685751,0.455365240852289
"human3_lib3.final_cell_0450","delta","inDrop3",0.938787225883751,0.938773513493674,0.455300046306413
"human3_lib3.final_cell_0478","acinar","inDrop3",0.60982728602953,0.628614440328449,0.455339185109145
"human3_lib3.final_cell_0484","gamma","inDrop3",0.959126750569198,0.939019467052093,0.456037742829952
"human3_lib3.final_cell_0491","ductal","inDrop3",0.24549368484446,0.33269878096255,0.455442788265078
"human3_lib3.final_cell_0493","beta","inDrop3",0.897958721336156,0.874245937315093,0.45525114556988
"human3_lib3.final_cell_0498","alpha","inDrop3",0.795934182639794,0.795913800006807,0.455434623601866
"human3_lib3.final_cell_0516","activated_stellate","inDrop3",0.0612373996879966,0.163268377877386,0.455515367791922
"human3_lib3.final_cell_0517","endothelial","inDrop3",0.020408163357854,0.102040822256585,0.455344118036611
"human3_lib3.final_cell_0518","activated_stellate","inDrop3",0.0612247829274658,0.163265352845217,0.455725891516327
"human3_lib3.final_cell_0519","activated_stellate","inDrop3",0.0816353463984199,0.183673485457464,0.457224734253058
"human3_lib3.final_cell_0523","activated_stellate","inDrop3",0.0612142173874987,0.163250887626191,0.45590902025775
"human3_lib3.final_cell_0524","ductal","inDrop3",0.28593449022959,0.346935762437204,0.455424932247698
"human3_lib3.final_cell_0526","alpha","inDrop3",0.428571428571429,0.408163266674597,0.455534668099695
"human3_lib3.final_cell_0529","gamma","inDrop3",0.959128498042956,0.938927102319278,0.455342325043881
"human3_lib3.final_cell_0530","activated_stellate","inDrop3",0.0612457869917844,0.16327200287829,0.455514066148947
"human3_lib3.final_cell_0537","acinar","inDrop3",0.609603364278114,0.62693107305129,0.455471067584071
"human3_lib3.final_cell_0540","ductal","inDrop3",0.300674199059948,0.347055888982372,0.455406424646066
"human3_lib3.final_cell_0542","beta","inDrop3",0.897528849468886,0.857543383607298,0.455535562562863
"human3_lib3.final_cell_0554","activated_stellate","inDrop3",0.0788189126995522,0.180573970676365,0.455747169949125
"human3_lib3.final_cell_0558","ductal","inDrop3",0.244907622189422,0.326532826023159,0.45548875302517
"human3_lib3.final_cell_0562","gamma","inDrop3",0.979591948186666,0.979591871461019,0.455582113694171
"human3_lib3.final_cell_0563","delta","inDrop3",0.959183666509307,0.958203310551004,0.455522316301129
"human3_lib3.final_cell_0564","activated_stellate","inDrop3",0.178044618178934,0.201617700164036,0.456218464065108
"human3_lib3.final_cell_0572","delta","inDrop3",0.938775509900464,0.918367340799412,0.455695784573159
"human3_lib3.final_cell_0580","alpha","inDrop3",0.83309210547439,0.771043530130889,0.455319592310773
"human3_lib3.final_cell_0581","quiescent_stellate","inDrop3",0.183589650255809,0.204082145449663,0.45676502217711
"human3_lib3.final_cell_0584","delta","inDrop3",0.959183675935644,0.959183486033167,0.455229664474533
"human3_lib3.final_cell_0586","acinar","inDrop3",0.569116796758491,0.593035260892668,0.455322998248362
"human3_lib3.final_cell_0596","endothelial","inDrop3",0.142857142846,0.0204081704117813,0.46334212942082
"human3_lib3.final_cell_0598","alpha","inDrop3",0.814702325655185,0.776606985299429,0.455614558049439
"human3_lib3.final_cell_0608","activated_stellate","inDrop3",0.0638656002026593,0.164385085230117,0.456854793498619
"human3_lib3.final_cell_0612","alpha","inDrop3",0.817360801536804,0.775586075813061,0.455510026971156
"human3_lib3.final_cell_0614","gamma","inDrop3",0.979591836196774,0.979591817999616,0.455650365194678
"human3_lib3.final_cell_0616","alpha","inDrop3",0.65320008911642,0.653063945560321,0.455679193048449
"human3_lib3.final_cell_0621","epsilon","inDrop3",0.959183673605165,0.959177597910096,0.455485196681747
"human3_lib3.final_cell_0625","delta","inDrop3",0.97959200684443,0.979591916944495,0.455602763997382
"human3_lib3.final_cell_0627","alpha","inDrop3",0.796032023822971,0.79586811362025,0.455367804592352
"human3_lib3.final_cell_0634","beta","inDrop3",0.897958857020727,0.874959866734415,0.455638982807144
"human3_lib3.final_cell_0639","endothelial","inDrop3",0.204081632813917,0.265306125946191,0.462841161952489
"human3_lib3.final_cell_0640","ductal","inDrop3",0.244939596842018,0.327227350845371,0.455445121789423
"human3_lib3.final_cell_0641","acinar","inDrop3",0.587735109724551,0.615846366708418,0.455263752109142
"human3_lib3.final_cell_0646","acinar","inDrop3",0.604061262084671,0.623917704313852,0.455615453954925
"human3_lib3.final_cell_0649","activated_stellate","inDrop3",0.0612244708204372,0.163265290726871,0.455284637756117
"human3_lib3.final_cell_0656","beta","inDrop3",0.892287058392706,0.856255921772699,0.455344691457395
"human3_lib3.final_cell_0664","acinar","inDrop3",0.611931423139842,0.631421831071117,0.455330961413452
"human3_lib3.final_cell_0666","alpha","inDrop3",0.824756564743503,0.7752543401603,0.455335368544337
"human3_lib3.final_cell_0669","activated_stellate","inDrop3",0.0612542027789816,0.163271441164584,0.45703769579992
"human3_lib3.final_cell_0675","beta","inDrop3",0.897957223822486,0.869897033156754,0.455332605500084
"human3_lib3.final_cell_0681","gamma","inDrop3",0.95944935749109,0.959218088283431,0.455253723264232
"human3_lib3.final_cell_0682","activated_stellate","inDrop3",0.150337234949643,0.187873176894797,0.456011477852013
"human3_lib3.final_cell_0684","acinar","inDrop3",0.576471166742516,0.608657462395825,0.455566180748604
"human3_lib3.final_cell_0687","beta","inDrop3",0.878218762826868,0.843606677654151,0.455274981335895
"human3_lib3.final_cell_0695","activated_stellate","inDrop3",0.1289118743055,0.185232434208426,0.456451981606834
"human3_lib3.final_cell_0700","beta","inDrop3",0.879703341233048,0.850703257520181,0.455450860007775
"human3_lib3.final_cell_0702","activated_stellate","inDrop3",0.0449917188927084,0.144851559308029,0.455431610944548
"human3_lib3.final_cell_0705","ductal","inDrop3",0.244914053316236,0.327027291467833,0.455464351444554
"human3_lib3.final_cell_0712","acinar","inDrop3",0.561270837291375,0.563242714111651,0.45542597654495
"human3_lib3.final_cell_0720","alpha","inDrop3",0.795923362811279,0.79591719580295,0.455544397244286
"human3_lib3.final_cell_0726","acinar","inDrop3",0.604219675370917,0.626058806052172,0.455420189080802
"human3_lib3.final_cell_0734","activated_stellate","inDrop3",0.0614217789625156,0.163316970881757,0.456178816485908
"human3_lib3.final_cell_0737","alpha","inDrop3",0.795924800095595,0.795916831059363,0.455326334774081
"human3_lib3.final_cell_0739","alpha","inDrop3",0.795923297770392,0.795917133586607,0.455359338951502
"human3_lib3.final_cell_0741","beta","inDrop3",0.651906581178189,0.650761536573681,0.455338152990147
"human3_lib3.final_cell_0744","endothelial","inDrop3",0.122448979009537,0.021473185843861,0.455272356201035
"human3_lib3.final_cell_0745","acinar","inDrop3",0.490027476657698,0.530641428449036,0.455362111620177
"human3_lib3.final_cell_0748","ductal","inDrop3",0.387755102015567,0.306124167612735,0.455518220047686
"human3_lib3.final_cell_0753","macrophage","inDrop3",0.346938775510204,0.244897955039493,0.99999999254942
"human3_lib3.final_cell_0757","alpha","inDrop3",0.795925595071456,0.795917936218899,0.455539243605692
"human3_lib3.final_cell_0759","activated_stellate","inDrop3",0.204081665710753,0.244897174670834,0.455385631865087
"human3_lib3.final_cell_0766","ductal","inDrop3",0.244903563857266,0.326753093382735,0.455502131314155
"human3_lib3.final_cell_0774","endothelial","inDrop3",0.142857142857143,0.265306125946191,0.455204893193033
"human3_lib3.final_cell_0776","beta","inDrop3",0.897154157505975,0.857301902959945,0.455338371814326
"human3_lib3.final_cell_0781","delta","inDrop3",0.959125874598718,0.939123140273418,0.455508900639971
"human3_lib3.final_cell_0787","ductal","inDrop3",0.306121066553489,0.36733956008778,0.455364565264447
"human3_lib3.final_cell_0788","gamma","inDrop3",0.959183670472422,0.958464233369074,0.455426634317349
"human3_lib3.final_cell_0799","alpha","inDrop3",0.836714623146086,0.755122086347475,0.45550992148773
"human3_lib3.final_cell_0802","mast","inDrop3",0.714285714285714,0.285714288907392,0.959183666627018
"human3_lib3.final_cell_0806","activated_stellate","inDrop3",0.061224474230654,0.163265285606221,0.456501604296976
"human3_lib3.final_cell_0807","endothelial","inDrop3",0.122452789623083,0.0204081704117813,0.455756677198859
"human3_lib3.final_cell_0808","beta","inDrop3",0.87811080382625,0.842357556553019,0.455481516751042
"human3_lib3.final_cell_0810","delta","inDrop3",0.959183980825476,0.959183687090647,0.455379125375088
"human3_lib3.final_cell_0812","alpha","inDrop3",0.795924466085974,0.79591671136072,0.455410888923285
"human3_lib3.final_cell_0816","endothelial","inDrop3",0.122448921386771,0.0408163396252438,0.455092690947018
"human3_lib3.final_cell_0819","mast","inDrop3",0.714285714285714,0.285714288907392,0.959183666627018
"human3_lib3.final_cell_0822","endothelial","inDrop3",0.102040816632314,0.081548810996094,0.455212279911936
"human3_lib3.final_cell_0830","quiescent_stellate","inDrop3",0.163268456896132,0.224484336753355,0.455716916049493
"human3_lib3.final_cell_0835","endothelial","inDrop3",0.122448979591862,0.0205096046754444,0.455235536952418
"human3_lib3.final_cell_0841","endothelial","inDrop3",0.122449081745303,0.0204081704645966,0.459166587109069
"human3_lib3.final_cell_0855","macrophage","inDrop3",0.346938775510204,0.244897974476745,0.99999999254942
"human3_lib3.final_cell_0856","quiescent_stellate","inDrop3",0.183672347523946,0.204080875615806,0.938775503665817
"human3_lib3.final_cell_0859","ductal","inDrop3",0.245980899812473,0.326609763462334,0.455447121221334
"human3_lib3.final_cell_0860","endothelial","inDrop3",0.12057128438564,0.0408920631940708,0.455109642695843
"human3_lib3.final_cell_0861","beta","inDrop3",0.877578427679848,0.837268442526123,0.455400504598034
"human3_lib3.final_cell_0862","quiescent_stellate","inDrop3",0.199984080488251,0.224863720824505,0.45581628400573
"human3_lib3.final_cell_0863","endothelial","inDrop3",0.122448979474248,0.0408163334476817,0.455130085972977
"human3_lib3.final_cell_0864","alpha","inDrop3",0.796193584344414,0.795765996380866,0.455344713804279
"human3_lib3.final_cell_0865","alpha","inDrop3",0.815246979548665,0.776269325021159,0.455525818399453
"human3_lib3.final_cell_0866","t_cell","inDrop3",0.714285714285714,0.285628853896617,0.959183666627018
"human3_lib3.final_cell_0870","beta","inDrop3",0.877530192417474,0.836739285747171,0.455388088998999
"human3_lib3.final_cell_0880","quiescent_stellate","inDrop3",0.165364549721613,0.20999887333242,0.455571374538312
"human3_lib3.final_cell_0882","endothelial","inDrop3",0.122448979591837,0.0408096106182887,0.456382150064527
"human3_lib3.final_cell_0883","macrophage","inDrop3",0.714285714272519,0.285714288907392,0.938775523134582
"human3_lib3.final_cell_0885","mast","inDrop3",0.714285714285714,0.286298701571663,0.959183666627018
"human3_lib3.final_cell_0889","endothelial","inDrop3",0.122448979591451,0.0408163333729822,0.455648157654218
"human3_lib3.final_cell_0890","quiescent_stellate","inDrop3",0.204081581373185,0.244863995831616,0.455681241540887
"human3_lib3.final_cell_0893","beta","inDrop3",0.877549588782786,0.836787893859717,0.45566358597604
"human3_lib3.final_cell_0894","quiescent_stellate","inDrop3",0.163267685421019,0.224476925656299,0.455592904475148
"human3_lib3.final_cell_0896","t_cell","inDrop3",0.714285714285706,0.285718105756432,0.958996241292357
"human3_lib3.final_cell_0898","endothelial","inDrop3",0.122448979605758,0.020408388477542,0.455373979289677
"human3_lib3.final_cell_0901","quiescent_stellate","inDrop3",0.166908240802474,0.206541262625263,0.455222871450464
"human3_lib3.final_cell_0902","delta","inDrop3",0.938775529279874,0.938768403312209,0.455305335133472
"human3_lib3.final_cell_0904","endothelial","inDrop3",0.122448974417848,0.0408163361335815,0.455074355073497
"human3_lib3.final_cell_0908","macrophage","inDrop3",0.326530612244898,0.244931348242472,0.99999999254942
"human3_lib3.final_cell_0913","endothelial","inDrop3",0.142857142862473,0.265306125946191,0.455369212805692
"human3_lib3.final_cell_0915","activated_stellate","inDrop3",0.163272973713272,0.224490979027647,0.455852273252729
"human3_lib3.final_cell_0919","endothelial","inDrop3",0.122448979658548,0.0204083244181547,0.455165168769584
"human3_lib3.final_cell_0920","quiescent_stellate","inDrop3",0.176783689785558,0.204205435308397,0.455311681539658
"human3_lib3.final_cell_0922","endothelial","inDrop3",0.122448979591837,0.0263034698788603,0.455131135110376
"human3_lib3.final_cell_0923","endothelial","inDrop3",0.142857047039188,0.0204081704117813,0.455266895206529
"human3_lib3.final_cell_0925","endothelial","inDrop3",0.122448979591837,0.0408158914353832,0.455106657661378
"human3_lib3.final_cell_0931","endothelial","inDrop3",0.142857061308472,0.0204081704117813,0.455397100405066
"human3_lib3.final_cell_0933","endothelial","inDrop3",0.14285714285714,0.0204081704117813,0.455759159987192
"human3_lib4.final_cell_0001","acinar","inDrop3",0.512038925881091,0.490102246516891,0.455227133905015
"human3_lib4.final_cell_0005","acinar","inDrop3",0.580506744134386,0.612903657026097,0.455257069666174
"human3_lib4.final_cell_0006","acinar","inDrop3",0.470370320953438,0.449258257730613,0.455319863760619
"human3_lib4.final_cell_0008","acinar","inDrop3",0.510021988845438,0.487932076426514,0.455298552041979
"human3_lib4.final_cell_0010","acinar","inDrop3",0.51274730036958,0.49059935644044,0.455249031097633
"human3_lib4.final_cell_0011","acinar","inDrop3",0.470925504287174,0.449329325457207,0.455411843014121
"human3_lib4.final_cell_0015","acinar","inDrop3",0.570001868814395,0.596595648881833,0.455348220728366
"human3_lib4.final_cell_0017","acinar","inDrop3",0.540022824000454,0.521293791169242,0.455333968719716
"human3_lib4.final_cell_0019","acinar","inDrop3",0.471708896482797,0.449834710553107,0.455419745723703
"human3_lib4.final_cell_0020","acinar","inDrop3",0.515650297863914,0.492900958377733,0.455346764435457
"human3_lib4.final_cell_0023","acinar","inDrop3",0.538538813434227,0.513904878938685,0.455563079644762
"human3_lib4.final_cell_0026","acinar","inDrop3",0.574957751462844,0.612072410882636,0.455368280186598
"human3_lib4.final_cell_0028","acinar","inDrop3",0.508286937968015,0.48209338688802,0.455215569315874
"human3_lib4.final_cell_0033","acinar","inDrop3",0.511008308174121,0.488884885387363,0.455550937202502
"human3_lib4.final_cell_0035","acinar","inDrop3",0.511911164145129,0.490888708813727,0.455486076447517
"human3_lib4.final_cell_0046","acinar","inDrop3",0.523843875148581,0.4997644453635,0.45548846035411
"human3_lib4.final_cell_0047","delta","inDrop3",0.979124854806188,0.974057225014505,0.455403176773429
"human3_lib4.final_cell_0050","delta","inDrop3",0.979871826962045,0.979771330711482,0.455223442476458
"human3_lib4.final_cell_0053","acinar","inDrop3",0.540883455902356,0.51331520321954,0.455335601023687
"human3_lib4.final_cell_0056","acinar","inDrop3",0.593259284438279,0.616177352690644,0.45535901040688
"human3_lib4.final_cell_0063","acinar","inDrop3",0.584707212382824,0.614163140029635,0.455412950112223
"human3_lib4.final_cell_0064","acinar","inDrop3",0.510050832889669,0.486453586559698,0.45536867163451
"human3_lib4.final_cell_0066","acinar","inDrop3",0.508631306162315,0.489062370712712,0.455477170480009
"human3_lib4.final_cell_0067","delta","inDrop3",1,0.99999999254942,0.455313735918294
"human3_lib4.final_cell_0069","acinar","inDrop3",0.469522163203019,0.449005599650759,0.455484965541982
"human3_lib4.final_cell_0074","acinar","inDrop3",0.503459602997878,0.472287709170024,0.455383990385307
"human3_lib4.final_cell_0077","acinar","inDrop3",0.527001851005026,0.500924624998751,0.455439073912197
"human3_lib4.final_cell_0082","delta","inDrop3",0.999996133998982,0.999997862445501,0.455303208207329
"human3_lib4.final_cell_0083","acinar","inDrop3",0.542379675545585,0.527068535082117,0.455393187810179
"human3_lib4.final_cell_0086","acinar","inDrop3",0.558089656649364,0.551857834430247,0.455406946529026
"human3_lib4.final_cell_0087","acinar","inDrop3",0.537369221781155,0.513572476665636,0.45547473212445
"human3_lib4.final_cell_0088","acinar","inDrop3",0.571850053645143,0.602598482782293,0.4553623836945
"human3_lib4.final_cell_0090","acinar","inDrop3",0.547837085801463,0.543859633220105,0.455814162789805
"human3_lib4.final_cell_0099","delta","inDrop3",0.958046363653471,0.938860053086596,0.455294332469481
"human3_lib4.final_cell_0101","acinar","inDrop3",0.566529601113618,0.573193377312086,0.455213440030936
"human3_lib4.final_cell_0111","acinar","inDrop3",0.561568395706374,0.549092115995495,0.45562699043432
"human3_lib4.final_cell_0113","acinar","inDrop3",0.538095159644167,0.512823378820909,0.45546997200021
"human3_lib4.final_cell_0119","activated_stellate","inDrop3",0.0810503477721712,0.182880470816796,0.458299848738652
"human3_lib4.final_cell_0123","acinar","inDrop3",0.567842324871594,0.582932350650723,0.455257737830265
"human3_lib4.final_cell_0141","beta","inDrop3",0.897958511462413,0.873078715438805,0.455462413037819
"human3_lib4.final_cell_0146","acinar","inDrop3",0.51243122016433,0.491945697103261,0.455332121033912
"human3_lib4.final_cell_0147","acinar","inDrop3",0.599472654744951,0.619710506256044,0.455340124749145
"human3_lib4.final_cell_0149","acinar","inDrop3",0.609742558166044,0.627565930569803,0.455361218971872
"human3_lib4.final_cell_0151","alpha","inDrop3",0.795933563891204,0.795913175587043,0.455491222448101
"human3_lib4.final_cell_0165","acinar","inDrop3",0.569992165753752,0.595734017972906,0.455448553877283
"human3_lib4.final_cell_0169","beta","inDrop3",0.896401956505063,0.857062735053659,0.455479039453466
"human3_lib4.final_cell_0170","acinar","inDrop3",0.574894512297056,0.608620646937864,0.455385789316207
"human3_lib4.final_cell_0176","acinar","inDrop3",0.605489060538181,0.621924931180359,0.455341334289995
"human3_lib4.final_cell_0180","delta","inDrop3",0.979539254168163,0.978858089912754,0.455334338106266
"human3_lib4.final_cell_0189","alpha","inDrop3",0.798110418597976,0.795931099038082,0.455237807115415
"human3_lib4.final_cell_0190","acinar","inDrop3",0.58392290147022,0.614886764306004,0.455296271501231
"human3_lib4.final_cell_0191","ductal","inDrop3",0.246054992749135,0.326535450104602,0.455190789510491
"human3_lib4.final_cell_0192","delta","inDrop3",0.999999999740855,0.999999992493264,0.455176681484093
"human3_lib4.final_cell_0197","acinar","inDrop3",0.504636555512462,0.489545858844952,0.455410226111623
"human3_lib4.final_cell_0203","delta","inDrop3",0.99921699186008,0.999483647438589,0.455450415901555
"human3_lib4.final_cell_0211","acinar","inDrop3",0.573702488013983,0.609362968427574,0.455254897673528
"human3_lib4.final_cell_0212","delta","inDrop3",0.959183673896182,0.959178771838994,0.455324828012311
"human3_lib4.final_cell_0220","gamma","inDrop3",0.979363498441309,0.97677159932498,0.455471005303756
"human3_lib4.final_cell_0228","acinar","inDrop3",0.573555992726244,0.608849147522409,0.455306880131037
"human3_lib4.final_cell_0229","beta","inDrop3",0.897953523789842,0.865317188351774,0.455364122657809
"human3_lib4.final_cell_0230","delta","inDrop3",0.979592520911813,0.979592102788723,0.455260853498492
"human3_lib4.final_cell_0237","quiescent_stellate","inDrop3",0.204082630222585,0.244897759115755,0.455523086049599
"human3_lib4.final_cell_0242","acinar","inDrop3",0.574256067440351,0.607214533829216,0.455634607020209
"human3_lib4.final_cell_0243","beta","inDrop3",0.897958339322675,0.872749269567601,0.455478554468208
"human3_lib4.final_cell_0249","ductal","inDrop3",0.285713181208383,0.349414013634823,0.455583560888122
"human3_lib4.final_cell_0255","activated_stellate","inDrop3",0.0612244948915252,0.163265311389541,0.45573789861844
"human3_lib4.final_cell_0257","beta","inDrop3",0.89795891340624,0.875240384910997,0.455334262836491
"human3_lib4.final_cell_0259","alpha","inDrop3",0.795924596154072,0.795916928182519,0.455285666781561
"human3_lib4.final_cell_0265","beta","inDrop3",0.897798069604626,0.8580581316876,0.455397366440572
"human3_lib4.final_cell_0266","ductal","inDrop3",0.285725003341002,0.367336538348446,0.455192096673256
"human3_lib4.final_cell_0278","delta","inDrop3",0.979527904222243,0.978634879101791,0.45528241633237
"human3_lib4.final_cell_0282","beta","inDrop3",0.88106079553416,0.850881049835182,0.455346879325105
"human3_lib4.final_cell_0283","epsilon","inDrop3",0.979591836723355,0.979591829125342,0.455846857988718
"human3_lib4.final_cell_0289","beta","inDrop3",0.894177869117987,0.85676040081213,0.455302737163714
"human3_lib4.final_cell_0291","beta","inDrop3",0.897926162351052,0.860262836310173,0.455566414966565
"human3_lib4.final_cell_0303","activated_stellate","inDrop3",0.0612648580410494,0.163276205907774,0.455847618276323
"human3_lib4.final_cell_0308","beta","inDrop3",0.897009425937614,0.85723802684019,0.455271387577878
"human3_lib4.final_cell_0314","ductal","inDrop3",0.256202962180246,0.344053075027355,0.455472783603553
"human3_lib4.final_cell_0322","delta","inDrop3",0.959183673300888,0.959106366526249,0.455323581795027
"human3_lib4.final_cell_0327","activated_stellate","inDrop3",0.18349264399167,0.204120224824575,0.45548827313958
"human3_lib4.final_cell_0334","alpha","inDrop3",0.795986213870196,0.795887128875513,0.455436685845086
"human3_lib4.final_cell_0338","alpha","inDrop3",0.79307969260241,0.667732889666091,0.455402767784266
"human3_lib4.final_cell_0343","activated_stellate","inDrop3",0.183581904800722,0.203984583153522,0.458320529778404
"human3_lib4.final_cell_0345","acinar","inDrop3",0.609601989204988,0.629499063035218,0.455331681560287
"human3_lib4.final_cell_0351","alpha","inDrop3",0.79597806489303,0.795892161465033,0.455302486102321
"human3_lib4.final_cell_0366","alpha","inDrop3",0.808556825134684,0.78138538996402,0.455394812716889
"human3_lib4.final_cell_0367","alpha","inDrop3",0.836844788418259,0.755138479744435,0.455289349768553
"human3_lib4.final_cell_0377","endothelial","inDrop3",0.102040816326527,0.0816326592953839,0.455148763435333
"human3_lib4.final_cell_0391","ductal","inDrop3",0.245076669510132,0.329713305309998,0.45538152793323
"human3_lib4.final_cell_0393","endothelial","inDrop3",0.10204081632644,0.0816326592953839,0.455099669737213
"human3_lib4.final_cell_0394","ductal","inDrop3",0.245194339418362,0.332340733026512,0.455831797966342
"human3_lib4.final_cell_0403","ductal","inDrop3",0.249332441829177,0.338179222937896,0.455349803312585
"human3_lib4.final_cell_0406","acinar","inDrop3",0.61075601079041,0.629194753816322,0.455506480056748
"human3_lib4.final_cell_0427","beta","inDrop3",0.878279967018958,0.843535998228886,0.455586604456777
"human3_lib4.final_cell_0435","delta","inDrop3",0.979591939978356,0.979591875706442,0.455361201411973
"human3_lib4.final_cell_0437","alpha","inDrop3",0.796146144907174,0.795778266915234,0.455279493677814
"human3_lib4.final_cell_0447","ductal","inDrop3",0.387755072322437,0.306123136736038,0.455993106616573
"human3_lib4.final_cell_0449","activated_stellate","inDrop3",0.183398054480413,0.203846590023972,0.455282341876736
"human3_lib4.final_cell_0455","activated_stellate","inDrop3",0.081538262160416,0.183577016131616,0.455645361647531
"human3_lib4.final_cell_0456","alpha","inDrop3",0.795949008136598,0.795907795415669,0.455748414372929
"human3_lib4.final_cell_0457","quiescent_stellate","inDrop3",0.183249773369596,0.203927500446693,0.459002892731707
"human3_lib4.final_cell_0466","acinar","inDrop3",0.592329503846118,0.616766535055534,0.455489814908264
"human3_lib4.final_cell_0467","beta","inDrop3",0.879730679007258,0.848496135409909,0.455342228810383
"human3_lib4.final_cell_0473","beta","inDrop3",0.89795891767929,0.875254939072406,0.455305224750602
"human3_lib4.final_cell_0475","beta","inDrop3",0.897925118064892,0.860270432058635,0.455356295149068
"human3_lib4.final_cell_0480","macrophage","inDrop3",0.36734693877551,0.244900569370036,0.979591829588219
"human3_lib4.final_cell_0481","beta","inDrop3",0.895294532831246,0.856814608960431,0.45539090687605
"human3_lib4.final_cell_0490","quiescent_stellate","inDrop3",0.183656340588701,0.204081740012679,0.456057480820779
"human3_lib4.final_cell_0509","alpha","inDrop3",0.795925222973812,0.795916499218656,0.455444465123496
"human3_lib4.final_cell_0512","acinar","inDrop3",0.594584049547079,0.619379019190451,0.455348376687908
"human3_lib4.final_cell_0519","acinar","inDrop3",0.599263187211126,0.619476476703208,0.455240760765719
"human3_lib4.final_cell_0520","ductal","inDrop3",0.244926985202395,0.326596939526698,0.455251732903072
"human3_lib4.final_cell_0521","quiescent_stellate","inDrop3",0.734693877546701,0.285714151105682,0.455345500386026
"human3_lib4.final_cell_0527","alpha","inDrop3",0.795960326810832,0.795905616568908,0.455660032277933
"human3_lib4.final_cell_0530","activated_stellate","inDrop3",0.122934047487223,0.185203439201153,0.455482945044228
"human3_lib4.final_cell_0531","delta","inDrop3",0.933605312731719,0.755257545073064,0.455619506500222
"human3_lib4.final_cell_0536","activated_stellate","inDrop3",0.061224414276981,0.163265201635753,0.457199458633523
"human3_lib4.final_cell_0540","ductal","inDrop3",0.253506084007941,0.341438304206848,0.455651054909249
"human3_lib4.final_cell_0548","acinar","inDrop3",0.489877449139858,0.530588163542499,0.455815928947161
"human3_lib4.final_cell_0550","endothelial","inDrop3",0.142857142857143,0.0204082018445609,0.455090759435208
"human3_lib4.final_cell_0552","activated_stellate","inDrop3",0.0813352925739778,0.18331560551671,0.455347943313273
"human3_lib4.final_cell_0556","alpha","inDrop3",0.806237097916332,0.785279855381153,0.455416206141474
"human3_lib4.final_cell_0563","beta","inDrop3",0.653060762305461,0.673438283920989,0.455245228390207
"human3_lib4.final_cell_0565","ductal","inDrop3",0.284831803551656,0.346878049693733,0.4558602243041
"human3_lib4.final_cell_0568","gamma","inDrop3",0.979592390854886,0.979592026772264,0.45552588195224
"human3_lib4.final_cell_0572","endothelial","inDrop3",0.102040602847003,0.0816326511649335,0.455627849162581
"human3_lib4.final_cell_0574","macrophage","inDrop3",0.346938775510204,0.244892856104388,0.99999999254942
"human3_lib4.final_cell_0576","activated_stellate","inDrop3",0.147559213424393,0.190347616155877,0.456304044123431
"human3_lib4.final_cell_0577","beta","inDrop3",0.873256354135661,0.674128995279031,0.455355826420968
"human3_lib4.final_cell_0591","activated_stellate","inDrop3",0.163269420525436,0.224489248326865,0.457691667678539
"human3_lib4.final_cell_0593","activated_stellate","inDrop3",0.166328273526362,0.19163855361572,0.455807367719217
"human3_lib4.final_cell_0601","acinar","inDrop3",0.5376320024236,0.578561741344033,0.455434284541934
"human3_lib4.final_cell_0603","endothelial","inDrop3",0.0204081756491397,0.102040822237929,0.455749635034731
"human3_lib4.final_cell_0610","acinar","inDrop3",0.593429131935619,0.619672986546209,0.455271786465911
"human3_lib4.final_cell_0613","endothelial","inDrop3",0.122448979591488,0.0408163333423323,0.45520552539913
"human3_lib4.final_cell_0614","ductal","inDrop3",0.24490517923307,0.326787834096646,0.457231397962141
"human3_lib4.final_cell_0615","acinar","inDrop3",0.673469387755102,0.632071037623108,0.938775503665817
"human3_lib4.final_cell_0620","alpha","inDrop3",0.836461767908059,0.756866169970283,0.45542983011432
"human3_lib4.final_cell_0639","alpha","inDrop3",0.795924634870772,0.79591680373374,0.45544182837759
"human3_lib4.final_cell_0646","alpha","inDrop3",0.816012052151377,0.775993312337933,0.45536613039259
"human3_lib4.final_cell_0647","acinar","inDrop3",0.612231625572311,0.63255079932292,0.455364792018737
"human3_lib4.final_cell_0648","activated_stellate","inDrop3",0.0815802499928409,0.183625812113497,0.456389893289242
"human3_lib4.final_cell_0663","beta","inDrop3",0.89795544372877,0.867352364604793,0.455444506427368
"human3_lib4.final_cell_0665","acinar","inDrop3",0.601575660256902,0.62181999373559,0.455368950669677
"human3_lib4.final_cell_0670","ductal","inDrop3",0.244898655988541,0.326531751458443,0.455609013695518
"human3_lib4.final_cell_0673","acinar","inDrop3",0.608472092862033,0.627694404981349,0.455289285137755
"human3_lib4.final_cell_0675","activated_stellate","inDrop3",0.081707684214056,0.183674331536041,0.455304345457784
"human3_lib4.final_cell_0676","alpha","inDrop3",0.79612407822568,0.795822614091745,0.455412220398371
"human3_lib4.final_cell_0677","alpha","inDrop3",0.796249438156503,0.795718943756392,0.455373185550852
"human3_lib4.final_cell_0684","activated_stellate","inDrop3",0.203345550961799,0.22455058805943,0.45547356627342
"human3_lib4.final_cell_0691","beta","inDrop3",0.897360979095788,0.857418219864151,0.4553889180667
"human3_lib4.final_cell_0692","delta","inDrop3",0.999794381602489,0.999872824595438,0.455394721684348
"human3_lib4.final_cell_0695","ductal","inDrop3",0.387703486333177,0.306240697526211,0.455613223808617
"human3_lib4.final_cell_0700","beta","inDrop3",0.878488769352023,0.844535918818887,0.455372218448893
"human3_lib4.final_cell_0705","endothelial","inDrop3",8.28301383551004e-05,0.0597250913660748,0.456330871850869
"human3_lib4.final_cell_0706","acinar","inDrop3",0.610661027253222,0.63089232620602,0.455553057653585
"human3_lib4.final_cell_0710","ductal","inDrop3",0.245066018702217,0.329106005849031,0.455371580398121
"human3_lib4.final_cell_0714","alpha","inDrop3",0.796368465941655,0.795603104510771,0.455397755343419
"human3_lib4.final_cell_0718","ductal","inDrop3",0.299437693540615,0.339729515008927,0.455318558446266
"human3_lib4.final_cell_0726","endothelial","inDrop3",0.102040816326531,0.0816326592953839,0.455217935434359
"human3_lib4.final_cell_0727","alpha","inDrop3",0.795925143933209,0.795916532582012,0.455513555277782
"human3_lib4.final_cell_0728","quiescent_stellate","inDrop3",0.183663550824018,0.204081659431347,0.455393886517634
"human3_lib4.final_cell_0730","delta","inDrop3",0.959183674165734,0.959182019555555,0.455400604188009
"human3_lib4.final_cell_0737","quiescent_stellate","inDrop3",0.183382788242337,0.203970468057328,0.455750662563438
"human3_lib4.final_cell_0741","quiescent_stellate","inDrop3",0.18357239936888,0.204059629627672,0.456640956571594
"human3_lib4.final_cell_0746","acinar","inDrop3",0.61313130874859,0.632882230284704,0.455382380294422
"human3_lib4.final_cell_0747","delta","inDrop3",0.999612020245138,0.999666510208383,0.455614518093869
"human3_lib4.final_cell_0751","ductal","inDrop3",0.244897979695783,0.326532283764949,0.45538069760895
"human3_lib4.final_cell_0753","endothelial","inDrop3",0.122448979751968,0.0204081808569045,0.455267919344915
"human3_lib4.final_cell_0757","ductal","inDrop3",0.30580848404255,0.363602814753638,0.455238587345361
"human3_lib4.final_cell_0762","acinar","inDrop3",0.611955501491987,0.632041469808344,0.455474029725353
"human3_lib4.final_cell_0769","delta","inDrop3",0.938775496460673,0.938723824948494,0.455323632998362
"human3_lib4.final_cell_0774","ductal","inDrop3",0.245249959496338,0.326500577507761,0.455292506326166
"human3_lib4.final_cell_0782","gamma","inDrop3",0.959186746263145,0.95918412927397,0.455410312699389
"human3_lib4.final_cell_0785","gamma","inDrop3",0.959183673531425,0.959176004026083,0.455844776969425
"human3_lib4.final_cell_0786","gamma","inDrop3",0.97959183671278,0.979591828668003,0.455673791249777
"human3_lib4.final_cell_0788","beta","inDrop3",0.877547423995845,0.794961961092934,0.455296277384028
"human3_lib4.final_cell_0793","acinar","inDrop3",0.610350860909896,0.630018577855483,0.455356905522234
"human3_lib4.final_cell_0795","quiescent_stellate","inDrop3",0.166245747774537,0.205864444198274,0.455458526234377
"human3_lib4.final_cell_0796","quiescent_stellate","inDrop3",0.183660037981511,0.204081715019716,0.455776025197319
"human3_lib4.final_cell_0799","alpha","inDrop3",0.827569650280365,0.774113776627708,0.455552865545679
"human3_lib4.final_cell_0807","alpha","inDrop3",0.795947112798628,0.795907989050733,0.456083933092425
"human3_lib4.final_cell_0817","gamma","inDrop3",0.934898049032938,0.755894824258523,0.455409488009572
"human3_lib4.final_cell_0818","endothelial","inDrop3",0.122448979591829,0.0408162891664521,0.4556639813309
"human3_lib4.final_cell_0819","quiescent_stellate","inDrop3",0.163296065965572,0.224080571862484,0.455577475257816
"human3_lib4.final_cell_0828","quiescent_stellate","inDrop3",0.734582152807841,0.285647819841603,0.455839023348239
"human3_lib4.final_cell_0831","alpha","inDrop3",0.813647903625018,0.777279356658958,0.455351167872543
"human3_lib4.final_cell_0832","activated_stellate","inDrop3",0.202193182935737,0.229325632985377,0.455814064096313
"human3_lib4.final_cell_0842","endothelial","inDrop3",0.122448979591837,0.0408132421094422,0.455138134756618
"human3_lib4.final_cell_0844","endothelial","inDrop3",0.122448979591837,0.0403825809337273,0.455066047990984
"human3_lib4.final_cell_0845","beta","inDrop3",0.877552493080663,0.83680405510489,0.455318003504392
"human3_lib4.final_cell_0846","quiescent_stellate","inDrop3",0.203877579470242,0.243220634224554,0.455806275283712
"human3_lib4.final_cell_0847","endothelial","inDrop3",0.122448981343793,0.0204081713200646,0.455182461471926
"human3_lib4.final_cell_0852","activated_stellate","inDrop3",0.163390650092558,0.22162350563709,0.455232476832821
"human3_lib4.final_cell_0853","quiescent_stellate","inDrop3",0.163283820725729,0.224488544743777,0.456275948984843
"human3_lib4.final_cell_0858","beta","inDrop3",0.877492191456568,0.836707684673213,0.455388100193046
"human3_lib4.final_cell_0859","activated_stellate","inDrop3",0.204081961294878,0.244891647966246,0.456191568161127
"human3_lib4.final_cell_0863","delta","inDrop3",0.938775905634028,0.938772286284785,0.455288201752993
"human3_lib4.final_cell_0864","quiescent_stellate","inDrop3",0.166605563147736,0.224671827206245,0.455329403203705
"human3_lib4.final_cell_0872","delta","inDrop3",0.952978159420911,0.938782536324745,0.455363774914157
"human3_lib4.final_cell_0873","ductal","inDrop3",0.305109224616258,0.32889238150398,0.455565584215326
"human3_lib4.final_cell_0876","endothelial","inDrop3",0.122450113779775,0.0204081704117813,0.455310172808932
"human3_lib4.final_cell_0878","beta","inDrop3",0.798937839184322,0.798823044449901,0.455405046354253
"human3_lib4.final_cell_0883","schwann","inDrop3",0.734693876921251,0.285711063007381,0.458025512193891
"human3_lib4.final_cell_0886","macrophage","inDrop3",0.326530612295647,0.245695413428699,0.979591829588219
"human3_lib4.final_cell_0887","endothelial","inDrop3",0.142807684553588,0.0204081704117813,0.45624131282736
"human3_lib4.final_cell_0889","beta","inDrop3",0.877580559467793,0.837363093626928,0.455275381634613
"human3_lib4.final_cell_0892","quiescent_stellate","inDrop3",0.183656142949243,0.204081691895973,0.455327956646277
"human3_lib4.final_cell_0893","acinar","inDrop3",0.602550302041824,0.628290805127081,0.455283453929954
