"sample_id","cell_type","technology"
"human3_lib1.final_cell_0004","acinar","inDrop3"
"human3_lib1.final_cell_0008","acinar","inDrop3"
"human3_lib1.final_cell_0012","acinar","inDrop3"
"human3_lib1.final_cell_0014","acinar","inDrop3"
"human3_lib1.final_cell_0016","acinar","inDrop3"
"human3_lib1.final_cell_0019","acinar","inDrop3"
"human3_lib1.final_cell_0021","acinar","inDrop3"
"human3_lib1.final_cell_0022","acinar","inDrop3"
"human3_lib1.final_cell_0027","acinar","inDrop3"
"human3_lib1.final_cell_0028","delta","inDrop3"
"human3_lib1.final_cell_0029","acinar","inDrop3"
"human3_lib1.final_cell_0030","delta","inDrop3"
"human3_lib1.final_cell_0033","acinar","inDrop3"
"human3_lib1.final_cell_0034","acinar","inDrop3"
"human3_lib1.final_cell_0036","acinar","inDrop3"
"human3_lib1.final_cell_0039","delta","inDrop3"
"human3_lib1.final_cell_0046","acinar","inDrop3"
"human3_lib1.final_cell_0048","ductal","inDrop3"
"human3_lib1.final_cell_0054","acinar","inDrop3"
"human3_lib1.final_cell_0059","acinar","inDrop3"
"human3_lib1.final_cell_0060","acinar","inDrop3"
"human3_lib1.final_cell_0061","acinar","inDrop3"
"human3_lib1.final_cell_0063","acinar","inDrop3"
"human3_lib1.final_cell_0071","endothelial","inDrop3"
"human3_lib1.final_cell_0074","acinar","inDrop3"
"human3_lib1.final_cell_0080","acinar","inDrop3"
"human3_lib1.final_cell_0082","acinar","inDrop3"
"human3_lib1.final_cell_0088","activated_stellate","inDrop3"
"human3_lib1.final_cell_0089","acinar","inDrop3"
"human3_lib1.final_cell_0091","delta","inDrop3"
"human3_lib1.final_cell_0092","acinar","inDrop3"
"human3_lib1.final_cell_0100","beta","inDrop3"
"human3_lib1.final_cell_0103","alpha","inDrop3"
"human3_lib1.final_cell_0108","acinar","inDrop3"
"human3_lib1.final_cell_0116","acinar","inDrop3"
"human3_lib1.final_cell_0119","acinar","inDrop3"
"human3_lib1.final_cell_0122","beta","inDrop3"
"human3_lib1.final_cell_0128","delta","inDrop3"
"human3_lib1.final_cell_0136","delta","inDrop3"
"human3_lib1.final_cell_0142","activated_stellate","inDrop3"
"human3_lib1.final_cell_0157","activated_stellate","inDrop3"
"human3_lib1.final_cell_0161","acinar","inDrop3"
"human3_lib1.final_cell_0168","acinar","inDrop3"
"human3_lib1.final_cell_0171","alpha","inDrop3"
"human3_lib1.final_cell_0174","acinar","inDrop3"
"human3_lib1.final_cell_0181","acinar","inDrop3"
"human3_lib1.final_cell_0193","delta","inDrop3"
"human3_lib1.final_cell_0194","delta","inDrop3"
"human3_lib1.final_cell_0196","acinar","inDrop3"
"human3_lib1.final_cell_0199","beta","inDrop3"
"human3_lib1.final_cell_0204","acinar","inDrop3"
"human3_lib1.final_cell_0217","delta","inDrop3"
"human3_lib1.final_cell_0220","acinar","inDrop3"
"human3_lib1.final_cell_0226","beta","inDrop3"
"human3_lib1.final_cell_0230","acinar","inDrop3"
"human3_lib1.final_cell_0231","activated_stellate","inDrop3"
"human3_lib1.final_cell_0246","acinar","inDrop3"
"human3_lib1.final_cell_0254","alpha","inDrop3"
"human3_lib1.final_cell_0262","activated_stellate","inDrop3"
"human3_lib1.final_cell_0272","delta","inDrop3"
"human3_lib1.final_cell_0276","activated_stellate","inDrop3"
"human3_lib1.final_cell_0279","acinar","inDrop3"
"human3_lib1.final_cell_0290","quiescent_stellate","inDrop3"
"human3_lib1.final_cell_0308","ductal","inDrop3"
"human3_lib1.final_cell_0320","endothelial","inDrop3"
"human3_lib1.final_cell_0326","acinar","inDrop3"
"human3_lib1.final_cell_0329","beta","inDrop3"
"human3_lib1.final_cell_0336","alpha","inDrop3"
"human3_lib1.final_cell_0338","ductal","inDrop3"
"human3_lib1.final_cell_0346","activated_stellate","inDrop3"
"human3_lib1.final_cell_0361","activated_stellate","inDrop3"
"human3_lib1.final_cell_0363","alpha","inDrop3"
"human3_lib1.final_cell_0365","activated_stellate","inDrop3"
"human3_lib1.final_cell_0367","alpha","inDrop3"
"human3_lib1.final_cell_0376","ductal","inDrop3"
"human3_lib1.final_cell_0381","activated_stellate","inDrop3"
"human3_lib1.final_cell_0385","acinar","inDrop3"
"human3_lib1.final_cell_0386","alpha","inDrop3"
"human3_lib1.final_cell_0392","activated_stellate","inDrop3"
"human3_lib1.final_cell_0397","activated_stellate","inDrop3"
"human3_lib1.final_cell_0406","delta","inDrop3"
"human3_lib1.final_cell_0413","alpha","inDrop3"
"human3_lib1.final_cell_0430","delta","inDrop3"
"human3_lib1.final_cell_0433","ductal","inDrop3"
"human3_lib1.final_cell_0436","endothelial","inDrop3"
"human3_lib1.final_cell_0439","acinar","inDrop3"
"human3_lib1.final_cell_0447","acinar","inDrop3"
"human3_lib1.final_cell_0448","alpha","inDrop3"
"human3_lib1.final_cell_0452","alpha","inDrop3"
"human3_lib1.final_cell_0453","activated_stellate","inDrop3"
"human3_lib1.final_cell_0456","gamma","inDrop3"
"human3_lib1.final_cell_0458","ductal","inDrop3"
"human3_lib1.final_cell_0462","ductal","inDrop3"
"human3_lib1.final_cell_0463","beta","inDrop3"
"human3_lib1.final_cell_0466","alpha","inDrop3"
"human3_lib1.final_cell_0469","ductal","inDrop3"
"human3_lib1.final_cell_0470","activated_stellate","inDrop3"
"human3_lib1.final_cell_0475","alpha","inDrop3"
"human3_lib1.final_cell_0480","ductal","inDrop3"
"human3_lib1.final_cell_0481","alpha","inDrop3"
"human3_lib1.final_cell_0489","macrophage","inDrop3"
"human3_lib1.final_cell_0499","activated_stellate","inDrop3"
"human3_lib1.final_cell_0501","endothelial","inDrop3"
"human3_lib1.final_cell_0505","acinar","inDrop3"
"human3_lib1.final_cell_0506","alpha","inDrop3"
"human3_lib1.final_cell_0512","gamma","inDrop3"
"human3_lib1.final_cell_0515","ductal","inDrop3"
"human3_lib1.final_cell_0520","endothelial","inDrop3"
"human3_lib1.final_cell_0524","activated_stellate","inDrop3"
"human3_lib1.final_cell_0526","acinar","inDrop3"
"human3_lib1.final_cell_0530","acinar","inDrop3"
"human3_lib1.final_cell_0531","beta","inDrop3"
"human3_lib1.final_cell_0535","delta","inDrop3"
"human3_lib1.final_cell_0536","acinar","inDrop3"
"human3_lib1.final_cell_0540","ductal","inDrop3"
"human3_lib1.final_cell_0550","ductal","inDrop3"
"human3_lib1.final_cell_0553","beta","inDrop3"
"human3_lib1.final_cell_0556","macrophage","inDrop3"
"human3_lib1.final_cell_0557","ductal","inDrop3"
"human3_lib1.final_cell_0560","acinar","inDrop3"
"human3_lib1.final_cell_0562","ductal","inDrop3"
"human3_lib1.final_cell_0563","gamma","inDrop3"
"human3_lib1.final_cell_0567","ductal","inDrop3"
"human3_lib1.final_cell_0570","delta","inDrop3"
"human3_lib1.final_cell_0580","acinar","inDrop3"
"human3_lib1.final_cell_0583","delta","inDrop3"
"human3_lib1.final_cell_0588","acinar","inDrop3"
"human3_lib1.final_cell_0593","activated_stellate","inDrop3"
"human3_lib1.final_cell_0596","activated_stellate","inDrop3"
"human3_lib1.final_cell_0598","acinar","inDrop3"
"human3_lib1.final_cell_0600","alpha","inDrop3"
"human3_lib1.final_cell_0604","activated_stellate","inDrop3"
"human3_lib1.final_cell_0605","endothelial","inDrop3"
"human3_lib1.final_cell_0606","beta","inDrop3"
"human3_lib1.final_cell_0613","quiescent_stellate","inDrop3"
"human3_lib1.final_cell_0614","ductal","inDrop3"
"human3_lib1.final_cell_0625","acinar","inDrop3"
"human3_lib1.final_cell_0629","alpha","inDrop3"
"human3_lib1.final_cell_0633","endothelial","inDrop3"
"human3_lib1.final_cell_0634","ductal","inDrop3"
"human3_lib1.final_cell_0639","activated_stellate","inDrop3"
"human3_lib1.final_cell_0643","gamma","inDrop3"
"human3_lib1.final_cell_0646","ductal","inDrop3"
"human3_lib1.final_cell_0647","mast","inDrop3"
"human3_lib1.final_cell_0652","quiescent_stellate","inDrop3"
"human3_lib1.final_cell_0653","activated_stellate","inDrop3"
"human3_lib1.final_cell_0655","acinar","inDrop3"
"human3_lib1.final_cell_0662","endothelial","inDrop3"
"human3_lib1.final_cell_0665","delta","inDrop3"
"human3_lib1.final_cell_0669","activated_stellate","inDrop3"
"human3_lib1.final_cell_0670","ductal","inDrop3"
"human3_lib1.final_cell_0682","activated_stellate","inDrop3"
"human3_lib1.final_cell_0686","quiescent_stellate","inDrop3"
"human3_lib1.final_cell_0689","alpha","inDrop3"
"human3_lib1.final_cell_0691","activated_stellate","inDrop3"
"human3_lib1.final_cell_0692","alpha","inDrop3"
"human3_lib1.final_cell_0697","endothelial","inDrop3"
"human3_lib1.final_cell_0700","quiescent_stellate","inDrop3"
"human3_lib1.final_cell_0702","ductal","inDrop3"
"human3_lib1.final_cell_0704","quiescent_stellate","inDrop3"
"human3_lib1.final_cell_0710","activated_stellate","inDrop3"
"human3_lib1.final_cell_0711","ductal","inDrop3"
"human3_lib1.final_cell_0716","alpha","inDrop3"
"human3_lib1.final_cell_0720","endothelial","inDrop3"
"human3_lib1.final_cell_0725","endothelial","inDrop3"
"human3_lib1.final_cell_0733","gamma","inDrop3"
"human3_lib1.final_cell_0734","endothelial","inDrop3"
"human3_lib1.final_cell_0737","alpha","inDrop3"
"human3_lib1.final_cell_0739","endothelial","inDrop3"
"human3_lib1.final_cell_0740","endothelial","inDrop3"
"human3_lib1.final_cell_0743","ductal","inDrop3"
"human3_lib1.final_cell_0744","alpha","inDrop3"
"human3_lib1.final_cell_0747","activated_stellate","inDrop3"
"human3_lib1.final_cell_0749","quiescent_stellate","inDrop3"
"human3_lib1.final_cell_0751","delta","inDrop3"
"human3_lib1.final_cell_0753","activated_stellate","inDrop3"
"human3_lib1.final_cell_0754","endothelial","inDrop3"
"human3_lib1.final_cell_0760","endothelial","inDrop3"
"human3_lib1.final_cell_0761","activated_stellate","inDrop3"
"human3_lib1.final_cell_0765","ductal","inDrop3"
"human3_lib1.final_cell_0767","quiescent_stellate","inDrop3"
"human3_lib1.final_cell_0769","alpha","inDrop3"
"human3_lib1.final_cell_0774","endothelial","inDrop3"
"human3_lib1.final_cell_0780","alpha","inDrop3"
"human3_lib1.final_cell_0784","quiescent_stellate","inDrop3"
"human3_lib1.final_cell_0786","endothelial","inDrop3"
"human3_lib1.final_cell_0787","quiescent_stellate","inDrop3"
"human3_lib1.final_cell_0792","alpha","inDrop3"
"human3_lib1.final_cell_0793","ductal","inDrop3"
"human3_lib1.final_cell_0794","acinar","inDrop3"
"human3_lib1.final_cell_0798","endothelial","inDrop3"
"human3_lib1.final_cell_0801","beta","inDrop3"
"human3_lib1.final_cell_0802","quiescent_stellate","inDrop3"
"human3_lib1.final_cell_0803","beta","inDrop3"
"human3_lib1.final_cell_0810","acinar","inDrop3"
"human3_lib1.final_cell_0816","delta","inDrop3"
"human3_lib1.final_cell_0817","beta","inDrop3"
"human3_lib1.final_cell_0820","activated_stellate","inDrop3"
"human3_lib1.final_cell_0823","endothelial","inDrop3"
"human3_lib1.final_cell_0824","endothelial","inDrop3"
"human3_lib1.final_cell_0825","beta","inDrop3"
"human3_lib1.final_cell_0831","endothelial","inDrop3"
"human3_lib1.final_cell_0834","beta","inDrop3"
"human3_lib1.final_cell_0842","quiescent_stellate","inDrop3"
"human3_lib1.final_cell_0848","quiescent_stellate","inDrop3"
"human3_lib1.final_cell_0853","endothelial","inDrop3"
"human3_lib1.final_cell_0855","endothelial","inDrop3"
"human3_lib1.final_cell_0861","gamma","inDrop3"
"human3_lib1.final_cell_0863","endothelial","inDrop3"
"human3_lib1.final_cell_0864","endothelial","inDrop3"
"human3_lib1.final_cell_0872","quiescent_stellate","inDrop3"
"human3_lib1.final_cell_0884","endothelial","inDrop3"
"human3_lib1.final_cell_0885","quiescent_stellate","inDrop3"
"human3_lib1.final_cell_0886","beta","inDrop3"
"human3_lib1.final_cell_0890","quiescent_stellate","inDrop3"
"human3_lib1.final_cell_0891","endothelial","inDrop3"
"human3_lib1.final_cell_0895","ductal","inDrop3"
"human3_lib1.final_cell_0896","endothelial","inDrop3"
"human3_lib1.final_cell_0897","endothelial","inDrop3"
"human3_lib2.final_cell_0001","acinar","inDrop3"
"human3_lib2.final_cell_0002","acinar","inDrop3"
"human3_lib2.final_cell_0003","acinar","inDrop3"
"human3_lib2.final_cell_0004","acinar","inDrop3"
"human3_lib2.final_cell_0006","acinar","inDrop3"
"human3_lib2.final_cell_0008","acinar","inDrop3"
"human3_lib2.final_cell_0016","delta","inDrop3"
"human3_lib2.final_cell_0017","acinar","inDrop3"
"human3_lib2.final_cell_0022","acinar","inDrop3"
"human3_lib2.final_cell_0030","beta","inDrop3"
"human3_lib2.final_cell_0032","acinar","inDrop3"
"human3_lib2.final_cell_0034","acinar","inDrop3"
"human3_lib2.final_cell_0035","acinar","inDrop3"
"human3_lib2.final_cell_0036","acinar","inDrop3"
"human3_lib2.final_cell_0040","beta","inDrop3"
"human3_lib2.final_cell_0043","acinar","inDrop3"
"human3_lib2.final_cell_0048","acinar","inDrop3"
"human3_lib2.final_cell_0049","acinar","inDrop3"
"human3_lib2.final_cell_0050","beta","inDrop3"
"human3_lib2.final_cell_0052","acinar","inDrop3"
"human3_lib2.final_cell_0054","acinar","inDrop3"
"human3_lib2.final_cell_0057","acinar","inDrop3"
"human3_lib2.final_cell_0058","acinar","inDrop3"
"human3_lib2.final_cell_0060","acinar","inDrop3"
"human3_lib2.final_cell_0063","acinar","inDrop3"
"human3_lib2.final_cell_0066","delta","inDrop3"
"human3_lib2.final_cell_0077","beta","inDrop3"
"human3_lib2.final_cell_0079","acinar","inDrop3"
"human3_lib2.final_cell_0086","acinar","inDrop3"
"human3_lib2.final_cell_0088","acinar","inDrop3"
"human3_lib2.final_cell_0096","acinar","inDrop3"
"human3_lib2.final_cell_0098","acinar","inDrop3"
"human3_lib2.final_cell_0100","acinar","inDrop3"
"human3_lib2.final_cell_0102","acinar","inDrop3"
"human3_lib2.final_cell_0105","acinar","inDrop3"
"human3_lib2.final_cell_0107","acinar","inDrop3"
"human3_lib2.final_cell_0108","acinar","inDrop3"
"human3_lib2.final_cell_0115","acinar","inDrop3"
"human3_lib2.final_cell_0126","acinar","inDrop3"
"human3_lib2.final_cell_0130","acinar","inDrop3"
"human3_lib2.final_cell_0134","acinar","inDrop3"
"human3_lib2.final_cell_0135","acinar","inDrop3"
"human3_lib2.final_cell_0136","delta","inDrop3"
"human3_lib2.final_cell_0149","delta","inDrop3"
"human3_lib2.final_cell_0155","delta","inDrop3"
"human3_lib2.final_cell_0159","acinar","inDrop3"
"human3_lib2.final_cell_0160","acinar","inDrop3"
"human3_lib2.final_cell_0172","acinar","inDrop3"
"human3_lib2.final_cell_0180","acinar","inDrop3"
"human3_lib2.final_cell_0187","ductal","inDrop3"
"human3_lib2.final_cell_0201","acinar","inDrop3"
"human3_lib2.final_cell_0208","ductal","inDrop3"
"human3_lib2.final_cell_0214","acinar","inDrop3"
"human3_lib2.final_cell_0215","gamma","inDrop3"
"human3_lib2.final_cell_0228","acinar","inDrop3"
"human3_lib2.final_cell_0229","acinar","inDrop3"
"human3_lib2.final_cell_0237","acinar","inDrop3"
"human3_lib2.final_cell_0239","activated_stellate","inDrop3"
"human3_lib2.final_cell_0245","delta","inDrop3"
"human3_lib2.final_cell_0248","alpha","inDrop3"
"human3_lib2.final_cell_0252","activated_stellate","inDrop3"
"human3_lib2.final_cell_0253","ductal","inDrop3"
"human3_lib2.final_cell_0257","acinar","inDrop3"
"human3_lib2.final_cell_0269","acinar","inDrop3"
"human3_lib2.final_cell_0270","acinar","inDrop3"
"human3_lib2.final_cell_0271","activated_stellate","inDrop3"
"human3_lib2.final_cell_0273","beta","inDrop3"
"human3_lib2.final_cell_0277","acinar","inDrop3"
"human3_lib2.final_cell_0283","acinar","inDrop3"
"human3_lib2.final_cell_0289","ductal","inDrop3"
"human3_lib2.final_cell_0294","activated_stellate","inDrop3"
"human3_lib2.final_cell_0298","acinar","inDrop3"
"human3_lib2.final_cell_0302","alpha","inDrop3"
"human3_lib2.final_cell_0311","delta","inDrop3"
"human3_lib2.final_cell_0314","alpha","inDrop3"
"human3_lib2.final_cell_0315","ductal","inDrop3"
"human3_lib2.final_cell_0316","ductal","inDrop3"
"human3_lib2.final_cell_0317","delta","inDrop3"
"human3_lib2.final_cell_0324","acinar","inDrop3"
"human3_lib2.final_cell_0340","ductal","inDrop3"
"human3_lib2.final_cell_0344","activated_stellate","inDrop3"
"human3_lib2.final_cell_0345","ductal","inDrop3"
"human3_lib2.final_cell_0351","beta","inDrop3"
"human3_lib2.final_cell_0354","beta","inDrop3"
"human3_lib2.final_cell_0359","acinar","inDrop3"
"human3_lib2.final_cell_0368","activated_stellate","inDrop3"
"human3_lib2.final_cell_0370","activated_stellate","inDrop3"
"human3_lib2.final_cell_0373","endothelial","inDrop3"
"human3_lib2.final_cell_0375","ductal","inDrop3"
"human3_lib2.final_cell_0376","alpha","inDrop3"
"human3_lib2.final_cell_0379","ductal","inDrop3"
"human3_lib2.final_cell_0397","alpha","inDrop3"
"human3_lib2.final_cell_0398","ductal","inDrop3"
"human3_lib2.final_cell_0404","alpha","inDrop3"
"human3_lib2.final_cell_0405","alpha","inDrop3"
"human3_lib2.final_cell_0406","ductal","inDrop3"
"human3_lib2.final_cell_0416","activated_stellate","inDrop3"
"human3_lib2.final_cell_0422","beta","inDrop3"
"human3_lib2.final_cell_0424","alpha","inDrop3"
"human3_lib2.final_cell_0429","endothelial","inDrop3"
"human3_lib2.final_cell_0432","gamma","inDrop3"
"human3_lib2.final_cell_0436","ductal","inDrop3"
"human3_lib2.final_cell_0437","delta","inDrop3"
"human3_lib2.final_cell_0441","activated_stellate","inDrop3"
"human3_lib2.final_cell_0444","alpha","inDrop3"
"human3_lib2.final_cell_0460","ductal","inDrop3"
"human3_lib2.final_cell_0461","activated_stellate","inDrop3"
"human3_lib2.final_cell_0465","beta","inDrop3"
"human3_lib2.final_cell_0477","acinar","inDrop3"
"human3_lib2.final_cell_0481","acinar","inDrop3"
"human3_lib2.final_cell_0486","acinar","inDrop3"
"human3_lib2.final_cell_0492","activated_stellate","inDrop3"
"human3_lib2.final_cell_0494","quiescent_stellate","inDrop3"
"human3_lib2.final_cell_0530","endothelial","inDrop3"
"human3_lib2.final_cell_0540","activated_stellate","inDrop3"
"human3_lib2.final_cell_0541","alpha","inDrop3"
"human3_lib2.final_cell_0544","endothelial","inDrop3"
"human3_lib2.final_cell_0546","beta","inDrop3"
"human3_lib2.final_cell_0558","quiescent_stellate","inDrop3"
"human3_lib2.final_cell_0565","alpha","inDrop3"
"human3_lib2.final_cell_0571","alpha","inDrop3"
"human3_lib2.final_cell_0573","beta","inDrop3"
"human3_lib2.final_cell_0575","alpha","inDrop3"
"human3_lib2.final_cell_0580","macrophage","inDrop3"
"human3_lib2.final_cell_0585","ductal","inDrop3"
"human3_lib2.final_cell_0586","acinar","inDrop3"
"human3_lib2.final_cell_0592","alpha","inDrop3"
"human3_lib2.final_cell_0593","activated_stellate","inDrop3"
"human3_lib2.final_cell_0594","beta","inDrop3"
"human3_lib2.final_cell_0597","alpha","inDrop3"
"human3_lib2.final_cell_0603","alpha","inDrop3"
"human3_lib2.final_cell_0605","quiescent_stellate","inDrop3"
"human3_lib2.final_cell_0608","acinar","inDrop3"
"human3_lib2.final_cell_0615","delta","inDrop3"
"human3_lib2.final_cell_0620","acinar","inDrop3"
"human3_lib2.final_cell_0621","activated_stellate","inDrop3"
"human3_lib2.final_cell_0623","acinar","inDrop3"
"human3_lib2.final_cell_0628","alpha","inDrop3"
"human3_lib2.final_cell_0629","alpha","inDrop3"
"human3_lib2.final_cell_0630","ductal","inDrop3"
"human3_lib2.final_cell_0633","alpha","inDrop3"
"human3_lib2.final_cell_0637","ductal","inDrop3"
"human3_lib2.final_cell_0638","acinar","inDrop3"
"human3_lib2.final_cell_0647","endothelial","inDrop3"
"human3_lib2.final_cell_0650","activated_stellate","inDrop3"
"human3_lib2.final_cell_0651","activated_stellate","inDrop3"
"human3_lib2.final_cell_0659","endothelial","inDrop3"
"human3_lib2.final_cell_0660","activated_stellate","inDrop3"
"human3_lib2.final_cell_0668","quiescent_stellate","inDrop3"
"human3_lib2.final_cell_0671","acinar","inDrop3"
"human3_lib2.final_cell_0673","mast","inDrop3"
"human3_lib2.final_cell_0681","activated_stellate","inDrop3"
"human3_lib2.final_cell_0682","alpha","inDrop3"
"human3_lib2.final_cell_0686","ductal","inDrop3"
"human3_lib2.final_cell_0693","ductal","inDrop3"
"human3_lib2.final_cell_0697","activated_stellate","inDrop3"
"human3_lib2.final_cell_0701","quiescent_stellate","inDrop3"
"human3_lib2.final_cell_0702","delta","inDrop3"
"human3_lib2.final_cell_0705","ductal","inDrop3"
"human3_lib2.final_cell_0710","acinar","inDrop3"
"human3_lib2.final_cell_0712","quiescent_stellate","inDrop3"
"human3_lib2.final_cell_0716","activated_stellate","inDrop3"
"human3_lib2.final_cell_0717","alpha","inDrop3"
"human3_lib2.final_cell_0720","acinar","inDrop3"
"human3_lib2.final_cell_0729","activated_stellate","inDrop3"
"human3_lib2.final_cell_0730","alpha","inDrop3"
"human3_lib2.final_cell_0737","macrophage","inDrop3"
"human3_lib2.final_cell_0746","alpha","inDrop3"
"human3_lib2.final_cell_0757","activated_stellate","inDrop3"
"human3_lib2.final_cell_0758","alpha","inDrop3"
"human3_lib2.final_cell_0759","beta","inDrop3"
"human3_lib2.final_cell_0760","activated_stellate","inDrop3"
"human3_lib2.final_cell_0762","acinar","inDrop3"
"human3_lib2.final_cell_0763","acinar","inDrop3"
"human3_lib2.final_cell_0766","endothelial","inDrop3"
"human3_lib2.final_cell_0767","quiescent_stellate","inDrop3"
"human3_lib2.final_cell_0771","activated_stellate","inDrop3"
"human3_lib2.final_cell_0776","delta","inDrop3"
"human3_lib2.final_cell_0778","quiescent_stellate","inDrop3"
"human3_lib2.final_cell_0788","gamma","inDrop3"
"human3_lib2.final_cell_0794","activated_stellate","inDrop3"
"human3_lib2.final_cell_0796","quiescent_stellate","inDrop3"
"human3_lib2.final_cell_0798","mast","inDrop3"
"human3_lib2.final_cell_0803","endothelial","inDrop3"
"human3_lib2.final_cell_0805","macrophage","inDrop3"
"human3_lib2.final_cell_0806","ductal","inDrop3"
"human3_lib2.final_cell_0813","mast","inDrop3"
"human3_lib2.final_cell_0815","alpha","inDrop3"
"human3_lib2.final_cell_0817","endothelial","inDrop3"
"human3_lib2.final_cell_0819","endothelial","inDrop3"
"human3_lib2.final_cell_0823","quiescent_stellate","inDrop3"
"human3_lib2.final_cell_0824","ductal","inDrop3"
"human3_lib2.final_cell_0832","quiescent_stellate","inDrop3"
"human3_lib2.final_cell_0833","quiescent_stellate","inDrop3"
"human3_lib2.final_cell_0836","delta","inDrop3"
"human3_lib2.final_cell_0843","quiescent_stellate","inDrop3"
"human3_lib2.final_cell_0845","beta","inDrop3"
"human3_lib2.final_cell_0846","endothelial","inDrop3"
"human3_lib2.final_cell_0847","activated_stellate","inDrop3"
"human3_lib2.final_cell_0851","alpha","inDrop3"
"human3_lib2.final_cell_0856","endothelial","inDrop3"
"human3_lib2.final_cell_0857","endothelial","inDrop3"
"human3_lib2.final_cell_0858","endothelial","inDrop3"
"human3_lib2.final_cell_0859","beta","inDrop3"
"human3_lib2.final_cell_0861","quiescent_stellate","inDrop3"
"human3_lib2.final_cell_0869","endothelial","inDrop3"
"human3_lib2.final_cell_0870","endothelial","inDrop3"
"human3_lib2.final_cell_0873","activated_stellate","inDrop3"
"human3_lib3.final_cell_0008","acinar","inDrop3"
"human3_lib3.final_cell_0011","acinar","inDrop3"
"human3_lib3.final_cell_0015","acinar","inDrop3"
"human3_lib3.final_cell_0017","acinar","inDrop3"
"human3_lib3.final_cell_0026","acinar","inDrop3"
"human3_lib3.final_cell_0030","acinar","inDrop3"
"human3_lib3.final_cell_0031","acinar","inDrop3"
"human3_lib3.final_cell_0040","acinar","inDrop3"
"human3_lib3.final_cell_0041","acinar","inDrop3"
"human3_lib3.final_cell_0058","acinar","inDrop3"
"human3_lib3.final_cell_0069","acinar","inDrop3"
"human3_lib3.final_cell_0071","acinar","inDrop3"
"human3_lib3.final_cell_0072","acinar","inDrop3"
"human3_lib3.final_cell_0073","acinar","inDrop3"
"human3_lib3.final_cell_0074","acinar","inDrop3"
"human3_lib3.final_cell_0078","acinar","inDrop3"
"human3_lib3.final_cell_0080","acinar","inDrop3"
"human3_lib3.final_cell_0081","acinar","inDrop3"
"human3_lib3.final_cell_0084","acinar","inDrop3"
"human3_lib3.final_cell_0088","acinar","inDrop3"
"human3_lib3.final_cell_0089","acinar","inDrop3"
"human3_lib3.final_cell_0092","acinar","inDrop3"
"human3_lib3.final_cell_0094","acinar","inDrop3"
"human3_lib3.final_cell_0096","acinar","inDrop3"
"human3_lib3.final_cell_0100","acinar","inDrop3"
"human3_lib3.final_cell_0101","acinar","inDrop3"
"human3_lib3.final_cell_0103","acinar","inDrop3"
"human3_lib3.final_cell_0112","beta","inDrop3"
"human3_lib3.final_cell_0117","activated_stellate","inDrop3"
"human3_lib3.final_cell_0118","acinar","inDrop3"
"human3_lib3.final_cell_0121","beta","inDrop3"
"human3_lib3.final_cell_0123","acinar","inDrop3"
"human3_lib3.final_cell_0124","beta","inDrop3"
"human3_lib3.final_cell_0129","acinar","inDrop3"
"human3_lib3.final_cell_0134","activated_stellate","inDrop3"
"human3_lib3.final_cell_0144","acinar","inDrop3"
"human3_lib3.final_cell_0146","endothelial","inDrop3"
"human3_lib3.final_cell_0154","activated_stellate","inDrop3"
"human3_lib3.final_cell_0156","acinar","inDrop3"
"human3_lib3.final_cell_0158","alpha","inDrop3"
"human3_lib3.final_cell_0164","acinar","inDrop3"
"human3_lib3.final_cell_0166","acinar","inDrop3"
"human3_lib3.final_cell_0174","acinar","inDrop3"
"human3_lib3.final_cell_0175","activated_stellate","inDrop3"
"human3_lib3.final_cell_0176","acinar","inDrop3"
"human3_lib3.final_cell_0182","activated_stellate","inDrop3"
"human3_lib3.final_cell_0187","beta","inDrop3"
"human3_lib3.final_cell_0195","acinar","inDrop3"
"human3_lib3.final_cell_0201","acinar","inDrop3"
"human3_lib3.final_cell_0203","acinar","inDrop3"
"human3_lib3.final_cell_0213","endothelial","inDrop3"
"human3_lib3.final_cell_0218","beta","inDrop3"
"human3_lib3.final_cell_0220","acinar","inDrop3"
"human3_lib3.final_cell_0221","acinar","inDrop3"
"human3_lib3.final_cell_0227","acinar","inDrop3"
"human3_lib3.final_cell_0230","ductal","inDrop3"
"human3_lib3.final_cell_0235","acinar","inDrop3"
"human3_lib3.final_cell_0236","beta","inDrop3"
"human3_lib3.final_cell_0237","gamma","inDrop3"
"human3_lib3.final_cell_0240","alpha","inDrop3"
"human3_lib3.final_cell_0242","alpha","inDrop3"
"human3_lib3.final_cell_0243","acinar","inDrop3"
"human3_lib3.final_cell_0244","ductal","inDrop3"
"human3_lib3.final_cell_0249","beta","inDrop3"
"human3_lib3.final_cell_0250","ductal","inDrop3"
"human3_lib3.final_cell_0258","acinar","inDrop3"
"human3_lib3.final_cell_0262","acinar","inDrop3"
"human3_lib3.final_cell_0263","beta","inDrop3"
"human3_lib3.final_cell_0265","activated_stellate","inDrop3"
"human3_lib3.final_cell_0266","acinar","inDrop3"
"human3_lib3.final_cell_0275","beta","inDrop3"
"human3_lib3.final_cell_0283","activated_stellate","inDrop3"
"human3_lib3.final_cell_0285","delta","inDrop3"
"human3_lib3.final_cell_0287","alpha","inDrop3"
"human3_lib3.final_cell_0289","acinar","inDrop3"
"human3_lib3.final_cell_0290","ductal","inDrop3"
"human3_lib3.final_cell_0292","endothelial","inDrop3"
"human3_lib3.final_cell_0306","acinar","inDrop3"
"human3_lib3.final_cell_0311","endothelial","inDrop3"
"human3_lib3.final_cell_0313","beta","inDrop3"
"human3_lib3.final_cell_0318","delta","inDrop3"
"human3_lib3.final_cell_0322","ductal","inDrop3"
"human3_lib3.final_cell_0324","macrophage","inDrop3"
"human3_lib3.final_cell_0329","ductal","inDrop3"
"human3_lib3.final_cell_0339","acinar","inDrop3"
"human3_lib3.final_cell_0344","alpha","inDrop3"
"human3_lib3.final_cell_0345","delta","inDrop3"
"human3_lib3.final_cell_0349","beta","inDrop3"
"human3_lib3.final_cell_0355","acinar","inDrop3"
"human3_lib3.final_cell_0366","ductal","inDrop3"
"human3_lib3.final_cell_0371","beta","inDrop3"
"human3_lib3.final_cell_0375","endothelial","inDrop3"
"human3_lib3.final_cell_0379","delta","inDrop3"
"human3_lib3.final_cell_0381","delta","inDrop3"
"human3_lib3.final_cell_0394","alpha","inDrop3"
"human3_lib3.final_cell_0402","ductal","inDrop3"
"human3_lib3.final_cell_0408","beta","inDrop3"
"human3_lib3.final_cell_0413","macrophage","inDrop3"
"human3_lib3.final_cell_0415","acinar","inDrop3"
"human3_lib3.final_cell_0423","alpha","inDrop3"
"human3_lib3.final_cell_0426","alpha","inDrop3"
"human3_lib3.final_cell_0433","endothelial","inDrop3"
"human3_lib3.final_cell_0438","endothelial","inDrop3"
"human3_lib3.final_cell_0442","activated_stellate","inDrop3"
"human3_lib3.final_cell_0445","beta","inDrop3"
"human3_lib3.final_cell_0447","endothelial","inDrop3"
"human3_lib3.final_cell_0449","ductal","inDrop3"
"human3_lib3.final_cell_0450","delta","inDrop3"
"human3_lib3.final_cell_0478","acinar","inDrop3"
"human3_lib3.final_cell_0484","gamma","inDrop3"
"human3_lib3.final_cell_0491","ductal","inDrop3"
"human3_lib3.final_cell_0493","beta","inDrop3"
"human3_lib3.final_cell_0498","alpha","inDrop3"
"human3_lib3.final_cell_0516","activated_stellate","inDrop3"
"human3_lib3.final_cell_0517","endothelial","inDrop3"
"human3_lib3.final_cell_0518","activated_stellate","inDrop3"
"human3_lib3.final_cell_0519","activated_stellate","inDrop3"
"human3_lib3.final_cell_0523","activated_stellate","inDrop3"
"human3_lib3.final_cell_0524","ductal","inDrop3"
"human3_lib3.final_cell_0526","alpha","inDrop3"
"human3_lib3.final_cell_0529","gamma","inDrop3"
"human3_lib3.final_cell_0530","activated_stellate","inDrop3"
"human3_lib3.final_cell_0537","acinar","inDrop3"
"human3_lib3.final_cell_0540","ductal","inDrop3"
"human3_lib3.final_cell_0542","beta","inDrop3"
"human3_lib3.final_cell_0554","activated_stellate","inDrop3"
"human3_lib3.final_cell_0558","ductal","inDrop3"
"human3_lib3.final_cell_0562","gamma","inDrop3"
"human3_lib3.final_cell_0563","delta","inDrop3"
"human3_lib3.final_cell_0564","activated_stellate","inDrop3"
"human3_lib3.final_cell_0572","delta","inDrop3"
"human3_lib3.final_cell_0580","alpha","inDrop3"
"human3_lib3.final_cell_0581","quiescent_stellate","inDrop3"
"human3_lib3.final_cell_0584","delta","inDrop3"
"human3_lib3.final_cell_0586","acinar","inDrop3"
"human3_lib3.final_cell_0596","endothelial","inDrop3"
"human3_lib3.final_cell_0598","alpha","inDrop3"
"human3_lib3.final_cell_0608","activated_stellate","inDrop3"
"human3_lib3.final_cell_0612","alpha","inDrop3"
"human3_lib3.final_cell_0614","gamma","inDrop3"
"human3_lib3.final_cell_0616","alpha","inDrop3"
"human3_lib3.final_cell_0621","epsilon","inDrop3"
"human3_lib3.final_cell_0625","delta","inDrop3"
"human3_lib3.final_cell_0627","alpha","inDrop3"
"human3_lib3.final_cell_0634","beta","inDrop3"
"human3_lib3.final_cell_0639","endothelial","inDrop3"
"human3_lib3.final_cell_0640","ductal","inDrop3"
"human3_lib3.final_cell_0641","acinar","inDrop3"
"human3_lib3.final_cell_0646","acinar","inDrop3"
"human3_lib3.final_cell_0649","activated_stellate","inDrop3"
"human3_lib3.final_cell_0656","beta","inDrop3"
"human3_lib3.final_cell_0664","acinar","inDrop3"
"human3_lib3.final_cell_0666","alpha","inDrop3"
"human3_lib3.final_cell_0669","activated_stellate","inDrop3"
"human3_lib3.final_cell_0675","beta","inDrop3"
"human3_lib3.final_cell_0681","gamma","inDrop3"
"human3_lib3.final_cell_0682","activated_stellate","inDrop3"
"human3_lib3.final_cell_0684","acinar","inDrop3"
"human3_lib3.final_cell_0687","beta","inDrop3"
"human3_lib3.final_cell_0695","activated_stellate","inDrop3"
"human3_lib3.final_cell_0700","beta","inDrop3"
"human3_lib3.final_cell_0702","activated_stellate","inDrop3"
"human3_lib3.final_cell_0705","ductal","inDrop3"
"human3_lib3.final_cell_0712","acinar","inDrop3"
"human3_lib3.final_cell_0720","alpha","inDrop3"
"human3_lib3.final_cell_0726","acinar","inDrop3"
"human3_lib3.final_cell_0734","activated_stellate","inDrop3"
"human3_lib3.final_cell_0737","alpha","inDrop3"
"human3_lib3.final_cell_0739","alpha","inDrop3"
"human3_lib3.final_cell_0741","beta","inDrop3"
"human3_lib3.final_cell_0744","endothelial","inDrop3"
"human3_lib3.final_cell_0745","acinar","inDrop3"
"human3_lib3.final_cell_0748","ductal","inDrop3"
"human3_lib3.final_cell_0753","macrophage","inDrop3"
"human3_lib3.final_cell_0757","alpha","inDrop3"
"human3_lib3.final_cell_0759","activated_stellate","inDrop3"
"human3_lib3.final_cell_0766","ductal","inDrop3"
"human3_lib3.final_cell_0774","endothelial","inDrop3"
"human3_lib3.final_cell_0776","beta","inDrop3"
"human3_lib3.final_cell_0781","delta","inDrop3"
"human3_lib3.final_cell_0787","ductal","inDrop3"
"human3_lib3.final_cell_0788","gamma","inDrop3"
"human3_lib3.final_cell_0799","alpha","inDrop3"
"human3_lib3.final_cell_0802","mast","inDrop3"
"human3_lib3.final_cell_0806","activated_stellate","inDrop3"
"human3_lib3.final_cell_0807","endothelial","inDrop3"
"human3_lib3.final_cell_0808","beta","inDrop3"
"human3_lib3.final_cell_0810","delta","inDrop3"
"human3_lib3.final_cell_0812","alpha","inDrop3"
"human3_lib3.final_cell_0816","endothelial","inDrop3"
"human3_lib3.final_cell_0819","mast","inDrop3"
"human3_lib3.final_cell_0822","endothelial","inDrop3"
"human3_lib3.final_cell_0830","quiescent_stellate","inDrop3"
"human3_lib3.final_cell_0835","endothelial","inDrop3"
"human3_lib3.final_cell_0841","endothelial","inDrop3"
"human3_lib3.final_cell_0855","macrophage","inDrop3"
"human3_lib3.final_cell_0856","quiescent_stellate","inDrop3"
"human3_lib3.final_cell_0859","ductal","inDrop3"
"human3_lib3.final_cell_0860","endothelial","inDrop3"
"human3_lib3.final_cell_0861","beta","inDrop3"
"human3_lib3.final_cell_0862","quiescent_stellate","inDrop3"
"human3_lib3.final_cell_0863","endothelial","inDrop3"
"human3_lib3.final_cell_0864","alpha","inDrop3"
"human3_lib3.final_cell_0865","alpha","inDrop3"
"human3_lib3.final_cell_0866","t_cell","inDrop3"
"human3_lib3.final_cell_0870","beta","inDrop3"
"human3_lib3.final_cell_0880","quiescent_stellate","inDrop3"
"human3_lib3.final_cell_0882","endothelial","inDrop3"
"human3_lib3.final_cell_0883","macrophage","inDrop3"
"human3_lib3.final_cell_0885","mast","inDrop3"
"human3_lib3.final_cell_0889","endothelial","inDrop3"
"human3_lib3.final_cell_0890","quiescent_stellate","inDrop3"
"human3_lib3.final_cell_0893","beta","inDrop3"
"human3_lib3.final_cell_0894","quiescent_stellate","inDrop3"
"human3_lib3.final_cell_0896","t_cell","inDrop3"
"human3_lib3.final_cell_0898","endothelial","inDrop3"
"human3_lib3.final_cell_0901","quiescent_stellate","inDrop3"
"human3_lib3.final_cell_0902","delta","inDrop3"
"human3_lib3.final_cell_0904","endothelial","inDrop3"
"human3_lib3.final_cell_0908","macrophage","inDrop3"
"human3_lib3.final_cell_0913","endothelial","inDrop3"
"human3_lib3.final_cell_0915","activated_stellate","inDrop3"
"human3_lib3.final_cell_0919","endothelial","inDrop3"
"human3_lib3.final_cell_0920","quiescent_stellate","inDrop3"
"human3_lib3.final_cell_0922","endothelial","inDrop3"
"human3_lib3.final_cell_0923","endothelial","inDrop3"
"human3_lib3.final_cell_0925","endothelial","inDrop3"
"human3_lib3.final_cell_0931","endothelial","inDrop3"
"human3_lib3.final_cell_0933","endothelial","inDrop3"
"human3_lib4.final_cell_0001","acinar","inDrop3"
"human3_lib4.final_cell_0005","acinar","inDrop3"
"human3_lib4.final_cell_0006","acinar","inDrop3"
"human3_lib4.final_cell_0008","acinar","inDrop3"
"human3_lib4.final_cell_0010","acinar","inDrop3"
"human3_lib4.final_cell_0011","acinar","inDrop3"
"human3_lib4.final_cell_0015","acinar","inDrop3"
"human3_lib4.final_cell_0017","acinar","inDrop3"
"human3_lib4.final_cell_0019","acinar","inDrop3"
"human3_lib4.final_cell_0020","acinar","inDrop3"
"human3_lib4.final_cell_0023","acinar","inDrop3"
"human3_lib4.final_cell_0026","acinar","inDrop3"
"human3_lib4.final_cell_0028","acinar","inDrop3"
"human3_lib4.final_cell_0033","acinar","inDrop3"
"human3_lib4.final_cell_0035","acinar","inDrop3"
"human3_lib4.final_cell_0046","acinar","inDrop3"
"human3_lib4.final_cell_0047","delta","inDrop3"
"human3_lib4.final_cell_0050","delta","inDrop3"
"human3_lib4.final_cell_0053","acinar","inDrop3"
"human3_lib4.final_cell_0056","acinar","inDrop3"
"human3_lib4.final_cell_0063","acinar","inDrop3"
"human3_lib4.final_cell_0064","acinar","inDrop3"
"human3_lib4.final_cell_0066","acinar","inDrop3"
"human3_lib4.final_cell_0067","delta","inDrop3"
"human3_lib4.final_cell_0069","acinar","inDrop3"
"human3_lib4.final_cell_0074","acinar","inDrop3"
"human3_lib4.final_cell_0077","acinar","inDrop3"
"human3_lib4.final_cell_0082","delta","inDrop3"
"human3_lib4.final_cell_0083","acinar","inDrop3"
"human3_lib4.final_cell_0086","acinar","inDrop3"
"human3_lib4.final_cell_0087","acinar","inDrop3"
"human3_lib4.final_cell_0088","acinar","inDrop3"
"human3_lib4.final_cell_0090","acinar","inDrop3"
"human3_lib4.final_cell_0099","delta","inDrop3"
"human3_lib4.final_cell_0101","acinar","inDrop3"
"human3_lib4.final_cell_0111","acinar","inDrop3"
"human3_lib4.final_cell_0113","acinar","inDrop3"
"human3_lib4.final_cell_0119","activated_stellate","inDrop3"
"human3_lib4.final_cell_0123","acinar","inDrop3"
"human3_lib4.final_cell_0141","beta","inDrop3"
"human3_lib4.final_cell_0146","acinar","inDrop3"
"human3_lib4.final_cell_0147","acinar","inDrop3"
"human3_lib4.final_cell_0149","acinar","inDrop3"
"human3_lib4.final_cell_0151","alpha","inDrop3"
"human3_lib4.final_cell_0165","acinar","inDrop3"
"human3_lib4.final_cell_0169","beta","inDrop3"
"human3_lib4.final_cell_0170","acinar","inDrop3"
"human3_lib4.final_cell_0176","acinar","inDrop3"
"human3_lib4.final_cell_0180","delta","inDrop3"
"human3_lib4.final_cell_0189","alpha","inDrop3"
"human3_lib4.final_cell_0190","acinar","inDrop3"
"human3_lib4.final_cell_0191","ductal","inDrop3"
"human3_lib4.final_cell_0192","delta","inDrop3"
"human3_lib4.final_cell_0197","acinar","inDrop3"
"human3_lib4.final_cell_0203","delta","inDrop3"
"human3_lib4.final_cell_0211","acinar","inDrop3"
"human3_lib4.final_cell_0212","delta","inDrop3"
"human3_lib4.final_cell_0220","gamma","inDrop3"
"human3_lib4.final_cell_0228","acinar","inDrop3"
"human3_lib4.final_cell_0229","beta","inDrop3"
"human3_lib4.final_cell_0230","delta","inDrop3"
"human3_lib4.final_cell_0237","quiescent_stellate","inDrop3"
"human3_lib4.final_cell_0242","acinar","inDrop3"
"human3_lib4.final_cell_0243","beta","inDrop3"
"human3_lib4.final_cell_0249","ductal","inDrop3"
"human3_lib4.final_cell_0255","activated_stellate","inDrop3"
"human3_lib4.final_cell_0257","beta","inDrop3"
"human3_lib4.final_cell_0259","alpha","inDrop3"
"human3_lib4.final_cell_0265","beta","inDrop3"
"human3_lib4.final_cell_0266","ductal","inDrop3"
"human3_lib4.final_cell_0278","delta","inDrop3"
"human3_lib4.final_cell_0282","beta","inDrop3"
"human3_lib4.final_cell_0283","epsilon","inDrop3"
"human3_lib4.final_cell_0289","beta","inDrop3"
"human3_lib4.final_cell_0291","beta","inDrop3"
"human3_lib4.final_cell_0303","activated_stellate","inDrop3"
"human3_lib4.final_cell_0308","beta","inDrop3"
"human3_lib4.final_cell_0314","ductal","inDrop3"
"human3_lib4.final_cell_0322","delta","inDrop3"
"human3_lib4.final_cell_0327","activated_stellate","inDrop3"
"human3_lib4.final_cell_0334","alpha","inDrop3"
"human3_lib4.final_cell_0338","alpha","inDrop3"
"human3_lib4.final_cell_0343","activated_stellate","inDrop3"
"human3_lib4.final_cell_0345","acinar","inDrop3"
"human3_lib4.final_cell_0351","alpha","inDrop3"
"human3_lib4.final_cell_0366","alpha","inDrop3"
"human3_lib4.final_cell_0367","alpha","inDrop3"
"human3_lib4.final_cell_0377","endothelial","inDrop3"
"human3_lib4.final_cell_0391","ductal","inDrop3"
"human3_lib4.final_cell_0393","endothelial","inDrop3"
"human3_lib4.final_cell_0394","ductal","inDrop3"
"human3_lib4.final_cell_0403","ductal","inDrop3"
"human3_lib4.final_cell_0406","acinar","inDrop3"
"human3_lib4.final_cell_0427","beta","inDrop3"
"human3_lib4.final_cell_0435","delta","inDrop3"
"human3_lib4.final_cell_0437","alpha","inDrop3"
"human3_lib4.final_cell_0447","ductal","inDrop3"
"human3_lib4.final_cell_0449","activated_stellate","inDrop3"
"human3_lib4.final_cell_0455","activated_stellate","inDrop3"
"human3_lib4.final_cell_0456","alpha","inDrop3"
"human3_lib4.final_cell_0457","quiescent_stellate","inDrop3"
"human3_lib4.final_cell_0466","acinar","inDrop3"
"human3_lib4.final_cell_0467","beta","inDrop3"
"human3_lib4.final_cell_0473","beta","inDrop3"
"human3_lib4.final_cell_0475","beta","inDrop3"
"human3_lib4.final_cell_0480","macrophage","inDrop3"
"human3_lib4.final_cell_0481","beta","inDrop3"
"human3_lib4.final_cell_0490","quiescent_stellate","inDrop3"
"human3_lib4.final_cell_0509","alpha","inDrop3"
"human3_lib4.final_cell_0512","acinar","inDrop3"
"human3_lib4.final_cell_0519","acinar","inDrop3"
"human3_lib4.final_cell_0520","ductal","inDrop3"
"human3_lib4.final_cell_0521","quiescent_stellate","inDrop3"
"human3_lib4.final_cell_0527","alpha","inDrop3"
"human3_lib4.final_cell_0530","activated_stellate","inDrop3"
"human3_lib4.final_cell_0531","delta","inDrop3"
"human3_lib4.final_cell_0536","activated_stellate","inDrop3"
"human3_lib4.final_cell_0540","ductal","inDrop3"
"human3_lib4.final_cell_0548","acinar","inDrop3"
"human3_lib4.final_cell_0550","endothelial","inDrop3"
"human3_lib4.final_cell_0552","activated_stellate","inDrop3"
"human3_lib4.final_cell_0556","alpha","inDrop3"
"human3_lib4.final_cell_0563","beta","inDrop3"
"human3_lib4.final_cell_0565","ductal","inDrop3"
"human3_lib4.final_cell_0568","gamma","inDrop3"
"human3_lib4.final_cell_0572","endothelial","inDrop3"
"human3_lib4.final_cell_0574","macrophage","inDrop3"
"human3_lib4.final_cell_0576","activated_stellate","inDrop3"
"human3_lib4.final_cell_0577","beta","inDrop3"
"human3_lib4.final_cell_0591","activated_stellate","inDrop3"
"human3_lib4.final_cell_0593","activated_stellate","inDrop3"
"human3_lib4.final_cell_0601","acinar","inDrop3"
"human3_lib4.final_cell_0603","endothelial","inDrop3"
"human3_lib4.final_cell_0610","acinar","inDrop3"
"human3_lib4.final_cell_0613","endothelial","inDrop3"
"human3_lib4.final_cell_0614","ductal","inDrop3"
"human3_lib4.final_cell_0615","acinar","inDrop3"
"human3_lib4.final_cell_0620","alpha","inDrop3"
"human3_lib4.final_cell_0639","alpha","inDrop3"
"human3_lib4.final_cell_0646","alpha","inDrop3"
"human3_lib4.final_cell_0647","acinar","inDrop3"
"human3_lib4.final_cell_0648","activated_stellate","inDrop3"
"human3_lib4.final_cell_0663","beta","inDrop3"
"human3_lib4.final_cell_0665","acinar","inDrop3"
"human3_lib4.final_cell_0670","ductal","inDrop3"
"human3_lib4.final_cell_0673","acinar","inDrop3"
"human3_lib4.final_cell_0675","activated_stellate","inDrop3"
"human3_lib4.final_cell_0676","alpha","inDrop3"
"human3_lib4.final_cell_0677","alpha","inDrop3"
"human3_lib4.final_cell_0684","activated_stellate","inDrop3"
"human3_lib4.final_cell_0691","beta","inDrop3"
"human3_lib4.final_cell_0692","delta","inDrop3"
"human3_lib4.final_cell_0695","ductal","inDrop3"
"human3_lib4.final_cell_0700","beta","inDrop3"
"human3_lib4.final_cell_0705","endothelial","inDrop3"
"human3_lib4.final_cell_0706","acinar","inDrop3"
"human3_lib4.final_cell_0710","ductal","inDrop3"
"human3_lib4.final_cell_0714","alpha","inDrop3"
"human3_lib4.final_cell_0718","ductal","inDrop3"
"human3_lib4.final_cell_0726","endothelial","inDrop3"
"human3_lib4.final_cell_0727","alpha","inDrop3"
"human3_lib4.final_cell_0728","quiescent_stellate","inDrop3"
"human3_lib4.final_cell_0730","delta","inDrop3"
"human3_lib4.final_cell_0737","quiescent_stellate","inDrop3"
"human3_lib4.final_cell_0741","quiescent_stellate","inDrop3"
"human3_lib4.final_cell_0746","acinar","inDrop3"
"human3_lib4.final_cell_0747","delta","inDrop3"
"human3_lib4.final_cell_0751","ductal","inDrop3"
"human3_lib4.final_cell_0753","endothelial","inDrop3"
"human3_lib4.final_cell_0757","ductal","inDrop3"
"human3_lib4.final_cell_0762","acinar","inDrop3"
"human3_lib4.final_cell_0769","delta","inDrop3"
"human3_lib4.final_cell_0774","ductal","inDrop3"
"human3_lib4.final_cell_0782","gamma","inDrop3"
"human3_lib4.final_cell_0785","gamma","inDrop3"
"human3_lib4.final_cell_0786","gamma","inDrop3"
"human3_lib4.final_cell_0788","beta","inDrop3"
"human3_lib4.final_cell_0793","acinar","inDrop3"
"human3_lib4.final_cell_0795","quiescent_stellate","inDrop3"
"human3_lib4.final_cell_0796","quiescent_stellate","inDrop3"
"human3_lib4.final_cell_0799","alpha","inDrop3"
"human3_lib4.final_cell_0807","alpha","inDrop3"
"human3_lib4.final_cell_0817","gamma","inDrop3"
"human3_lib4.final_cell_0818","endothelial","inDrop3"
"human3_lib4.final_cell_0819","quiescent_stellate","inDrop3"
"human3_lib4.final_cell_0828","quiescent_stellate","inDrop3"
"human3_lib4.final_cell_0831","alpha","inDrop3"
"human3_lib4.final_cell_0832","activated_stellate","inDrop3"
"human3_lib4.final_cell_0842","endothelial","inDrop3"
"human3_lib4.final_cell_0844","endothelial","inDrop3"
"human3_lib4.final_cell_0845","beta","inDrop3"
"human3_lib4.final_cell_0846","quiescent_stellate","inDrop3"
"human3_lib4.final_cell_0847","endothelial","inDrop3"
"human3_lib4.final_cell_0852","activated_stellate","inDrop3"
"human3_lib4.final_cell_0853","quiescent_stellate","inDrop3"
"human3_lib4.final_cell_0858","beta","inDrop3"
"human3_lib4.final_cell_0859","activated_stellate","inDrop3"
"human3_lib4.final_cell_0863","delta","inDrop3"
"human3_lib4.final_cell_0864","quiescent_stellate","inDrop3"
"human3_lib4.final_cell_0872","delta","inDrop3"
"human3_lib4.final_cell_0873","ductal","inDrop3"
"human3_lib4.final_cell_0876","endothelial","inDrop3"
"human3_lib4.final_cell_0878","beta","inDrop3"
"human3_lib4.final_cell_0883","schwann","inDrop3"
"human3_lib4.final_cell_0886","macrophage","inDrop3"
"human3_lib4.final_cell_0887","endothelial","inDrop3"
"human3_lib4.final_cell_0889","beta","inDrop3"
"human3_lib4.final_cell_0892","quiescent_stellate","inDrop3"
"human3_lib4.final_cell_0893","acinar","inDrop3"
