"method","noise_scale","initial_rho","final_rho","initial_final_rho","objective","iterations","ARI","status","warning_count"
"PCA (PC1)",0,0.103159368437427,0.122719538870279,0.982568209989019,-12926.1045591762,161,1,"converged",0
"PCA (PC1)",0.5,0.123074700830009,0.153551875472214,0.984500521189887,-16003.116060551,160,1,"converged",0
"PCA (PC1)",1,0.141566017400193,0.145149612773475,0.968001422238025,-17995.3073876114,161,1,"converged",0
"Isomap (k=10)",0,1,0.999867211930561,0.999867211930561,-9312.92498109369,162,1,"converged",0
"Isomap (k=10)",0.5,0.998541761575129,0.999089323214702,0.999433327036967,-15615.0101005072,161,1,"converged",0
"Isomap (k=10)",1,0.995145723841376,0.996823075811954,0.998363092923255,-17839.1912839357,173,1,"converged",0
"Isomap (k=15)",0,1,0.999867211930561,0.999867211930561,-9312.92498109369,162,1,"converged",0
"Isomap (k=15)",0.5,0.998680429782553,0.999089323214702,0.999647551639463,-15615.0115437202,161,1,"converged",0
"Isomap (k=15)",1,0.749564328492539,0.700138890432116,0.970361448460538,-17989.5715424165,161,1,"converged",0
