"","V3","V43","V13","V49","V5","V35","V6","V41","V47","V54","V16","V25","V15","V7","V24","V9","V53","V59","V20","V12","V23","V37","V11","V19","V34","V60","V29","V8","V44","V17","V39","V21","V40","V26","V48","V52","V22","V14","V55","V28","V56","V57","V10","V51","V31","V4","V36","V42","V32","V2","V46","V1","V30","V27","V45","V18","V50","V58","V38","V33"
"V3",0.984933914764782,0.0179969629377232,0.0249186928665301,0.0181628287528912,0.0402936275086671,0.0267176254890636,0.0939427870887811,0.0101679781338879,0.018917092028448,0.0160083484660778,0.00906815375471848,0.0220637023530834,0.0104720670340003,0.0873309432545255,0.0723638674972517,0.110735125444009,0.0174147333513104,0.0187195158557276,0.00949330961774653,0.0520868566229423,0.014386510653015,0.0176534675632775,0.0419154465370134,0.011014481991561,0.00292813799983183,0.0201820290714627,0.00861984013717043,0.0762469092116689,0.0214969986024957,0.0295314479306958,0.0219119234132109,0.0174854367965996,0.00711105042732085,0.0223356153645,0.0221536414981376,0.0259785576342987,0.0349115932882683,0.00266780986865545,0.0212135787856761,0.00968281964652218,0.0374819082669265,0.0238649885901279,0.103675736563686,0.00539840989998985,0.0129429851247104,0.0347565512043424,0.021272317223637,0.0142811866972984,0.00579728396289059,0.0966249389175841,0.0140738450950056,0.0515795448920097,0.0112230703927126,0.0311941982309966,0.026980579841245,0.0211874643360823,0.0251280716066781,0.00979347387352136,0.0224504841913928,0.01741293397905
"V43",0.0160297882492187,0.98959219850757,0.00688711742562209,0.0130704727978597,0.0102993836834031,0.0180666579514319,0.0385544751852048,0.151216402006037,0.123530969163017,0.0138657571282209,0.00833110056729724,0.0178846487882359,0.0100797838943831,0.0224697643524659,0.00602627028738845,0.0168996736444944,0.00391554634916447,0.0144435684204084,0.031346102446496,0.0456009664968908,0.0104201707056183,0.0668592620652477,0.045575505133444,0.00747468235158766,0.03195707795768,0.0135415867628296,0.0176982912756827,0.0144546880763269,0.109140056167087,0.0110729389619775,0.246413254583481,0.0153287346625501,0.0555324425543225,0.0115527147142294,0.0391753699277255,0.0188883185663509,0.0239996085264172,0.016149578117497,0.0213666996619944,0.00575937545025385,0.0112911124030913,0.00363401486061532,0.0209650026447916,0.01894264311362,0.036793995168112,0.0150652629303498,0.0258339101507788,0.180002534880244,0.0500316947965437,0.0171160774158389,0.0337425752001336,0.00644149629991109,0.0268555225071953,0.0255040648570719,0.0777937611985582,0.00891022261487129,0.00969197939342448,0.0209700763154395,0.0693015639795317,0.0209917166680043
"V13",0.00987365952815999,0.0317855633138907,0.995013511067732,0.0128667743193731,0.0177918957698188,0.00979083738879716,0.0100625386051478,0.0198296721306054,0.00627510410400201,0.00585615262156713,0.0990300089434655,0.0238012010680083,0.20352001539289,0.00378430842974187,0.141685192121109,0.0170976664644472,0.00913128627680804,0.0140564482439559,0.142367352485347,0.00925765589643668,0.108716392136749,0.0104828695657581,0.0174268618123892,0.0689411653597577,0.0408479053779118,0.00685690964267438,0.023778260988108,0.00519232018103577,0.0140798676280606,0.0984235081582122,0.00625592776383244,0.145629722797115,0.0336068415584564,0.0226872037372372,0.00412417822812239,0.0274791000512581,0.0851346162419532,0.11699197093747,0.015134220564566,0.00832807603121832,0.00633292131611474,0.00990004222233221,0.0216880400882561,0.007164494667524,0.00909341691477761,0.0437833827670544,0.0144914238507194,0.00352962726479433,0.0351992340833668,0.0170605165087282,0.0186098884467375,0.025816046234826,0.0017595122316677,0.0135172970168462,0.00586655127136504,0.0701153431069905,0.0127576751686191,0.0107593565291244,0.00433572567809992,0.00479323979036328
"V49",0.0356811488814635,0.00594916538274348,0.00449761930790571,0.991376043394101,0.0185547283901539,0.0383698475991463,0.00720159828521227,0.0301431073984952,0.0326104319756044,0.137528142864749,0.0156050537003398,0.0239625059513314,0.0158393033553196,0.0222780279076653,0.00643898790304742,0.0216729519318569,0.0958081814515822,0.0251252711596973,0.0114256219815115,0.00642131924318323,0.0126545396966772,0.0145134993589642,0.00524326517082485,0.0056764804332281,0.0175716515251991,0.0673125417938488,0.018218064888727,0.00263424681198832,0.0322874315697357,0.0152030319783191,0.0557529288167079,0.00981667242403061,0.0230078802747281,0.0210296437557107,0.00413315658338265,0.170270854645416,0.0241895821326086,0.0325246084392734,0.117368517861164,0.0250446942884226,0.108868322717383,0.125261026485053,0.00562925100519773,0.0605300801409587,0.0689312922276979,0.012895312571389,0.0246016490379963,0.013248770211383,0.0389580631938774,0.0289978318070313,0.00674081580451569,0.010831208642351,0.00808724337339206,0.0130766143935264,0.0422296097862004,0.0140676775271096,0.260011802754029,0.132941712430622,0.0155731143641742,0.0209979219402003
"V5",0.0107226136739388,0.00792124567699393,0.0263108921728312,0.0022039955699058,0.991939462523521,0.0245250974082575,0.0238355737823761,0.0132889034447624,0.00195988750539233,0.0120281636643809,0.0649093960388034,0.0219824637226722,0.0269033688236151,0.171466968263836,0.0327286344154158,0.114337973305769,0.0141032780056314,0.0134617366417288,0.0301801543842622,0.120456614759787,0.0380694319798855,0.0151767922269614,0.0433276071244135,0.0104084041653125,0.00812503609213278,0.00900001758937374,0.0293549728066385,0.253868826488714,0.0170538456890331,0.0151745035457048,0.0176162331482476,0.0279575349096334,0.0210835748207009,0.016319895641366,0.0264796205013222,0.0274180907296746,0.036045309921953,0.00695525378507589,0.0155241703310528,0.0150708830083183,0.0326398590011624,0.0123157012623295,0.269013873599232,0.0158678931312659,0.00767275324886751,0.0254849076418691,0.0244017932937658,0.00300092189940548,0.030246691295683,0.0243537835212571,0.00873186866777442,0.0936466494870749,0.0110645726953704,0.0236614326059075,0.0127533618709936,0.0213770194923648,0.00616863504030096,0.00885175287755757,0.0329381195557816,0.0231818486409217
"V35",0.0166668739924476,0.0230591874759903,0.0233953584968234,0.0107095641492051,0.011732930390579,0.989156009598416,0.00479198621673882,0.00867801380467736,0.0108574841290545,0.0139946189921955,0.00934358495146836,0.272735561051284,0.0204695705206415,0.0243757746317214,0.0161275685081703,0.00636014848433442,0.028696374050811,0.0162984485544924,0.0031424411162112,0.0227645886337243,0.00542079426645292,0.0287986703000067,0.011834167087261,0.024606855185117,0.17822641390559,0.0176208854747961,0.0565000049020081,0.0157929458082764,0.00886456573383798,0.00711060383919315,0.00793405498502231,0.00650383708200508,0.0195218275804294,0.0337107720736782,0.0108827098677532,0.00641171017359021,0.0123093841973949,0.0247246201808565,0.0549388431613598,0.122931211440076,0.00670495659708614,0.0210845281408798,0.0276665457916605,0.0364508259878259,0.0891626387199023,0.00770078213198788,0.0503272138906915,0.039417480186446,0.0807719423200302,0.0116150282486612,0.0223848965383173,0.00846030264919717,0.0715598636480002,0.0697357069922904,0.0153570706222065,0.0100984444063955,0.00887969359707519,0.00811568820551201,0.00907742728530869,0.0911303727716661
"V6",0.0454956536173189,0.0199943931193887,0.0462539369965179,0.0191509829422349,0.0168178717986742,0.0377742881259163,0.99057023211627,0.0166829725905545,0.0304230368599302,0.0135064520735858,0.0259277008519148,0.0197723075942917,0.0331266000297169,0.0482847945292069,0.00371927798777028,0.0713061015461544,0.012774469604001,0.0011502587155745,0.0157448867640315,0.237680579184979,0.014659679262541,0.0136141081873263,0.228804927956262,0.00806396943196075,0.0544285466461707,0.0201609908462507,0.0620337749156937,0.0209422579093936,0.0346813574873391,0.0131089937387195,0.0144978159833301,0.0130286745744754,0.00861881659766728,0.0146892125323261,0.0307320471998864,0.0134458383034074,0.0241445525961395,0.0126666186476475,0.0158841247592034,0.070098163387561,0.00792419182623427,0.0221874232721618,0.0735284113829811,0.00999587046350858,0.00677478842452328,0.233717234130868,0.0174718516518809,0.0229537880567557,0.0357777373107263,0.207120152037912,0.0189740745271103,0.0895639029436881,0.0399295517403825,0.050231532710769,0.0206878617371479,0.00778148110503629,0.00712957207920184,0.0161253111776325,0.0308507851073212,0.0225026700177262
"V41",0.0248442499256503,0.186881800249562,0.0215368098827885,0.0232778154357788,0.0149148196676508,0.00768605675531586,0.0112988791656876,0.995412834491699,0.179471131573494,0.0219173204496149,0.00280362295836034,0.0115963211480062,0.0196562382659139,0.0206852270769423,0.00724135289833983,0.0322592189113953,0.00563248518277404,0.0125242240325834,0.00785613071300162,0.0134126176541297,0.0227793408585214,0.165482750224875,0.0142323079407209,0.00987306626780582,0.024219268119157,0.015249732030712,0.0235698231158706,0.0047612653807152,0.0351252120045065,0.00698996786122186,0.265633075941913,0.0246329050468612,0.0208564536449513,0.0222252255926847,0.0301261415129879,0.0672817704814154,0.0222692925948339,0.0218188440018735,0.00789403226081442,0.0125652534410567,0.0213993136391946,0.00661457875705906,0.00103164586494509,0.00460666606442384,0.0174126531472091,0.0227179554834021,0.00924389022362604,0.20217807976401,0.0114978521519314,0.0235648212797902,0.0408158605364625,0.0146950458961191,0.0227956448938752,0.00258965062866823,0.0377097804405886,0.00231335483100559,0.0142617067242145,0.0061274682369612,0.078620409783639,0.0339214141562713
"V47",0.0277065440352747,0.108115195667191,0.0128801704219429,0.0145856676557461,0.0108777312014563,0.0140029429066736,0.0205622780454708,0.178086623479131,0.990023515403169,0.017224346549398,0.0250978293671121,0.0364970192459428,0.00886251788211578,0.0357957477003357,0.011983657304345,0.00544633689280383,0.00258485486929405,0.0127783644049252,0.00862529152639968,0.0168536036605104,0.0101404103121056,0.0557623339568064,0.0220464759366957,0.0275127839452639,0.0251625834974817,0.0226219322786209,0.0085968541875332,0.0231902270225794,0.0237838176047819,0.0123081680291951,0.263847538189901,0.0204765613023011,0.0660488663188802,0.00541026323764116,0.0558964583059904,0.0070792172011731,0.0281087709670745,0.0110598151630352,0.00522924702269723,0.0387696276542105,0.0145279283149631,0.0203915787550614,0.0265315890033394,0.0296513134414679,0.0120790541233136,0.0403398149730244,0.019326385435514,0.243026705678399,0.00561946919018441,0.014165108039723,0.0170248439829036,0.016794092273266,0.00874835221394943,0.00908399509224811,0.0442152781216836,0.0161574083193403,0.00658943084149799,0.00468102634485701,0.0276501559321375,0.0183008681059542
"V54",0.010690540038147,0.0113766360833125,0.00247485990973095,0.128902748618098,0.0145507761990525,0.043945054573466,0.0166243960736416,0.0143745490765964,0.0256978719037582,0.991065454057399,0.0124344043920613,0.0141895338359043,0.0105435136864775,0.014364946951536,0.00539085711715348,0.00951787314616459,0.172840682170454,0.0248695614793444,0.00629841250777696,0.00640593858177863,0.0054372265951802,0.011098241000752,0.0210842064882547,0.00719617627544988,0.0156162907415455,0.0625598133878231,0.0238585604301186,0.012629004725498,0.0476843652127303,0.0287126009400153,0.00968924059059728,0.0045659746482688,0.0130922047712198,0.0156252219446454,0.00702219043561625,0.0135334019883402,0.00855495148080521,0.00759353149699016,0.11440920688103,0.0423762697466467,0.0766671053943087,0.282778615615369,0.0101925055727546,0.0409006556370833,0.0103703882363533,0.0162915282856795,0.0203054338179092,0.00784084343857694,0.0237663342568628,0.0430653979744775,0.00769911381537547,0.0239348805641062,0.00747931239210242,0.00415419046203469,0.0177986432008606,0.0272695166753362,0.192731563897861,0.188923898326366,0.0190824850336944,0.00935537784997698
"V16",0.00884739673211588,0.0227378478111335,0.0101164426135236,0.032755635269247,0.019649889366234,0.0120155926341434,0.0101729027028694,0.00848582833161249,0.0144310124128053,0.0234092905563329,0.98471146966701,0.0197292820175413,0.0358178486192082,0.0121983625870207,0.118813952330473,0.0023060416496351,0.0145327799250493,0.0113483146022366,0.0984799291914382,0.00788085266845673,0.0492721155318828,0.0232592225492081,0.0143033976478583,0.0688360714743097,0.0169178295544007,0.0236403948991463,0.0222614235125754,0.0121769443495204,0.0175932245807972,0.178266020034906,0.00852237707274228,0.126487339342846,0.0154796367295738,0.00776472260326577,0.00651265651404309,0.0499897362203553,0.0146408496233218,0.0570770913650723,0.0135463625985173,0.0206314308040502,0.0198958173535662,0.0113686857647293,0.00736232497929856,0.0198239305021468,0.00537659166499138,0.0163710261855231,0.0116445019785552,0.0120697865699866,0.0386941861848492,0.00970192898515598,0.0277280698857733,0.0185419395952255,0.0192425373709625,0.0255902946225974,0.0295764221528072,0.117190006032594,0.0263814492274643,0.0185935342960264,0.00939145717811429,0.02299106815866
"V25",0.0109090671109067,0.0460370889119623,0.0164547151634797,0.00279656543667972,0.0366790614196367,0.262549786148203,0.0183564868674687,0.00596714399836051,0.00409790877024807,0.0175700057045518,0.0126146284731947,0.99333668736185,0.00259122384860622,0.00965405761412197,0.0133277583425979,0.0165807759842209,0.0265862041458887,0.0250203508521107,0.0105924630627795,0.0111142979155673,0.00990014804738504,0.0170175377478782,0.0249518062798403,0.0161369127526169,0.11525996469159,0.0270449176276345,0.00956614041120651,0.00942345776374465,0.00740276567513909,0.0125937859168982,0.0144897342818345,0.00386514934899274,0.00153031067881837,0.0518325715435579,0.00590041539981256,0.0147466239271907,0.0111656330526876,0.0142049961105253,0.0069552834147677,0.119897960324811,0.00849421443760845,0.0101983277275033,0.0111651991106201,0.0284579844831664,0.0343432128400407,0.0145314311841106,0.147236778828179,0.0179455556406946,0.143104159232545,0.00330197734405813,0.0103555459385876,0.00959318104332363,0.0292621210505302,0.055265404723716,0.00670001135474863,0.00724604662284378,0.016984830038961,0.00695020985538941,0.0217677637136773,0.0803086480435485
"V15",0.0221984204898128,0.0107637021277598,0.189934013039161,0.00751584421680751,0.00635867715953953,0.00609415355244258,0.0061680535184554,0.0178958750841947,0.00634679120527715,0.0342326551345475,0.0599581723484646,0.0140653126249476,0.980158277415743,0.00532924002884194,0.0577946916826052,0.00743202981943747,0.0426439817364229,0.0174791293883121,0.0966596008854758,0.0380967302120503,0.120780201727713,0.00272514265405255,0.0466639317860321,0.0916128353432636,0.0294851728003681,0.00846840708859919,0.00559133955616931,0.0178655948835399,0.0232161419833521,0.138910103315112,0.0110760487055614,0.0823741880559699,0.0110070704728015,0.0142150085595701,0.0111817615001821,0.0178759296171611,0.117789956331396,0.0532903038131671,0.021483275367954,0.0185055440911785,0.0167165370871127,0.0202964359108991,0.0090145473380665,0.0221535433394747,0.0173774357684696,0.0120434831861629,0.0149466356716679,0.00502204148937413,0.0315165410091738,0.0155244870404728,0.00659359252536329,0.0106847134853766,0.0173423904506795,0.029587469265733,0.0198569993755234,0.0864550810069307,0.0527392755608126,0.0225575203712929,0.0280583144873042,0.00662979136050323
"V7",0.0842717373807345,0.0022920830607599,0.00279952879295131,0.0144026239412741,0.138466409383893,0.0372082459364401,0.0517722103098254,0.0485269069973204,0.03956086924701,0.00442580237215817,0.0126393029186914,0.0222941624182674,0.0096564064772241,0.994082792541789,0.0140626600273305,0.111651224836612,0.0115838958805947,0.0193431061874774,0.00481927579581187,0.0214305005174763,0.0125032904188814,0.0321681041517022,0.0260444199461379,0.0112130936374639,0.0461190293031216,0.0205258973773763,0.00269652005398946,0.144645462874957,0.0226618228270928,0.0231824607295371,0.0256062015614579,0.00488221205572292,0.0265728519522319,0.0119466125907028,0.019411961444421,0.00866982014909456,0.0250935637181252,0.00827015905490947,0.0206355587718288,0.0104267539223996,0.0208463114649914,0.0132671674720086,0.348716731484837,0.0227553716221354,0.0178690741008515,0.0214268019965016,0.0256291793730198,0.0638949678781999,0.015262885099087,0.0223853935632623,0.0261108515861653,0.264609305819012,0.0189068387419223,0.02937157201226,0.0536287002476812,0.0327390623283992,0.0162824078538758,0.0198456686369071,0.0527353112583976,0.00968319821910246
"V24",0.0103465391400401,0.0135324773513855,0.122966135615947,0.0121955907286223,0.0245924153041316,0.0284821323279361,0.0296633003982149,0.0224084459446698,0.0395987593556268,0.0236446159354566,0.123454692907007,0.00185173653058834,0.0376522691742817,0.0136872620826709,0.994172527943758,0.0128933213639527,0.0282255502612789,0.0250953575350206,0.0260427383210527,0.00468681714678554,0.224916558298571,0.0149461637897008,0.00860556931820444,0.0667657290272973,0.00704959296046204,0.00549779065227229,0.00808496812326309,0.0180111980022885,0.0152353025227232,0.220044262182807,0.0203154882219838,0.029081803628646,0.00450655312617609,0.0203971941481179,0.0169404338103138,0.0128221305808353,0.130056803383689,0.0772964852546415,0.02353507359162,0.0253891638758258,0.00695779230478455,0.0178726835210455,0.0106281649095102,0.0110438738137618,0.0188218159593871,0.0148589868528261,0.0119016211552098,0.014282815371864,0.0494918797657655,0.003106069553522,0.0129997533136018,0.00903509226293553,0.013404240473151,0.0175108013678009,0.0238984179111816,0.302271107032893,0.0144347700312901,0.0240835432660476,0.0183267508510729,0.0124742839055931
"V9",0.0738995729249943,0.0189821844986784,0.0241125427660207,0.0120940009661212,0.140981579384045,0.0378131919288915,0.0542763526631262,0.011676715154178,0.00414722354297803,0.02589730546852,0.00635389438784728,0.00822398171835992,0.0120488565592042,0.109543623443646,0.00423611140106284,0.997437393097389,0.024772744766682,0.0245277932125358,0.00537042388357001,0.0133453148657537,0.0167744618817613,0.0167401923140529,0.0313802309608296,0.0179981291733836,0.0115701468439952,0.0390687164361562,0.00559323042497928,0.03075460740505,0.00565572247313539,0.0052034162500626,0.0107105105259062,0.0227993263580849,0.0136340943680807,0.00797418650738424,0.0083091653496089,0.0146892190732578,0.0168464735529574,0.0158871301470743,0.0039352337761549,0.0043692698727652,0.0185045192021622,0.0248039874730726,0.119484988369649,0.0258246395703933,0.0218208295065508,0.0391037023890454,0.0156111622176822,0.0176654543057663,0.00922976738960468,0.157538452343244,0.0145645775230931,0.162651251743757,0.00915585999141066,0.00830198200078225,0.00282714294365127,0.0241020140279231,0.0294880347371878,0.035151907430333,0.00637537537267452,0.0177993352213928
"V53",0.017022099928703,0.00942747093194796,0.0235107703246411,0.0121080789012519,0.0116453534636558,0.0101737043340712,0.0062145236862664,0.025537939187792,0.0103343013906514,0.19135907908455,0.0165917040019495,0.006503079882894,0.0078196925048114,0.0120283678009545,0.0269831869399865,0.0155348464948295,0.992249553614044,0.0666538902637689,0.0258793155961251,0.015861202933908,0.0246260542566805,0.0105549906758844,0.0140626290643066,0.0267057623256893,0.0166927004501755,0.0164121944997837,0.00788116663025884,0.00739503970167643,0.018833757790126,0.0110358578759967,0.0124083852689704,0.00985261112781877,0.0231620235045782,0.0131868537800514,0.0120850918589658,0.0218076900145383,0.014861306013348,0.0118854033794707,0.163998036714067,0.0269059245428545,0.274082513276866,0.223258560405276,0.0233920960529233,0.132086581123941,0.0252256953243321,0.0157206604149264,0.0128664092795314,0.0139409291556289,0.00554460958090763,0.0287594083964864,0.0306672402734413,0.0134127647411721,0.00290004023042312,0.0107268585715102,0.0204006415879341,0.0106502921133871,0.0909876133007085,0.20118595701116,0.0150965175516756,0.0129163469194914
"V59",0.00917030947089059,0.0191529776173344,0.0201972168174334,0.0234901144667193,0.0155076188000829,0.0342782195729374,0.0117917639705492,0.0337335481666333,0.0182092621323147,0.0296902764706268,0.0209125772138264,0.0355077308522365,0.0132443725900606,0.0124662212883605,0.00670067101493543,0.0179944039178102,0.0948314034050718,0.991521314741231,0.00345974220559098,0.0260797768031086,0.0103684035976083,0.0110718480794524,0.0317132421887025,0.0104992784550345,0.0124749333149142,0.0463582981534235,0.0090989500737203,0.00839455068140449,0.021144354164005,0.0110339371017302,0.0248528965671316,0.00832266042738006,0.0422217132164638,0.0127585412500711,0.00831803362654349,0.0323959295457291,0.0168782240188892,0.0167333024380537,0.236796043433978,0.0509851228391294,0.121387082512077,0.0458062151286123,0.0113411563039587,0.251829843710605,0.0231069928809137,0.00817938898727244,0.0361762500221818,0.03522220394029,0.0209848769940181,0.0119209489369124,0.0297690633318731,0.00699003830988665,0.0221168920793282,0.0125310158048594,0.0183295603873666,0.00769794639153176,0.0140412543757312,0.1959935199736,0.00683268539836668,0.0082858916896742
"V20",0.0294482870685135,0.0191517369296973,0.143434753618668,0.00928885491753562,0.0149223268581901,0.0154010749875652,0.00425340216619263,0.0208931377776885,0.0150347297811678,0.0238302263978065,0.0875369643388554,0.00677474043722814,0.109412852741636,0.00892355817880364,0.0067845387582417,0.0174823083932178,0.0341280969078391,0.00889968605244473,0.98818250827133,0.02499363840265,0.0345019486107153,0.0147981109358259,0.0138651795263106,0.023314220179271,0.0325504780364365,0.00617321641751234,0.0252070656301905,0.0112802021129966,0.00869924604697236,0.0802644481845113,0.0182291994942889,0.236394360712203,0.0120194381462424,0.0180984549006777,0.00854887571951013,0.00706955594513137,0.136768512944709,0.0133049496481563,0.0205971088575166,0.0236250497215148,0.00410991531777072,0.0183348715111877,0.0076448793438435,0.010723148094377,0.011752420264263,0.0132359011541308,0.012312742133573,0.0292643506797162,0.0219973518939766,0.0228247681246361,0.00499552520528013,0.0124103427176443,0.00517988938522274,0.0122646706562799,0.0102752079414523,0.0115871533752409,0.0117824456289286,0.0386367750385571,0.0123205786509119,0.0104932288304902
"V12",0.0264972471092388,0.0273191395785902,0.0240437221761284,0.00770887384617303,0.0882148278797933,0.00994682725928719,0.214879896932541,0.00714478581753331,0.0191650672379732,0.00315490825819054,0.0190960136823503,0.0152655749737319,0.00998669356367787,0.0128706356880403,0.0256236031488219,0.0573959506525182,0.0277042324499089,0.0102398656698898,0.0226449160554406,0.991984822473313,0.0248842153265981,0.0168339443164639,0.233411823029012,0.0131541676777293,0.0091616325799454,0.0072133968742798,0.0135753034067255,0.0800701798428034,0.0106117725415155,0.0175159108996477,0.0113165624647141,0.0208088170419655,0.00342639133021683,0.0384621737216786,0.000356188109409294,0.0121129263321547,0.0354996777679085,0.0299462882987434,0.0122494551097398,0.00578242500812876,0.00389571822331991,0.0073839551437701,0.0109880995539593,0.00969747748556682,0.0192312082152124,0.273696756794409,0.0296904565565899,0.0290197686222431,0.0150528501627862,0.17428735624304,0.0669477800330989,0.0339520055207063,0.010628146600468,0.00338134616404728,0.0139546052555083,0.0232592094112807,0.0270816981184618,0.0252333091837108,0.0145270401376852,0.0127071490476325
"V23",0.0179177376433998,0.0130966667235696,0.0237536856339754,0.0159583425350602,0.0247463495200433,0.0147439929614004,0.00859266463136787,0.0378002678091711,0.00867390249114375,0.00707269684226486,0.0413471299731697,0.00351934084020267,0.00694555917239115,0.0228208781784466,0.213936107470242,0.014201874281024,0.0168092773389729,0.01303496320001,0.0267185011410467,0.00696660651038705,0.995601124760192,0.00946662206378368,0.00589342466367659,0.152805022083621,0.00448641374058201,0.0283175490192666,0.0190522956459647,0.013414440707296,0.00689745206574577,0.106744562122777,0.0260257037955147,0.0146919727394669,0.00893745812249702,0.0158842648629093,0.0225170945960854,0.00311768574738192,0.21238632305591,0.0318930287974121,0.0178162743145209,0.00320819603436662,0.00786059445710596,0.00115616769592308,0.0216533319024039,0.01831365881502,0.012525310453398,0.0096900489241295,0.00858817442643389,0.0043466713113719,0.0158350281333548,0.0138013774570966,0.0080564703409558,0.0237784263961753,0.0120413542879124,0.0174918806928158,0.00939064395986899,0.198089276802633,0.00295488641531327,0.0120021971930722,0.0148884477038009,0.0279379653921975
"V37",0.0222339736372557,0.0061521243024153,0.0112832542975794,0.0284264108075127,0.0124326256179312,0.0167648751620622,0.0157957511393418,0.131137997062119,0.0602389097684227,0.0140003307886033,0.00379215087498308,0.0277154247283559,0.0291479550042126,0.0187850774299094,0.013901350455515,0.012708670795612,0.0151571430920504,0.00483293811947516,0.034248548507512,0.0136167577487109,0.00897040156211992,0.991419475977553,0.0158297777511569,0.0173088190622486,0.0352143998037204,0.00767216335639465,0.00317760003993051,0.0103563827306827,0.0756336249223202,0.015025268041977,0.0740929763821238,0.00330291293138762,0.15459210856481,0.00836588676740646,0.0364411482751494,0.0105490108864897,0.00630684404317161,0.0115441088298661,0.00821868432444484,0.00244083870649148,0.0126014954967352,0.0100871107414964,0.0076521019875927,0.0155660525987151,0.015579754829685,0.013175785488856,0.0340522971863064,0.0616956708897659,0.0328771581891879,0.0116880007539503,0.046354857127582,0.0138927543989168,0.0296158564483431,0.0131625943417115,0.220113632136752,0.0428142490765067,0.0180215592043288,0.0037129507092587,0.21852140533258,0.0293737145523192
"V11",0.0144135285893784,0.0177368005989706,0.0212901535605753,0.00346143254174336,0.0242392100262641,0.0276171177110633,0.228226390659563,0.0171647230321461,0.00359026020419118,0.0189473292091745,0.034233251650327,0.0159770304017638,0.00706390125078948,0.0160250427268512,0.0219910499677128,0.0291424011522446,0.0129103754323716,0.00659781421922412,0.0117749562271169,0.257566613331112,0.0112490646033826,0.00852899324159195,0.987006815808576,0.00607616225788199,0.00439793159385249,0.0164998320901156,0.0178906232400111,0.0318743380937592,0.0216764498160035,0.0185322727279698,0.00995997428681317,0.02911475325375,0.00646694809560677,0.00772837088422662,0.0084734347676767,0.0099181367364457,0.00426853844404196,0.0111031269270589,0.0236210387083934,0.0348146772113992,0.0149082031697632,0.00526037103781374,0.0214627554786283,0.0195903742941996,0.0102212513115586,0.197111777164493,0.00743667565644457,0.0106229545194716,0.0424791728365681,0.148464748554816,0.0254937539181017,0.102443728108499,0.0124889153468789,0.0109343919805995,0.00326918380226082,0.0205766397096538,0.00128764433972528,0.0205577755218757,0.00767140450750625,0.00477327725007182
"V19",0.00877760028568075,0.0156120184140569,0.104149366611501,0.0126523389378398,0.011386809758849,0.0197712929721907,0.00391165115014003,0.0105470544404771,0.0237527932586776,0.012637959335725,0.0552260766862909,0.00641127157898647,0.0878084179442334,0.00545247384535985,0.0461865013720082,0.0439797111101047,0.0166122686985383,0.014955098498538,0.100554931637009,0.00371213863767517,0.148708468687402,0.0170034993608217,0.0129523856647284,0.987287910067288,0.00799641923225591,0.0182897893001348,0.0174859472713893,0.0276700122017641,0.00439193062432119,0.170871770692637,0.0251838514080622,0.0485941368521452,0.0182974422696357,0.0190351986205467,0.0356143333655835,0.00859092250683002,0.146670816334385,0.00643257813627152,0.0367732336562461,0.00911736074304526,0.0263255193740222,0.0133948834593653,0.00702182184511269,0.0171076998554897,0.0136362744382121,0.00785302278270916,0.0217296248701897,0.00266040078603125,0.0244360005046691,0.0117713665115654,0.0124773953325825,0.00421017929955225,0.0205230450346305,0.00648414506085593,0.0143507313015587,0.10987556639642,0.0407743534738315,0.0312070559148797,0.00821569916881604,0.0416015412178463
"V34",0.0290414894399253,0.0151228361296728,0.0126224071704284,0.0143230517131112,0.0118759880045741,0.138334797089102,0.0186434094038621,0.0119005325021528,0.0190996578713384,0.0253079784089533,0.0202073060109166,0.136836385544344,0.0225500530732956,0.00227723157251225,0.00409767532792615,0.0194986591201968,0.0314825423167908,0.0299507243747261,0.00386162707121096,0.0146773074444116,0.00648247132300994,0.0207856380637867,0.00405865272767236,0.018018181091716,0.993264697059417,0.0255883396127197,0.140981147117448,0.00703151424584936,0.0325852957223569,0.00800284592641787,0.0105271242286202,0.0148231894030374,0.027411611511904,0.066955280210389,0.00986420598895732,0.0447995411771663,0.0253074136485734,0.00241072289047028,0.0260141967809382,0.237917678361305,0.0209878829336682,0.0505462993391114,0.0157819933457078,0.0082959070093892,0.0254715522512544,0.0178701715092856,0.0841458172971981,0.0218433535762131,0.239401588413208,0.00556597024403704,0.0115244245755223,0.00139439660108254,0.119304065427554,0.236925244902901,0.0129554072827059,0.0121991982226883,0.0449403509088258,0.0149039196922232,0.0131491501430548,0.0347893853516669
"V60",0.0116357459010467,0.0249093816720088,0.0205349470235007,0.090932825146489,0.00352721821631252,0.0304293086523171,0.0209952836814904,0.0114690974151012,0.00722460388847623,0.0833071902343955,0.0187561621485653,0.0133739666956798,0.012931719632032,0.0200704039437979,0.0186751717485594,0.0142602967772405,0.00747648610195029,0.0532322135585598,0.00830131639895293,0.0217799378884849,0.00526094713963277,0.00858797903419362,0.0189823183082414,0.0183612375738309,0.0134112837840094,0.992906987064065,0.0181668698424303,0.00423429597039182,0.0101426986518309,0.0285830589692239,0.0200428680534879,0.0109013815860066,0.00570652950179962,0.0242209952911365,0.0320156576939764,0.0885258534453809,0.0144104370850029,0.0196451372860957,0.00802838680494555,0.0224489418256015,0.0198942137602771,0.108367454333902,0.0115227505592971,0.137746066949489,0.0383850120938741,0.0260390662741623,0.0150449165367331,0.0127882386518174,0.0216519552376495,0.015910005026985,0.0170986380427189,0.0166446228767527,0.0273801653872472,0.0159636548544753,0.0107229660220494,0.0191025302025367,0.132630108707702,0.0136444303769352,0.0241790990140154,0.0217646593622434
"V29",0.00683014029129503,0.0247131757693213,0.0204273372052804,0.0255219106506993,0.0182072746036506,0.0383096152383495,0.00655067181481317,0.00368686532623619,0.0108111150476252,0.00340623502523207,0.0151886012330481,0.0417732441617251,0.00987960092490436,0.0132005500935937,0.00654614577640689,0.0048402824363214,0.00595860262139736,0.0213131274464416,0.014116679330526,0.0151359174809242,0.0258667475960209,0.0255771493778997,0.0142622721390187,0.0150596066261265,0.162889362803404,0.0369286785045624,0.993043100717287,0.0257864835037194,0.0057901794205989,0.0077357055305658,0.00997941494920229,0.0102580794693609,0.0345048004972213,0.0425818742717254,0.0111391043246989,0.00672984782907182,0.0252046694952709,0.0217937231763347,0.0120694704003537,0.100475127087939,0.00411609988030381,0.0258181278708197,0.00684752040882719,0.024231298144495,0.1068358695577,0.00953278189432716,0.039443065201305,0.0176764683482731,0.0248553352651195,0.00436313629571539,0.00345387873217529,0.0152915165388777,0.187929063869248,0.123467258440056,0.010475097886997,0.0138899825437412,0.000984954749443046,0.0169939511349912,0.0135060884958538,0.176068899749057
"V8",0.0682032695921491,0.00344123287804177,0.0230753374902081,0.00639198021622467,0.211419319258743,0.0442467214943558,0.0558109112214287,0.019142483019794,0.0333806080401866,0.011541414265492,0.010919262043055,0.0114180259004724,0.0417561823045206,0.130785559305598,0.0307571184411866,0.0240526366229287,0.0133006717300292,0.0117195588809716,0.0155364722776029,0.0889146852306114,0.028084179133363,0.0295306225588086,0.0978178715794298,0.00390626833490249,0.0158860894872803,0.010024569130856,0.0162131543829056,0.997046255322314,0.0405864939999715,0.0241080355473642,0.0167268852161656,0.0174406748106155,0.0203349795604406,0.0145703281439993,0.00701974559767005,0.0334932111951139,0.00256757361128845,0.0144871885302802,0.0370187129477108,0.00256331345910921,0.0394152983748578,0.0130805464461832,0.172199168857174,0.0260211270328223,0.00872356262617491,0.0957490628696399,0.00592465845380052,0.0118228893978167,0.0147113774467266,0.0294863795947516,0.012248107530593,0.062866387456108,0.0110225705697017,0.0276053239454225,0.0242257069042647,0.00716098919108088,0.0035237385937571,0.0311426064430104,0.0152725515510708,0.00297300050206439
"V44",0.00291281182221037,0.10473237095619,0.0349128623238854,0.00887154580892757,0.0152368927397524,0.00897413206860276,0.0126105893073187,0.0517590067792788,0.0195502595082545,0.0287011833226447,0.0196928528329798,0.010947660203414,0.0253560966034145,0.0109602762697562,0.0150680180348998,0.0305964646192523,0.0332354927497698,0.0232805635622479,0.0154325571906279,0.00837756699984415,0.00873188177442108,0.0382825894359345,0.0141222087780899,0.0156728508018606,0.0287293966809785,0.0143400256141614,0.00686083112865976,0.0221738927173608,0.994423556811344,0.0263942886612413,0.0388238927245452,0.00206650019664323,0.243484977820164,0.0117251493590753,0.0239283163637236,0.00988488288353728,0.0161607262102442,0.0230469042226608,0.00946153738041933,0.0209355085078202,0.0102045567077143,0.0157899609737286,0.00488617483905618,0.0371122077780666,0.0127726589560878,0.00937069114973144,0.0149821001679591,0.0210597670015559,0.00951442774142597,0.0128953660315574,0.0622537686246699,0.0122221489916704,0.013743609550552,0.0260755749136657,0.163455389129433,0.0112663463853637,0.0258954044467321,0.0196710441470059,0.0911310184498562,0.0115149247463913
"V17",0.00325141375905413,0.0154271513641985,0.0661325168375336,0.00988102861536122,0.0046436648007524,0.0146253362012928,0.00877886107372372,0.0161629624507595,0.0104081069907506,0.0160248067121712,0.179563328875191,0.00357228020088718,0.119486776128877,0.0263168728281382,0.202552723416061,0.0150099745041167,0.00764703642462927,0.0274944141916511,0.0738316832323528,0.0191457887619847,0.109969951463054,0.0169436176609585,0.00836145431464341,0.170776245327817,0.00998116640793933,0.00200037290978783,0.0279991876767193,0.00990466458001749,0.0193611005992278,0.992767198030548,0.0218884868378487,0.100649215671879,0.0215723393244707,0.0113839616645171,0.0209374700963558,0.0193586322477389,0.0330176662563973,0.0170976719448128,0.00613031920974427,0.0142534836837001,0.00900292504728872,0.0201285702251328,0.009975708844422,0.0132878082330115,0.0265578995761432,0.00725406002657036,0.0138076222044986,0.0174008758147831,0.0200641772514228,0.00972295236568765,0.0103897241172228,0.0218229645708822,0.0359283179976688,0.0236505678597778,0.0147674075785791,0.204407623891024,0.0416665199952884,0.00406570377803717,0.0128308449318872,0.0123600001022279
"V39",0.0347506590131458,0.226266648298258,0.0130149324295202,0.00913333220883128,0.013616958893131,0.00834915115099155,0.00747310792810141,0.233991483521182,0.259130613939484,0.0268507694052383,0.00819064448711915,0.00283032319671961,0.0286399657276577,0.0154818682156759,0.0108976051285883,0.0213821137976659,0.0146051996211974,0.0320055849601516,0.0251408921006264,0.020431578604831,0.0175012875247857,0.0756433613002611,0.00450650208261516,0.011206621413733,0.0181074745332076,0.0101793163505722,0.0143854161550747,0.025732141982431,0.0267257930565866,0.0102727865567008,0.993338220002155,0.0207583700811087,0.0326049520550095,0.0429903195551032,0.0183005188808272,0.0106253699150157,0.0125785068366937,0.0232641281091905,0.0189510007248339,0.0410370272034132,0.00377119636098766,0.00834994973395842,0.00913163294357877,0.0108309246911438,0.0105302920919198,0.00538744129481761,0.00864198937923399,0.22564701821406,0.0127020215236753,0.0126224698123523,0.0233670336475489,0.0114466478240233,0.0372447196537932,0.0205775760519208,0.0310620448016851,0.011813482380118,0.0168296983778617,0.0306098760193509,0.0583645809591181,0.0178265983860492
"V21",0.00953983449806584,0.0298758782747842,0.134236326653811,0.0100665127647994,0.00988389173994841,0.00981494578045994,0.0287285055918878,0.0277002776878612,0.0246439608660356,0.00640162344861772,0.120939837112857,0.0208057123737445,0.0963599758388357,0.0195118493443255,0.00813519918226024,0.013642589683048,0.0503503336603126,0.0313522226734178,0.238918646341047,0.0317980008070975,0.013313391830678,0.0124639884272276,0.0149824338338325,0.030948557771299,0.0190903664049634,0.0142931580144768,0.00349395551084586,0.0123846905307758,0.0164228360291878,0.0958616320360823,0.0501961863157105,0.9884989282185,0.0239357462875136,0.0311593139742175,0.0454721375863552,0.0110289225991903,0.127664010373497,0.0701076818007043,0.0482457403830475,0.0244584062895767,0.0196745305388398,0.0297063434764372,0.0032828329818726,0.0285336448997934,0.0294925252574572,0.0194933033067763,0.0385469396598616,0.0407288679781705,0.032276716826551,0.0143118687631679,0.018923286997593,0.0169886538356526,0.0234797562949602,0.0106342055050377,0.041452030583313,0.0145016545918847,0.0100292382662375,0.0169719601668027,0.0283666616088746,0.0322110821380006
"V40",0.0281616336967776,0.0249779034084756,0.0125077243770595,0.0173949627118084,0.0213571334339067,0.0142565291539183,0.00940745469068438,0.019237696394335,0.0324620401428339,0.00688088308978863,0.0168186681246234,0.0440016775288047,0.0250350892536126,0.0136356583140341,0.0330721303361188,0.0125928717357672,0.0237831097397847,0.00524459396812782,0.0178931620176349,0.0140256267766764,0.0122768055954912,0.155741457806634,0.00689265383974547,0.0318627226343148,0.0131965695168069,0.00777624496821416,0.0102594932502025,0.00990519026591785,0.210714990497558,0.0133346341321935,0.0451566834738435,0.0242081105120991,0.99373665827611,0.00929182810884843,0.0794260033244966,0.0178707307035451,0.0204665252059589,0.0325526380127892,0.0113117398273819,0.0214739056642436,0.0166723095036974,0.0151558774241544,0.0380303448721535,0.0174410555322805,0.00946683267474024,0.00874075488789805,0.00757773258509831,0.0750515910335944,0.00322081347436542,0.00856167955172804,0.0248079173997175,0.00882286788074826,0.0168761891454012,0.0211283910544657,0.232659645737748,0.00903015229979498,0.0054739141515312,0.0177389652045236,0.136431302974466,0.0169912918677565
"V26",0.0160075575922878,0.00800810186890988,0.0156085626113071,0.0298729877359865,0.0312718844250427,0.0140392898206704,0.0157174599269002,0.0100743997800743,0.00862852603143593,0.0186815225613748,0.0309458496734503,0.0338735330111684,0.0213187504513715,0.00537352109339284,0.0185862964622393,0.0112715350339253,0.0110857380636815,0.0123041649146277,0.0117009186720021,0.0080865842108202,0.0109923636163428,0.00944196609843018,0.0196052113984515,0.0235630189292736,0.00904491395213458,0.0263818577922613,0.0341816817313062,0.0103232026137983,0.0139012433034602,0.0384657385986137,0.03251084087755,0.0115274719363224,0.0140101861505596,0.988494070822837,0.0059104451018881,0.00627122636678401,0.0109753094612962,0.0123450343585569,0.00882535576875842,0.0368133912211663,0.00742559863807324,0.0222862499484859,0.00498761452355911,0.000584691750745381,0.0492933832910241,0.00651969160493349,0.169509487896258,0.0156660276890754,0.165949857450053,0.00712806637213814,0.0300530296262391,0.00609888591546037,0.00537137026738566,0.0330115077813352,0.0074335225231511,0.00967087886059648,0.00401673594583496,0.00876047875619268,0.0277657857627532,0.0883900617944815
"V48",0.0221363420655132,0.0649960314126823,0.00396995967153024,0.00586471285069079,0.0095458829121069,0.0195556463503304,0.0110394220389218,0.0254589049707041,0.0822504796577797,0.0130383089150161,0.0291441205433104,0.0194340575694969,0.00805232861981731,0.0137596330162174,0.0247572480845417,0.0158445390791901,0.00878955061492559,0.0103335461432721,0.0143926717527614,0.00389327691238872,0.0377755526678397,0.0519188545876811,0.020169536857115,0.0153605206917631,0.038573851641771,0.00894398002706365,0.020302521642236,0.00800784775903662,0.0160554953127147,0.0173833717147373,0.0685529149111128,0.0162803639960249,0.0825319566953816,0.0101163236278544,0.982361767785109,0.00351839655942321,0.0128350116867441,0.0417873593977461,0.0115948482491005,0.0123529897619427,0.0106909976622512,0.00535947041779039,0.00786796832785697,0.0148256760534371,0.0265601422119977,0.0151679164938943,0.0323840990643084,0.0554078942469259,0.0277861991329775,0.00457446288702312,0.0552615262690178,0.0137459092375046,0.0101592303154076,0.0158911917583451,0.0685996250520835,0.0127777717009617,0.0125810521785126,0.024721416157923,0.156737889259036,0.0306869132615738
"V52",0.00315007184321414,0.00594229240062383,0.00778780868731366,0.171209527173236,0.0228997022984628,0.00522952837172508,0.0123475064663184,0.0186573148770988,0.0235828608656063,0.00581023606943365,0.00482352204975423,0.0149606817137986,0.0268958318509528,0.0226955447712359,0.0159183306467489,0.0236274983617476,0.0657434366987398,0.0499233769336703,0.0197513477050467,0.0443857431357393,0.00713768955894101,0.00435196428382245,0.0260585241237392,0.0139380855073531,0.0455450618432955,0.107298163025809,0.0177256715342701,0.031394123109733,0.0164833821003828,0.0407855672009247,0.0233190684460377,0.020929612252501,0.0215119304505026,0.0131659949779567,0.0044914326204476,0.993530658714187,0.0100341234714675,0.0213694847447015,0.0192152404433455,0.0176238648374757,0.183854557819155,0.0155108625812345,0.0097033355026015,0.126849678527664,0.0130101150261818,0.0129881323734313,0.00725876307783369,0.0223430135323142,0.0180035477856046,0.0192683631441484,0.0204489741780084,0.0205096220519801,0.0173212550095372,0.0207172250485446,0.0340194975481581,0.0223541145996198,0.129624841066844,0.0260577852662603,0.000650927471784413,0.0257305628278486
"V22",0.0625152608329042,0.0129611136911493,0.0585573964350427,0.0189892590718096,0.0196669390255665,0.0483374455358645,0.0400973804999528,0.021639850537726,0.0192425864035107,0.0234259922442895,0.007906307479703,0.0513281156400133,0.058647421426839,0.00625450703264907,0.134835318171043,0.02022404601348,0.0118035759693125,0.013759448784637,0.16980625505309,0.0406705125817161,0.216737316745656,0.0218533711613158,0.0216091831558444,0.171166992978578,0.0137425722411304,0.010806636458248,0.0164940711729584,0.0143885769193952,0.00761963733007609,0.0494605632596453,0.0169671617523579,0.118632996697271,0.00481116234668111,0.00753719993902469,0.0254200827257038,0.00416422777260184,0.992454943508621,0.0161173494570196,0.00474197940139498,0.00318192419733787,0.00445602798918476,0.0215291417035988,0.0171039252876115,0.00943818211291858,0.022624386118746,0.0317957469883006,0.00600042507722387,0.0316483598777196,0.0177921609223906,0.0257443483152612,0.00745403178963522,0.010034673548374,0.0185904867465986,0.00853745321579413,0.0216348126570438,0.147809156183061,0.0196000774365109,0.0250466440627563,0.00914474005794907,0.0392418296826857
"V14",0.0127639768856364,0.0258386249208691,0.119821919725892,0.0164122059789659,0.00472415129706161,0.00856377386829121,0.00284211602352324,0.0124255615587386,0.00583052013971597,0.018041158324319,0.0559019498918448,0.00846615820493812,0.0713199214669594,0.00669076449054362,0.0432924193314024,0.0146990434503667,0.0089270660846914,0.0268351486592636,0.0190834467656051,0.00928106633387893,0.0160309195723946,0.021655874862772,0.0077849903517222,0.012708995824435,0.00897802201437481,0.0249728844214671,0.0314269699796691,0.0100781247254574,0.0124288852432565,0.0091373445174594,0.0290306592421353,0.0357529424576174,0.0328983470470371,0.0215816473120278,0.0127337338833262,0.0118782516078033,0.0228111482250504,0.993602706653349,0.012322732419729,0.0111535985011115,0.0044988962677831,0.00802456018817033,0.0143219558597132,0.0287143926175731,0.00933800193753231,0.00994300697981398,0.0126746701018161,0.00983328169637243,0.0251429936045052,0.0066075904334979,0.0115936962420563,0.0192907133956993,0.035073072393779,0.0170895354236973,0.00515407361836173,0.0152598421119265,0.00751079607568961,0.0104672031237693,0.0144642382106391,0.0623835952577664
"V55",0.0105372228957993,0.0263729823316305,0.0101450235431126,0.11313726985497,0.00407893201301013,0.0157331924427596,0.0265429428045522,0.0190445738196712,0.0132181014507096,0.112057688188867,0.0155321024556494,0.0122229541682464,0.0482082171501431,0.0149390425124712,0.0205755935527542,0.00646541269997591,0.162836802078192,0.204307796732996,0.00891371875743685,0.00858199062800802,0.0328649851000551,0.00513463726199692,0.02053576605574,0.0120784720624865,0.00730225354864522,0.0337922139519409,0.0105890073522295,0.0382772311257485,0.0196237347715419,0.0312090794046067,0.0263109097792059,0.00906363012012013,0.021248057991557,0.0213112480952813,0.0040889802573939,0.0439264763319158,0.00852933127859512,0.0522164023625966,0.985246183870255,0.0119311117624935,0.137500137300925,0.14332105185878,0.0162758116954642,0.14848020807171,0.0140133309075822,0.0239538539389366,0.0247849242868899,0.015233791593576,0.0107018987794363,0.0198721724856203,0.00508701071627082,0.031610326736713,0.0176497077906765,0.0120773692215121,0.00427681116579059,0.00690211971016941,0.0881508854548045,0.224386974147311,0.0167126119657877,0.0179593880021455
"V28",0.0187565886871256,0.00460756343195645,0.00445307690702446,0.00336945704577973,0.000990481556915723,0.104047603251588,0.00451395329344273,0.0145551050037149,0.0138016928507286,0.0156747176865134,0.0147632165691451,0.123513271341728,0.0119970114002985,0.00763495025259575,0.0315743904754461,0.0208902093319839,0.0125313917345843,0.010415272824238,0.028755442177767,0.0174514533248336,0.0061284835096681,0.0417575181180638,0.00559290824794734,0.0032364693759046,0.223189871257442,0.020428034532081,0.090932271556368,0.00819956762213159,0.0373658859288977,0.00882948866661282,0.0148716322948473,0.00287657404017405,0.0139369863050997,0.0179541312815317,0.0301715576656398,0.0120326272231022,0.029880467928129,0.0445420239948519,0.00965244248825559,0.989402643348031,0.0171955933683292,0.016678480068683,0.0134674539300635,0.00933688012189482,0.053538688888545,0.0225894632334031,0.0814777712894119,0.036977968098156,0.188583432259967,0.00144836488914291,0.0045576806990415,0.0172757499878851,0.0932867649547648,0.195518442231565,0.01263470461512,0.0351990948683053,0.019752785112281,0.00907278829122815,0.0314230595367205,0.0264810135787181
"V56",0.0187820657000708,0.00300253208162149,0.00395071761439525,0.133098118233332,0.0185933323618283,0.00222382774731766,0.0151584723937964,0.00811095724772104,0.00902654588190288,0.14002066349489,0.0170100094382872,0.0115007824977866,0.017752546115603,0.0306050108542973,0.0233122293244551,0.0184772041635218,0.288309077829351,0.138085048174016,0.0093902190987335,0.00562859825458839,0.00313224347732788,0.0295151310196281,0.00436398070112565,0.0346415338324372,0.0191465951463409,0.0239009601806065,0.0111091363555615,0.0202368356924257,0.0231771573752945,0.0121556645026163,0.0244289068287797,0.0106432219330974,0.0320443652088913,0.0263750450192497,0.0240950832934428,0.144733934363515,0.0415059012919191,0.0106613218967798,0.190300309185983,0.0181979352783214,0.989445331615001,0.136920847096969,0.00808080405211087,0.216516515504092,0.0213258525095434,0.0206035361642548,0.0317050909471965,0.0254443009534652,0.0389132894579542,0.0155765699875177,0.00629589459573632,0.00838348542604339,0.0325752611261427,0.016252850635236,0.0164906496027035,0.0295658673330796,0.0507058838773896,0.277270580518011,0.0257226595247739,0.0134159457579419
"V57",0.0107787901775586,0.00557263029310839,0.021739321491551,0.119041431225244,0.00937112912407578,0.006158259770083,0.00114067097241788,0.00449625554928057,0.00417580861013389,0.246447299193887,0.00973638067356619,0.00422502491671461,0.0204281537722527,0.0119374202530766,0.00995668658139348,0.0218574091734637,0.193266441441438,0.0636178136952167,0.0305983668896815,0.00158785681542639,0.0151367647776151,0.0167445479594286,0.0120595692832425,0.00398560994925934,0.068325215755367,0.102952247749281,0.0128975155175888,0.00948438676826113,0.0123395459669609,0.0353763796020533,0.00922097103295294,0.0161733800718499,0.0223583162303475,0.0206751860537898,0.012677019232829,0.0627612882254891,0.0147061237363683,0.0335514033902542,0.111785218159791,0.0288670648239107,0.133115314368045,0.991727266162329,0.012817481421297,0.0343114231924054,0.0401267660833358,0.0100798185035494,0.0193960869218941,0.0264415051291143,0.00846905900481121,0.0152049023701009,0.0119132206976059,0.0394677948581773,0.0316562531254393,0.0175234728947362,0.00636417758308083,0.0147003298969639,0.258344148708784,0.148816743585311,0.0255249058907062,0.010371872411568
"V10",0.0468151066351513,0.0137562854062062,0.00754817155454079,0.0187884853932954,0.274896513257115,0.0180424768542173,0.0472802861654386,0.0104684792146124,0.0265375090998462,0.0153783701103472,0.0319037972296291,0.0314443016493905,0.0248742762041287,0.327234385565927,0.0208290183515168,0.112102079720283,0.00403871172370429,0.0173823283944065,0.0204651410988336,0.00934395633984819,0.0146318023141095,0.0032128810163321,0.0230125405379454,0.00667083488429232,0.0059746966485007,0.0188402538886198,0.00383648188356434,0.188664404885276,0.0040829391172541,0.0244041137379694,0.0177398077123696,0.035149428062095,0.0473943475783706,0.0126185994700965,0.0142419954876818,0.0174613504000839,0.00807041189141489,0.00702950197097574,0.0180527004860828,0.00140869903281904,0.00856559641726273,0.0102179846796284,0.994753378699879,0.0021165755077398,0.0121417240098947,0.0325784664155845,0.0215225601120312,0.0113410359317371,0.0121204667612634,0.0225502578663838,0.009676623415517,0.264726612240714,0.0131198808685568,0.0262928472714956,0.0157000658679768,0.0144711797605492,0.023556831943729,0.0172277577485013,0.0307819505077187,0.0120235458150122
"V51",0.00841278220258512,0.031235237685428,0.003879305720078,0.0110700035981709,0.00632578317023702,0.0374849869177234,0.0233524053562857,0.0280831428126472,0.0163792187434781,0.0257680390515813,0.0196730236697581,0.0420600543044978,0.0254025194184283,0.0184397519329654,0.0248411183393349,0.00902449499127111,0.114825963064872,0.269571495626383,0.0106839258204221,0.0213835446636677,0.0222909188538708,0.0257384308714976,0.0104979011127148,0.013958766347813,0.00871795466203251,0.121670203461518,0.0125581189359761,0.0153781903157457,0.0172529178250678,0.0194622622274576,0.00679135944490672,0.0150714168098397,0.011172716207857,0.0199135907024192,0.0037007850693046,0.0774206684140079,0.00901050272545534,0.0116104707369656,0.166828175246271,0.0186186842446462,0.194506402416076,0.0384696983272667,0.00632303851634897,0.994446954695909,0.00751496724937983,0.00292369186180996,0.0284400218380324,0.00402585042066783,0.066128518588605,0.00680762974837446,0.00670755631506847,0.0136418858866608,0.0182801694211479,0.00451624876587653,0.0230137789337351,0.00972292763253124,0.017122608215147,0.246952449002292,0.00733593043387892,0.0198783654298998
"V31",0.00460325662853311,0.0140019050543838,0.0131550629083599,0.00328159866145095,0.0172783511669905,0.0196207716475815,0.0109014920006145,0.0482931992877043,0.00715776200556428,0.0178912239303709,0.00483240446812183,0.0274745257276725,0.0196435020998468,0.00463407327119858,0.0133518871153918,0.0176361255426114,0.0185308315926253,0.0145759288113787,0.0254205519717851,0.00594370704828062,0.0306419423631968,0.00774225905885839,0.0184389952411482,0.00785319753162905,0.062148698912821,0.039592673691019,0.12550978940609,0.0143466936662392,0.0226294251536536,0.0142889125145175,0.0143243526186593,0.0259283284710877,0.00628996242801005,0.0520909812680662,0.00635323853132252,0.0181319205978298,0.0096466396330348,0.0161503466082856,0.0116221171145717,0.056480089265006,0.00878794189682119,0.028012928719587,0.0150498959449399,0.0141145801431377,0.988357036821225,0.00952289413617724,0.0143400851445549,0.0141754528412475,0.0127871781716734,0.00339080534748182,0.0430884382636749,0.0297325538574437,0.142655858407932,0.0429644933898129,0.00884370947674407,0.0104835127911809,0.0165380310172842,0.0113800535382751,0.00459166969957603,0.0818628289392938
"V4",0.0298303090275158,0.00621262570167946,0.0401809070619348,0.0203946336619766,0.0256445882721745,0.00479668277022083,0.232659461150691,0.0158479394619395,0.00462113714634771,0.00946262159964262,0.00126019083074225,0.0120761727119281,0.00806674320383938,0.0195112014757726,0.0146652521720504,0.0690046932786867,0.0138359932425934,0.00691318228247151,0.00942067806907976,0.225282911690384,0.0123278871455073,0.0158660619714296,0.183223305201929,0.0264543095961749,0.0181054963366399,0.00559992105010165,0.0079155769748831,0.0385621456640389,0.000719636972062121,0.0035816443702702,0.00480409325412845,0.0107050964424851,0.00961053862056815,0.00648578486537321,0.0088501263338161,0.00541978902388907,0.0248276113917808,0.00661214645581942,0.00706452772604449,0.00387969451418257,0.0136663419399086,0.00186757031470164,0.0391253931162285,0.00640083428603533,0.0163239590153095,0.987612219867892,0.012972111576256,0.0178882733663669,0.00630754915974341,0.190936745738694,0.0292773029290389,0.0237295663155351,0.0272104076121379,0.00769993499782118,0.00191510353207236,0.00311811830940556,0.0165508598733937,0.00531662662410504,0.0172423472186432,0.00266623933605858
"V36",0.0100827175081059,0.0314968461674313,0.0180116149331355,0.00587503932775824,0.0354363602064659,0.0407561524634275,0.00532179719064607,0.00642803668285241,0.0204567322152284,0.016859928140793,0.0156055554809629,0.163836746945595,0.0139213086330551,0.0180064602270569,0.022863819931338,0.0101439288824505,0.0400081263545805,0.0220494727694153,0.0196964013631,0.00792164749160218,0.0117677134747715,0.0149012897435092,0.00337848113990458,0.00194272526363204,0.0649942087791678,0.0110606084838606,0.0354145290448171,0.0260533952522846,0.0163595528715594,0.0230167560912877,0.00642581807573861,0.0206829179801603,0.0228072574195579,0.180907202333098,0.0126984695033501,0.0211269860756507,0.0117222062188796,0.0110487750351373,0.0121035902060049,0.0660720468879933,0.0168143488396129,0.0294392818421273,0.0233180458576029,0.024234488620259,0.0429385150743701,0.0090266318253851,0.988415458032641,0.00965695570092062,0.205427474111483,0.016272402031149,0.0135403909055182,0.00721999408033058,0.035773891705736,0.0388741150772036,0.0351899480721601,0.00966747213049179,0.026460411739841,0.0134913561842226,0.00995030807233754,0.161849739134853
"V42",0.00951703865060405,0.178567630301906,0.018717897758369,0.0117827198687376,0.00892110004865809,0.0121742253787727,0.027002340127796,0.214959799627217,0.245021700299562,0.00655839657317059,0.00809631809025679,0.0257249678096483,0.0146017821165375,0.0126444020053856,0.0213886646798161,0.0232061113410101,0.00722894967990639,0.0128132644779015,0.03734674439509,0.0136558909132223,0.0634724769447708,0.0787225158548868,0.0136300595571351,0.0342809425098339,0.0228662976666917,0.0116871243614598,0.0125070660758039,0.0352723040985909,0.0260728998605567,0.0425011643173335,0.243177776726776,0.0129640991301154,0.0530643914382506,0.0239702394517959,0.0411019779309526,0.0128054179955078,0.0429385199709815,0.0343502209995791,0.0123785807296249,0.0250870608352292,0.0163460654726637,0.0109405819785611,0.00603557963644741,0.00231765746756107,0.0121527864564035,0.0178810626456387,0.00632137405792066,0.993800961825647,0.0164451828420096,0.0185871517343643,0.0400946657959291,0.00375308671838648,0.00871181792376141,0.0430857442242089,0.0374420357658443,0.0425312860605929,0.0170296545979172,0.0101343256237629,0.034453683075695,0.00767766889776034
"V32",0.018756482199429,0.0111351771500041,0.0155444430416317,0.026872470378915,0.0110626153665134,0.0631126771953505,0.0244752086369979,0.0126559614814209,0.0223829461746159,0.0357757234090712,0.033271211225849,0.177596150634477,0.0138315987425197,0.00871831762469233,0.0396699930647435,0.0452211615464928,0.0178742773257003,0.0206254010973752,0.0148382089462765,0.00919871890535218,0.0185827559527229,0.0277956620323077,0.0337123491603863,0.0334585280905894,0.205421970651318,0.00373127146444563,0.039159191764585,0.029418689053942,0.00906036972886126,0.0204677270947667,0.0242051166332637,0.0208402842247044,0.007121336590585,0.172277047593259,0.013571882844554,0.0384303019723264,0.015182611370426,0.0268941774699692,0.0249692993354396,0.192034082454923,0.0106601973877815,0.00283863245698568,0.0270651506355026,0.0161275443514649,0.0295801308620752,0.0148167611703295,0.217704383412482,0.0151303778348928,0.995310770052814,0.00928719490971686,0.0276596226402832,0.0115256398178384,0.0577252314338533,0.222979249890434,0.00803299384111023,0.023786208225496,0.0318728476621004,0.0154665352558143,0.00575008210983408,0.0470934986693191
"V2",0.0659264808952491,0.0186710032417247,0.0102504539091595,0.00759147530279725,0.0358729329471552,0.00705488359633777,0.197945574140825,0.0172146392753577,0.0102895836515265,0.0263113437871717,0.0229740285590393,0.0060736588849033,0.0114090325167574,0.0374939432427189,0.0162234381176056,0.169539277398419,0.00704701867323121,0.0197678600196936,0.0343002772889101,0.182487785589477,0.0150329717970143,0.0177260068854262,0.114932615231482,0.0152851071459753,0.0509321625156394,0.0235938898844977,0.0294144937271587,0.0440375638094368,0.0179792590636924,0.00679110303167585,0.0113262260642918,0.0077110095855496,0.0233339815594581,0.0140683211621045,0.0154849536110959,0.0146091807854165,0.0625824460999335,0.00549974386965046,0.0142014786872002,0.0240900586953012,0.0188872788465476,0.00389629245147305,0.0535083831683304,0.00469171822040326,0.00909502757203906,0.189617829649921,0.024806272618992,0.00618114979312701,0.0159472603482583,0.987170138219975,0.0289385888302954,0.0759508158344439,0.00805476082636702,0.00613357387302171,0.00741156500167095,0.019024367778509,0.0271083207169709,0.00235930802551865,0.0169756020246391,0.00973325911831013
"V46",0.0143204713555253,0.0520978319918532,0.0190543239329215,0.00984644320280648,0.00377151963670552,0.0185710456614647,0.030990522664608,0.0763169770732885,0.0288971788500582,0.00425571668197688,0.00178593172367003,0.0118449878288558,0.0101974230409224,0.0160658796066374,0.0165611051132988,0.0138096923224242,0.0168615273659189,0.0154054042166057,0.0362921757751684,0.0370589217742479,0.0303597170589393,0.0107197220056966,0.0310873396066551,0.00593542831928273,0.0219256281795956,0.0377156594740893,0.0179035759162183,0.00489948927725803,0.067506942965893,0.0114289873169039,0.0267722660094225,0.0154728095849618,0.0307113170117531,0.0136833379762926,0.0506229972600138,0.0338095518982653,0.0403834704317962,0.0142904717274381,0.00240680817882388,0.0112840056012882,0.0161560516260258,0.0121241145773121,0.00790856178015176,0.018385688210607,0.0102943250393194,0.0159016692118306,0.00703012053760543,0.0251278349298706,0.0158558517890087,0.017150622978675,0.988288928354903,0.00997447367054172,0.021675871547699,0.0221339982490827,0.0371269874215049,0.0052314037664184,0.0151858873129391,0.00992582052657609,0.0332062728718845,0.0197715445156028
"V1",0.0335564320794201,0.0141012475928693,0.0110384903315511,0.0177753831512656,0.0875651886923046,0.0208450706625393,0.0987112767964358,0.0183683134767418,0.0104303157096205,0.0425557218168042,0.0270444282681888,0.0212559670770994,0.00363931687173258,0.263516770540244,0.0206458877832039,0.164398474439801,0.0170762821215407,0.0185637918774822,0.0201019062361804,0.0336214139653296,0.019513249650739,0.0182247406796547,0.109535242231721,0.00811543770641798,0.00996593269599788,0.0125534651899423,0.0119172864757734,0.0626397255764576,0.00947465046602058,0.0150150625760772,0.0215750736657307,0.00327124958155645,0.0189628570223126,0.0157620808077937,0.0307248828409984,0.0127173051516147,0.0223392931215203,0.0152010116199519,0.0282454250294056,0.00682183404821268,0.0112805952592465,0.00993462982135329,0.260672395394864,0.0290927442819726,0.0116487796267151,0.0320113304645359,0.0181174043019143,0.00468025062956356,0.011310427574552,0.080669506748182,0.0120856181491629,0.995018119283146,0.0130643071097654,0.0206946493470503,0.0109379980066875,0.0113765092869246,0.0093424184851747,0.01667770496131,0.0429569767752481,0.00548647836165683
"V30",0.00796517309740241,0.0104672394612486,0.0323520393015332,0.0123794348091575,0.016045855025149,0.0397877543153847,0.00815446571816458,0.00838118367424279,0.0188345148470317,0.0103911543614656,0.00437672286576374,0.00668068588543247,0.00597612365415523,0.0249910573189729,0.0243120591648742,0.00477964778277362,0.0214074225229823,0.0045236125898569,0.00895103327854363,0.0452532426259651,0.0266700750246354,0.0502657571123646,0.00748588974007725,0.0157083307303751,0.12772090544168,0.0290468104959782,0.1820344515777,0.0177984998863258,0.00598292023022928,0.0108964468744067,0.00700813574521664,0.0184207821906603,0.020005969170201,0.0375224383466618,0.0287221119147325,0.0168075664025904,0.00308612759227478,0.0271515212175706,0.00822744988744528,0.040123053242511,0.0198688608678723,0.0313353514912378,0.0116589244746802,0.0264984167660398,0.159103969722005,0.0190000242230909,0.0274229694373329,0.0165395658758738,0.0322431432456833,0.0147058845180179,0.0132864138961004,0.0350580950095093,0.993898893693515,0.116822641814271,0.024527903758495,0.0209557798799429,0.0126175999433938,0.00450965881245069,0.0331378144745539,0.136137799501322
"V27",0.0227762502443054,0.00472831207397406,0.0238262253117945,0.0097255003105855,0.013140872828336,0.0193974590361339,0.0136384851651485,0.0160206898187613,0.0164005011720495,0.00711696907152626,0.0580256463465882,0.0623887832795224,0.0142446516370394,0.0146357552933851,0.0237182272340233,0.0260977200533122,0.0201592506242991,0.0219164430890221,0.0267197505206552,0.0304886811985317,0.00444870649322004,0.0164553909584918,0.00832618516134565,0.0100389566397071,0.212833207752243,0.0185209216171935,0.119809606423342,0.033236570657861,0.0227199551496415,0.0181597033693073,0.00940714004957977,0.0111101509527147,0.0153554844463957,0.035640846304628,0.00544096008100559,0.0410255058594149,0.00737544010333469,0.00341190190906882,0.00481567256156379,0.201109995565049,0.0191842795029568,0.0114051109433428,0.0349480261693147,0.0213227648256741,0.0324425657847451,0.00907753914216414,0.0338826478355546,0.0479109796133739,0.214097865806893,0.00937760882072269,0.0171332412552081,0.0218430270640042,0.149397170182307,0.994482862154283,0.00924948007958248,0.017491723028184,0.0277449185515168,0.0210705488746795,0.00930228864063343,0.0374282548122964
"V45",0.0130287679697074,0.0221838810044681,0.0262748717187407,0.0258771797656486,0.00889315848515848,0.00480494456625002,0.0330168211228307,0.0327423436522114,0.0367710566223265,0.00692706893160289,0.0136097982259337,0.00689504426817944,0.0150414273214002,0.0229376120599497,0.0145003532282192,0.0218685012049618,0.0182144806030342,0.00314010492582939,0.0187374149621743,0.0210262311575754,0.00844604064403998,0.21456933731475,0.0269895315858716,0.0117237655840119,0.0116981284193004,0.0171655371047297,0.00974733543101525,0.0209365438104372,0.165441367435996,0.0161193216015724,0.0301833227461903,0.0173077161907215,0.239162761430757,0.0339420569432259,0.0582929108562529,0.0256033277705457,0.0104919197960713,0.0100184663121613,0.00898683431007552,0.00315679921310708,0.0128020887762854,0.0131198263994111,0.045848060879195,0.0197469749937694,0.0087804533457434,0.0201115351801631,0.0206836759374188,0.0570412575232495,0.0138947433379898,0.0133285318999984,0.0278895825279906,0.0322743303987771,0.0151081547878287,0.00247040834406898,0.99668835183456,0.0114579775394051,0.0181987659776185,0.00906437975099283,0.221961971493594,0.0117228212404302
"V18",0.0127905440557275,0.0383354654526472,0.0189962860136262,0.0142485255237151,0.0439451944124236,0.0056083132506195,0.0240150239896944,0.0181946094848447,0.00333780386854754,0.0150981562670103,0.132331298906515,0.0188823485349094,0.03913046288605,0.0195902564846141,0.287155329528251,0.0230319515312828,0.0189247663807592,0.0117512035466678,0.0286774267781055,0.0145860917391247,0.189920105220099,0.0223834280282497,0.0236294552859528,0.0952670275436598,0.0129123070246407,0.0192041464659621,0.0277971599938526,0.0135324172893281,0.00948834709934776,0.282299737214681,0.0315979635423353,0.0607505084935961,0.0207067342978123,0.0268411923061448,0.0125735764733478,0.0266530920387836,0.121518170965458,0.0189704205088684,0.00735106490446591,0.0265857356115533,0.0267886197052868,0.00902333027798974,0.0408033816584417,0.0117032206657323,0.0135941189364951,0.0283520631216975,0.00244604114061753,0.0100354992494931,0.0272210256811571,0.0223347966075403,0.007830250697484,0.0199607227558147,0.016781131142564,0.0164293413561093,0.0141911207661637,0.993013158568253,0.00945876510181365,0.013193908848054,0.0144477446504938,0.000599800709483178
"V50",0.0143850895263183,0.00956656809871126,0.0200940843236853,0.249604249116592,0.0135190924318064,0.00369007132514954,0.0112432886611248,0.00955755556273707,0.0187305073725443,0.205367885304254,0.0210228177669872,0.0173792517633785,0.013260839035535,0.0044182121000742,0.0277169490652673,0.0167442256294016,0.0761025468763442,0.0368846550481993,0.0144022571778604,0.00835253569169481,0.0362324364071803,0.00438332294109456,0.00663218638781149,0.00921579036913844,0.0272231957064324,0.12932760739963,0.0111949515570223,0.014164482931184,0.0207065511910343,0.0659097900665803,0.00735173543187795,0.0103588674259131,0.00725697280808468,0.0076996157443886,0.000911953047138758,0.133395198148578,0.0364187825121955,0.0155559277556941,0.0819810811096601,0.0113845679835577,0.0104355233674019,0.2364102845757,0.00329828667285503,0.0361997459069529,0.011127478169991,0.00728515559024878,0.0112001986382888,0.0133843196545009,0.017589178059936,0.0201062037201422,0.00251964482956879,0.0156628759456362,0.0262111946009039,0.023733120146884,0.0172632649542511,0.051972976818641,0.995790820450873,0.0819874208481683,0.0290431342017342,0.0196782838976178
"V58",0.0101235703618978,0.016118034890554,0.00427004286763244,0.0796419683570082,0.0119602057737969,0.003804019195079,0.0245074547122875,0.00909055259711533,0.0289382021606247,0.161640436454853,0.0181667277353372,0.00772910159380269,0.00554132819194753,0.00885095684562609,0.00571495820626911,0.0110628315401933,0.14833169764338,0.141234037487588,0.0197908574038433,0.014740563553891,0.0230143993075695,0.0110677797762021,0.00730389693781097,0.0118906732923815,0.0246452189124307,0.0143583811063689,0.00547735436591945,0.0289796006682157,0.0075588334777682,0.00506877298198527,0.00797846155164594,0.00562122667464893,0.0118037585642207,0.022142729836406,0.0165227875446108,0.0610254772528331,0.00579920433611048,0.00584680892210931,0.224288387748068,0.00458467991719491,0.258882668747785,0.132334159949012,0.0101329205994718,0.247780151673128,0.0218889433928501,0.0223984823779908,0.00575978704056157,0.0254916939598491,0.0218694490328954,0.0276394954024282,0.0106719986122934,0.00655681345252423,0.0104926990772749,0.0334176609362775,0.0198662027860051,0.010695489519243,0.0756976034380208,0.991593400713657,0.0105723023034867,0.0051848995027689
"V38",0.0238354892430184,0.0481732743175419,0.00598680545839836,0.00653582486624871,0.0103658005432861,0.0130798247821772,0.0144944938520181,0.0795137746934653,0.0136533802301241,0.019365948224301,0.00835037636828151,0.0143196671360016,0.0423550154262274,0.0119914327836647,0.00750203768256497,0.017906451716399,0.00776289404157759,0.0138254108810266,0.00641603216664099,0.0369004949981642,0.0150397746858945,0.208499576670646,0.0298327083453385,0.0160862750115368,0.0458716750323589,0.0242135031804243,0.00545139816114104,0.00984040476682124,0.0964110760610429,0.012085611044609,0.11420511536909,0.0031725852409733,0.150618663131937,0.0114652406014731,0.167218461896724,0.0179871490356952,0.0156801690432965,0.0367323778519014,0.0060961665893573,0.0451302792535615,0.02076397481408,0.0256867621950073,0.0164892456644706,0.00748493312013554,0.016085174059288,0.0214462233742777,0.00725249956112783,0.0270938092073552,0.0373723406064531,0.0319164528139395,0.0473761577525186,0.0343135942912258,0.0257458379295082,0.0241308219662989,0.22475123024515,0.0101814984666644,0.0318507460482637,0.011160197541992,0.992008231317069,0.0137704055344212
"V33",0.0106214840728913,0.0222583744219932,0.00706115063608359,0.0262343965266478,0.00462183013659934,0.0589606012852743,0.014191546560176,0.00353208468061361,0.000854432270645411,0.0173679367291987,0.0214927431233205,0.0939120867192192,0.0089048529798692,0.00873110047752779,0.0078122983716532,0.00955983797943427,0.0142406357257024,0.00631666002862685,0.00505488411169175,0.0189130932323217,0.0554536582605175,0.00727907427287233,0.0131845176756648,0.00738116434472946,0.0261580797866314,0.0174296956622784,0.164880013449463,0.0158954894899445,0.0137470562780774,0.0199056108579165,0.00977823791910581,0.0307168386875935,0.00783772768023772,0.101581580464119,0.00879749573278288,0.00712287260771094,0.0199245312949023,0.00759791875322113,0.0123094754216625,0.0227017852231322,0.0267781659901148,0.0214960031227677,0.0148907818432297,0.00485983759814967,0.0963530922887192,0.0199898679044727,0.157093312526177,0.0252241802786138,0.0445510709994396,0.00833524236642469,0.0231292694003125,0.0153421080753314,0.135305824488325,0.0207747397464171,0.00136901112419108,0.0312729749605806,0.00946501515593712,0.00714425478224379,0.00388514265722739,0.996793064045029
