"id","family","snr","ordering","best_candidate_rho","selected_candidate_rho","selected_k","default_candidate_rho"
"broad_S1_r01","broad",1,"A",0.467657640640452,0.288939654885054,10,0.211175235280392
"broad_S1_r01","broad",1,"B",0.745876287514306,0.745876287514306,5,0.547765641840465
"rich_S1_r01","rich",1,"A",0.373330814786831,0.0273429704774497,5,0.0463427371415238
"rich_S1_r01","rich",1,"B",0.196863076256403,0.143463816264625,10,0.0850605006722297
"broad_S1_r02","broad",1,"A",0.655597951088345,0.642754697274414,20,0.648014311270125
"broad_S1_r02","broad",1,"B",0.331255236169291,0.331255236169291,5,0.0435467060745119
"rich_S1_r02","rich",1,"A",0.232611029011433,0.232611029011433,10,0.226090067667419
"rich_S1_r02","rich",1,"B",0.110445227169191,0.0837800420004667,15,0.0837800420004667
"broad_S1_r03","broad",1,"A",0.20760764008489,0.195548394982166,10,0.20760764008489
"broad_S1_r03","broad",1,"B",0.640104445604951,0.582947810531228,20,0.598095978844209
"rich_S1_r03","rich",1,"A",0.601026233624818,0.589628773653041,10,0.591385237613751
"rich_S1_r03","rich",1,"B",0.26928388093201,0.244520939121546,10,0.26432427026967
"broad_S1_r04","broad",1,"A",0.599276880854232,0.595482172024134,30,0.587335859287325
"broad_S1_r04","broad",1,"B",0.288001422238025,0.259881554239492,5,0.26204513383482
"rich_S1_r04","rich",1,"A",0.573820153557262,0.573820153557262,20,0.540058445093834
"rich_S1_r04","rich",1,"B",0.0700230002555584,0.0170424115823509,5,0.0219731330348115
"broad_S1_r05","broad",1,"A",0.713309258991767,0.705043833820376,20,0.71094878831987
"broad_S1_r05","broad",1,"B",0.747891865465172,0.712322581362015,10,0.699192213246814
"rich_S1_r05","rich",1,"A",0.418665096278848,0.360170668562984,15,0.360170668562984
"rich_S1_r05","rich",1,"B",0.603183590928788,0.562393359926221,5,0.603183590928788
"broad_S1_r06","broad",1,"A",0.57623218035756,0.57432193691041,5,0.558339537105968
"broad_S1_r06","broad",1,"B",0.355499505550062,0.28692763252925,15,0.28692763252925
"rich_S1_r06","rich",1,"A",0.384082934254825,0.35746574961944,5,0.382164690718786
"rich_S1_r06","rich",1,"B",0.188913210146779,0.0981313125701397,5,0.160551561684019
"broad_S4_r01","broad",4,"A",0.997127523639152,0.997079967555195,10,0.997127523639152
"broad_S4_r01","broad",4,"B",0.84191202124468,0.763458705096723,10,0.798873320814676
"rich_S4_r01","rich",4,"A",0.997196413293481,0.99700530005889,5,0.750882565361837
"rich_S4_r01","rich",4,"B",0.243041367126301,0.0916881298681096,20,0.100696229958111
"broad_S4_r02","broad",4,"A",0.863009588995433,0.815483727596973,15,0.815483727596973
"broad_S4_r02","broad",4,"B",0.804017822420249,0.804017822420249,5,0.652817920199113
"rich_S4_r02","rich",4,"A",0.966374737497083,0.966374737497083,5,0.281375126390293
"rich_S4_r02","rich",4,"B",0.997299081100901,0.997299081100901,5,0.315062167357415
"broad_S4_r03","broad",4,"A",0.694383715374615,0.694383715374615,5,0.380329114767942
"broad_S4_r03","broad",4,"B",0.996801297792198,0.996801297792198,5,0.666836298181091
"rich_S4_r03","rich",4,"A",0.99723952488361,0.99723952488361,5,0.675431504794498
"rich_S4_r03","rich",4,"B",0.276817297969977,0.251852576139735,15,0.251852576139735
"broad_S4_r04","broad",4,"A",0.658548650540562,0.646980077556417,20,0.633985710952344
"broad_S4_r04","broad",4,"B",0.809524105823398,0.306174957499528,15,0.306174957499528
"rich_S4_r04","rich",4,"A",0.475603062256247,0.327986310959011,15,0.327986310959011
"rich_S4_r04","rich",4,"B",0.699713107923421,0.593626595851065,10,0.314779497549973
"broad_S4_r05","broad",4,"A",0.995475060834009,0.995475060834009,5,0.714259491772131
"broad_S4_r05","broad",4,"B",0.997081300903343,0.996885743174924,15,0.996885743174924
"rich_S4_r05","rich",4,"A",0.996626629184769,0.996626629184769,5,0.291534350381671
"rich_S4_r05","rich",4,"B",0.675384393159924,0.606117845753842,30,0.285464949610551
"broad_S4_r06","broad",4,"A",0.9972475249725,0.9972475249725,15,0.9972475249725
"broad_S4_r06","broad",4,"B",0.709288769875221,0.550960788453205,15,0.550960788453205
"rich_S4_r06","rich",4,"A",0.806021844687163,0.528517872420805,10,0.806021844687163
"rich_S4_r06","rich",4,"B",0.997097301081123,0.997097301081123,5,0.539365104056712
"broad_S16_r01","broad",16,"A",0.999139990444338,0.999139990444338,30,0.998988433204813
"broad_S16_r01","broad",16,"B",0.998986655407282,0.99894132157024,20,0.998934210380115
"rich_S16_r01","rich",16,"A",0.999309770108557,0.999309770108557,15,0.999309770108557
"rich_S16_r01","rich",16,"B",0.999283103145591,0.999283103145591,10,0.999255102834476
"broad_S16_r02","broad",16,"A",0.999031100345559,0.998998211091234,10,0.998947988310981
"broad_S16_r02","broad",16,"B",0.999136434849276,0.999024878054201,15,0.999024878054201
"rich_S16_r02","rich",16,"A",0.999271103012256,0.999269769664107,20,0.999271103012256
"rich_S16_r02","rich",16,"B",0.999424438049312,0.999424438049312,20,0.999400437782642
"broad_S16_r03","broad",16,"A",0.999235991511017,0.999150212780142,15,0.999150212780142
"broad_S16_r03","broad",16,"B",0.999171990799898,0.999171990799898,20,0.999168435204836
"rich_S16_r03","rich",16,"A",0.999276880854232,0.999276880854232,15,0.999276880854232
"rich_S16_r03","rich",16,"B",0.999416882409805,0.999416882409805,10,0.197729308103423
"broad_S16_r04","broad",16,"A",0.681772019689108,0.628542094912166,15,0.628542094912166
"broad_S16_r04","broad",16,"B",0.999212880143113,0.999212880143113,10,0.834390604340048
"rich_S16_r04","rich",16,"A",0.999251547239414,0.999243102701141,15,0.999243102701141
"rich_S16_r04","rich",16,"B",0.999390215446838,0.999390215446838,20,0.999353326148068
"broad_S16_r05","broad",16,"A",0.999226213624596,0.999226213624596,10,0.727344526050289
"broad_S16_r05","broad",16,"B",0.99925421393571,0.99925421393571,15,0.99925421393571
"rich_S16_r05","rich",16,"A",0.999316436849298,0.999316436849298,20,0.999139101545573
"rich_S16_r05","rich",16,"B",0.999200880009778,0.999200880009778,5,0.310023000255558
"broad_S16_r06","broad",16,"A",0.999254658385093,0.999254658385093,20,0.999246213846821
"broad_S16_r06","broad",16,"B",0.999038211535684,0.998994211046789,15,0.998994211046789
"rich_S16_r06","rich",16,"A",0.999162212913477,0.999081767575195,15,0.999081767575195
"rich_S16_r06","rich",16,"B",0.999363548483872,0.999338214869054,15,0.999338214869054
