"family","replicate","snr","id","seed","fit_seed"
"broad",1,1,"broad_S1_r01",731001,1731001
"rich",1,1,"rich_S1_r01",732001,1732001
"broad",2,1,"broad_S1_r02",731002,1731002
"rich",2,1,"rich_S1_r02",732002,1732002
"broad",3,1,"broad_S1_r03",731003,1731003
"rich",3,1,"rich_S1_r03",732003,1732003
"broad",4,1,"broad_S1_r04",731004,1731004
"rich",4,1,"rich_S1_r04",732004,1732004
"broad",5,1,"broad_S1_r05",731005,1731005
"rich",5,1,"rich_S1_r05",732005,1732005
"broad",6,1,"broad_S1_r06",731006,1731006
"rich",6,1,"rich_S1_r06",732006,1732006
"broad",1,4,"broad_S4_r01",731001,1731001
"rich",1,4,"rich_S4_r01",732001,1732001
"broad",2,4,"broad_S4_r02",731002,1731002
"rich",2,4,"rich_S4_r02",732002,1732002
"broad",3,4,"broad_S4_r03",731003,1731003
"rich",3,4,"rich_S4_r03",732003,1732003
"broad",4,4,"broad_S4_r04",731004,1731004
"rich",4,4,"rich_S4_r04",732004,1732004
"broad",5,4,"broad_S4_r05",731005,1731005
"rich",5,4,"rich_S4_r05",732005,1732005
"broad",6,4,"broad_S4_r06",731006,1731006
"rich",6,4,"rich_S4_r06",732006,1732006
"broad",1,16,"broad_S16_r01",731001,1731001
"rich",1,16,"rich_S16_r01",732001,1732001
"broad",2,16,"broad_S16_r02",731002,1731002
"rich",2,16,"rich_S16_r02",732002,1732002
"broad",3,16,"broad_S16_r03",731003,1731003
"rich",3,16,"rich_S16_r03",732003,1732003
"broad",4,16,"broad_S16_r04",731004,1731004
"rich",4,16,"rich_S16_r04",732004,1732004
"broad",5,16,"broad_S16_r05",731005,1731005
"rich",5,16,"rich_S16_r05",732005,1732005
"broad",6,16,"broad_S16_r06",731006,1731006
"rich",6,16,"rich_S16_r06",732006,1732006
