"id","family","snr","replicate","regime","method","ordering","rho","selected_k","initial_ARI","ARI"
"broad_S1_r01","broad",1,1,"inferred","default15","A",0.206150290558784,15,1,1
"broad_S1_r01","broad",1,1,"inferred","default15","B",0.454590384337604,15,1,1
"broad_S1_r01","broad",1,1,"inferred","one_step_k","A",0.180930899232214,10,1,1
"broad_S1_r01","broad",1,1,"inferred","one_step_k","B",0.802856920632452,5,1,1
"broad_S1_r01","broad",1,1,"truth","default15","A",0.206150290558784,15,1,1
"broad_S1_r01","broad",1,1,"truth","default15","B",0.454590384337604,15,1,1
"broad_S1_r01","broad",1,1,"truth","one_step_k","A",0.180930899232214,10,1,1
"broad_S1_r01","broad",1,1,"truth","one_step_k","B",0.802856920632452,5,1,1
"rich_S1_r01","rich",1,1,"inferred","one_step_k","A",0.0614904610051223,10,1,1
"rich_S1_r01","rich",1,1,"inferred","one_step_k","B",0.0983939821553573,5,1,1
"rich_S1_r01","rich",1,1,"inferred","default15","A",0.0660100667785198,15,1,1
"rich_S1_r01","rich",1,1,"inferred","default15","B",0.0960272891921021,15,1,1
"rich_S1_r01","rich",1,1,"truth","one_step_k","A",0.0614904610051223,10,1,1
"rich_S1_r01","rich",1,1,"truth","one_step_k","B",0.0983939821553573,5,1,1
"rich_S1_r01","rich",1,1,"truth","default15","A",0.0660100667785198,15,1,1
"rich_S1_r01","rich",1,1,"truth","default15","B",0.0960272891921021,15,1,1
"broad_S1_r02","broad",1,2,"inferred","default15","A",0.696291736574851,15,1,1
"broad_S1_r02","broad",1,2,"inferred","default15","B",0.0137908198979989,15,1,1
"broad_S1_r02","broad",1,2,"inferred","one_step_k","A",0.724521828020311,20,1,1
"broad_S1_r02","broad",1,2,"inferred","one_step_k","B",0.38494027711419,5,1,1
"broad_S1_r02","broad",1,2,"truth","default15","A",0.696291736574851,15,1,1
"broad_S1_r02","broad",1,2,"truth","default15","B",0.0137908198979989,15,1,1
"broad_S1_r02","broad",1,2,"truth","one_step_k","A",0.724521828020311,20,1,1
"broad_S1_r02","broad",1,2,"truth","one_step_k","B",0.38494027711419,5,1,1
"rich_S1_r02","rich",1,2,"inferred","one_step_k","A",0.315264391826576,10,1,1
"rich_S1_r02","rich",1,2,"inferred","one_step_k","B",0.210137445971622,15,1,1
"rich_S1_r02","rich",1,2,"inferred","default15","A",0.203555595062167,15,1,1
"rich_S1_r02","rich",1,2,"inferred","default15","B",0.209837442638252,15,1,1
"rich_S1_r02","rich",1,2,"truth","one_step_k","A",0.315264391826576,10,1,1
"rich_S1_r02","rich",1,2,"truth","one_step_k","B",0.210137445971622,15,1,1
"rich_S1_r02","rich",1,2,"truth","default15","A",0.203555595062167,15,1,1
"rich_S1_r02","rich",1,2,"truth","default15","B",0.209837442638252,15,1,1
"broad_S1_r03","broad",1,3,"inferred","default15","A",0.172025911399016,15,1,1
"broad_S1_r03","broad",1,3,"inferred","default15","B",0.686494294381049,15,1,1
"broad_S1_r03","broad",1,3,"inferred","one_step_k","A",0.316044844942722,10,1,1
"broad_S1_r03","broad",1,3,"inferred","one_step_k","B",0.623007811197902,20,1,1
"broad_S1_r03","broad",1,3,"truth","default15","A",0.172025911399016,15,1,1
"broad_S1_r03","broad",1,3,"truth","default15","B",0.686494294381049,15,1,1
"broad_S1_r03","broad",1,3,"truth","one_step_k","A",0.316044844942722,10,1,1
"broad_S1_r03","broad",1,3,"truth","one_step_k","B",0.623007811197902,20,1,1
"rich_S1_r03","rich",1,3,"inferred","one_step_k","A",0.547410526783631,10,1,1
"rich_S1_r03","rich",1,3,"inferred","one_step_k","B",0.311922576917521,10,1,1
"rich_S1_r03","rich",1,3,"inferred","default15","A",0.551923465816287,15,1,1
"rich_S1_r03","rich",1,3,"inferred","default15","B",0.304278047533861,15,1,1
"rich_S1_r03","rich",1,3,"truth","one_step_k","A",0.547410526783631,10,1,1
"rich_S1_r03","rich",1,3,"truth","one_step_k","B",0.311922576917521,10,1,1
"rich_S1_r03","rich",1,3,"truth","default15","A",0.551923465816287,15,1,1
"rich_S1_r03","rich",1,3,"truth","default15","B",0.304278047533861,15,1,1
"broad_S1_r04","broad",1,4,"inferred","default15","A",0.59430749230547,15,1,1
"broad_S1_r04","broad",1,4,"inferred","default15","B",0.163072034133713,15,1,1
"broad_S1_r04","broad",1,4,"inferred","one_step_k","A",0.631822575806398,30,1,1
"broad_S1_r04","broad",1,4,"inferred","one_step_k","B",0.348362537361526,5,1,1
"broad_S1_r04","broad",1,4,"truth","default15","A",0.59430749230547,15,1,1
"broad_S1_r04","broad",1,4,"truth","default15","B",0.163072034133713,15,1,1
"broad_S1_r04","broad",1,4,"truth","one_step_k","A",0.631822575806398,30,1,1
"broad_S1_r04","broad",1,4,"truth","one_step_k","B",0.348362537361526,5,1,1
"rich_S1_r04","rich",1,4,"inferred","one_step_k","A",0.54279580884232,20,1,1
"rich_S1_r04","rich",1,4,"inferred","one_step_k","B",0.00740763786264292,5,1,1
"rich_S1_r04","rich",1,4,"inferred","default15","A",0.521563128479205,15,1,1
"rich_S1_r04","rich",1,4,"inferred","default15","B",0.054281492016578,15,1,1
"rich_S1_r04","rich",1,4,"truth","one_step_k","A",0.54279580884232,20,1,1
"rich_S1_r04","rich",1,4,"truth","one_step_k","B",0.00740763786264292,5,1,1
"rich_S1_r04","rich",1,4,"truth","default15","A",0.521563128479205,15,1,1
"rich_S1_r04","rich",1,4,"truth","default15","B",0.054281492016578,15,1,1
"broad_S1_r05","broad",1,5,"inferred","default15","A",0.752585250947233,15,1,1
"broad_S1_r05","broad",1,5,"inferred","default15","B",0.674009711219014,15,1,1
"broad_S1_r05","broad",1,5,"inferred","one_step_k","A",0.689019655773953,20,1,1
"broad_S1_r05","broad",1,5,"inferred","one_step_k","B",0.673844376048623,10,1,1
"broad_S1_r05","broad",1,5,"truth","default15","A",0.752585250947233,15,1,1
"broad_S1_r05","broad",1,5,"truth","default15","B",0.674009711219014,15,1,1
"broad_S1_r05","broad",1,5,"truth","one_step_k","A",0.689019655773953,20,1,1
"broad_S1_r05","broad",1,5,"truth","one_step_k","B",0.673844376048623,10,1,1
"rich_S1_r05","rich",1,5,"inferred","one_step_k","A",0.312047911643463,15,1,1
"rich_S1_r05","rich",1,5,"inferred","one_step_k","B",0.484216046844965,5,1,1
"rich_S1_r05","rich",1,5,"inferred","default15","A",0.312126579184213,15,1,1
"rich_S1_r05","rich",1,5,"inferred","default15","B",0.528764986277625,15,1,1
"rich_S1_r05","rich",1,5,"truth","one_step_k","A",0.312047911643463,15,1,1
"rich_S1_r05","rich",1,5,"truth","one_step_k","B",0.484216046844965,5,1,1
"rich_S1_r05","rich",1,5,"truth","default15","A",0.312126579184213,15,1,1
"rich_S1_r05","rich",1,5,"truth","default15","B",0.528764986277625,15,1,1
"broad_S1_r06","broad",1,6,"inferred","default15","A",0.606668962988478,15,1,1
"broad_S1_r06","broad",1,6,"inferred","default15","B",0.28555783953155,15,1,1
"broad_S1_r06","broad",1,6,"inferred","one_step_k","A",0.583945154946166,5,1,1
"broad_S1_r06","broad",1,6,"inferred","one_step_k","B",0.285736952632807,15,1,1
"broad_S1_r06","broad",1,6,"truth","default15","A",0.606668962988478,15,1,1
"broad_S1_r06","broad",1,6,"truth","default15","B",0.28555783953155,15,1,1
"broad_S1_r06","broad",1,6,"truth","one_step_k","A",0.583945154946166,5,1,1
"broad_S1_r06","broad",1,6,"truth","one_step_k","B",0.285736952632807,15,1,1
"rich_S1_r06","rich",1,6,"inferred","one_step_k","A",0.520941343792709,5,1,1
"rich_S1_r06","rich",1,6,"inferred","one_step_k","B",0.0725901398904432,5,1,1
"rich_S1_r06","rich",1,6,"inferred","default15","A",0.39457860642896,15,1,1
"rich_S1_r06","rich",1,6,"inferred","default15","B",0.207798753319481,15,1,1
"rich_S1_r06","rich",1,6,"truth","one_step_k","A",0.520941343792709,5,1,1
"rich_S1_r06","rich",1,6,"truth","one_step_k","B",0.0725901398904432,5,1,1
"rich_S1_r06","rich",1,6,"truth","default15","A",0.39457860642896,15,1,1
"rich_S1_r06","rich",1,6,"truth","default15","B",0.207798753319481,15,1,1
"broad_S4_r01","broad",4,1,"inferred","default15","A",0.997709752330581,15,1,1
"broad_S4_r01","broad",4,1,"inferred","default15","B",0.85297163433897,15,1,1
"broad_S4_r01","broad",4,1,"inferred","one_step_k","A",0.997727085856509,10,1,1
"broad_S4_r01","broad",4,1,"inferred","one_step_k","B",0.799312347609429,10,1,1
"broad_S4_r01","broad",4,1,"truth","default15","A",0.997709752330581,15,1,1
"broad_S4_r01","broad",4,1,"truth","default15","B",0.85297163433897,15,1,1
"broad_S4_r01","broad",4,1,"truth","one_step_k","A",0.997727085856509,10,1,1
"broad_S4_r01","broad",4,1,"truth","one_step_k","B",0.799312347609429,10,1,1
"rich_S4_r01","rich",4,1,"inferred","one_step_k","A",0.998004866720741,5,1,1
"rich_S4_r01","rich",4,1,"inferred","one_step_k","B",0.0807240080445338,20,1,1
"rich_S4_r01","rich",4,1,"inferred","default15","A",0.769323659151768,15,1,1
"rich_S4_r01","rich",4,1,"inferred","default15","B",0.0139463771819687,15,1,1
"rich_S4_r01","rich",4,1,"truth","one_step_k","A",0.998004866720741,5,1,1
"rich_S4_r01","rich",4,1,"truth","one_step_k","B",0.0807240080445338,20,1,1
"rich_S4_r01","rich",4,1,"truth","default15","A",0.769323659151768,15,1,1
"rich_S4_r01","rich",4,1,"truth","default15","B",0.0139463771819687,15,1,1
"broad_S4_r02","broad",4,2,"inferred","default15","A",0.807217413526817,15,1,1
"broad_S4_r02","broad",4,2,"inferred","default15","B",0.606283625373615,15,1,1
"broad_S4_r02","broad",4,2,"inferred","one_step_k","A",0.807153412815698,15,1,1
"broad_S4_r02","broad",4,2,"inferred","one_step_k","B",0.805946732741475,5,1,1
"broad_S4_r02","broad",4,2,"truth","default15","A",0.807217413526817,15,1,1
"broad_S4_r02","broad",4,2,"truth","default15","B",0.606283625373615,15,1,1
"broad_S4_r02","broad",4,2,"truth","one_step_k","A",0.807153412815698,15,1,1
"broad_S4_r02","broad",4,2,"truth","one_step_k","B",0.805946732741475,5,1,1
"rich_S4_r02","rich",4,2,"inferred","one_step_k","A",0.997045744952722,5,1,1
"rich_S4_r02","rich",4,2,"inferred","one_step_k","B",0.997966644073823,5,1,1
"rich_S4_r02","rich",4,2,"inferred","default15","A",0.262938032644807,15,1,1
"rich_S4_r02","rich",4,2,"inferred","default15","B",0.277243969377438,15,1,1
"rich_S4_r02","rich",4,2,"truth","one_step_k","A",0.997045744952722,5,1,1
"rich_S4_r02","rich",4,2,"truth","one_step_k","B",0.997966644073823,5,1,1
"rich_S4_r02","rich",4,2,"truth","default15","A",0.262938032644807,15,1,1
"rich_S4_r02","rich",4,2,"truth","default15","B",0.277243969377438,15,1,1
"broad_S4_r03","broad",4,3,"inferred","default15","A",0.353842598251092,15,1,1
"broad_S4_r03","broad",4,3,"inferred","default15","B",0.69176679740886,15,1,1
"broad_S4_r03","broad",4,3,"inferred","one_step_k","A",0.726922299136657,5,1,1
"broad_S4_r03","broad",4,3,"inferred","one_step_k","B",0.997584862054023,5,1,1
"broad_S4_r03","broad",4,3,"truth","default15","A",0.353842598251092,15,1,1
"broad_S4_r03","broad",4,3,"truth","default15","B",0.69176679740886,15,1,1
"broad_S4_r03","broad",4,3,"truth","one_step_k","A",0.726922299136657,5,1,1
"broad_S4_r03","broad",4,3,"truth","one_step_k","B",0.997584862054023,5,1,1
"rich_S4_r03","rich",4,3,"inferred","one_step_k","A",0.997695529950333,5,1,1
"rich_S4_r03","rich",4,3,"inferred","one_step_k","B",0.285896065511839,15,1,1
"rich_S4_r03","rich",4,3,"inferred","default15","A",0.695668174090823,15,1,1
"rich_S4_r03","rich",4,3,"inferred","default15","B",0.285892509916777,15,1,1
"rich_S4_r03","rich",4,3,"truth","one_step_k","A",0.997695529950333,5,1,1
"rich_S4_r03","rich",4,3,"truth","one_step_k","B",0.285896065511839,15,1,1
"rich_S4_r03","rich",4,3,"truth","default15","A",0.695668174090823,15,1,1
"rich_S4_r03","rich",4,3,"truth","default15","B",0.285892509916777,15,1,1
"broad_S4_r04","broad",4,4,"inferred","default15","A",0.628968321870243,15,1,1
"broad_S4_r04","broad",4,4,"inferred","default15","B",0.302020689118768,15,1,1
"broad_S4_r04","broad",4,4,"inferred","one_step_k","A",0.673049700552228,20,1,1
"broad_S4_r04","broad",4,4,"inferred","one_step_k","B",0.301984244269381,15,1,1
"broad_S4_r04","broad",4,4,"truth","default15","A",0.628968321870243,15,1,1
"broad_S4_r04","broad",4,4,"truth","default15","B",0.302020689118768,15,1,1
"broad_S4_r04","broad",4,4,"truth","one_step_k","A",0.673049700552228,20,1,1
"broad_S4_r04","broad",4,4,"truth","one_step_k","B",0.301984244269381,15,1,1
"rich_S4_r04","rich",4,4,"inferred","one_step_k","A",0.345564728496983,15,1,1
"rich_S4_r04","rich",4,4,"inferred","one_step_k","B",0.622544694941055,10,1,1
"rich_S4_r04","rich",4,4,"inferred","default15","A",0.345623395815509,15,1,1
"rich_S4_r04","rich",4,4,"inferred","default15","B",0.414213062604354,15,1,1
"rich_S4_r04","rich",4,4,"truth","one_step_k","A",0.345564728496983,15,1,1
"rich_S4_r04","rich",4,4,"truth","one_step_k","B",0.622544694941055,10,1,1
"rich_S4_r04","rich",4,4,"truth","default15","A",0.345623395815509,15,1,1
"rich_S4_r04","rich",4,4,"truth","default15","B",0.414213062604354,15,1,1
"broad_S4_r05","broad",4,5,"inferred","default15","A",0.733745930510339,15,1,1
"broad_S4_r05","broad",4,5,"inferred","default15","B",0.997665751841687,15,1,1
"broad_S4_r05","broad",4,5,"inferred","one_step_k","A",0.996650185002056,5,1,1
"broad_S4_r05","broad",4,5,"inferred","one_step_k","B",0.997664418493539,15,1,1
"broad_S4_r05","broad",4,5,"truth","default15","A",0.733745930510339,15,1,1
"broad_S4_r05","broad",4,5,"truth","default15","B",0.997665751841687,15,1,1
"broad_S4_r05","broad",4,5,"truth","one_step_k","A",0.996650185002056,5,1,1
"broad_S4_r05","broad",4,5,"truth","one_step_k","B",0.997664418493539,15,1,1
"rich_S4_r05","rich",4,5,"inferred","one_step_k","A",0.997386193179924,5,1,1
"rich_S4_r05","rich",4,5,"inferred","one_step_k","B",0.607552083912044,30,1,1
"rich_S4_r05","rich",4,5,"inferred","default15","A",0.285394726608073,15,1,1
"rich_S4_r05","rich",4,5,"inferred","default15","B",0.267160301781131,15,1,1
"rich_S4_r05","rich",4,5,"truth","one_step_k","A",0.997386193179924,5,1,1
"rich_S4_r05","rich",4,5,"truth","one_step_k","B",0.607552083912044,30,1,1
"rich_S4_r05","rich",4,5,"truth","default15","A",0.285394726608073,15,1,1
"rich_S4_r05","rich",4,5,"truth","default15","B",0.267160301781131,15,1,1
"broad_S4_r06","broad",4,6,"inferred","default15","A",0.997447971644129,15,1,1
"broad_S4_r06","broad",4,6,"inferred","default15","B",0.557414637940422,15,1,1
"broad_S4_r06","broad",4,6,"inferred","one_step_k","A",0.997447971644129,15,1,1
"broad_S4_r06","broad",4,6,"inferred","one_step_k","B",0.557414637940422,15,1,1
"broad_S4_r06","broad",4,6,"truth","default15","A",0.997447971644129,15,1,1
"broad_S4_r06","broad",4,6,"truth","default15","B",0.557414637940422,15,1,1
"broad_S4_r06","broad",4,6,"truth","one_step_k","A",0.997447971644129,15,1,1
"broad_S4_r06","broad",4,6,"truth","one_step_k","B",0.557414637940422,15,1,1
"rich_S4_r06","rich",4,6,"inferred","one_step_k","A",0.512348416354453,10,1,1
"rich_S4_r06","rich",4,6,"inferred","one_step_k","B",0.998039533772598,5,1,1
"rich_S4_r06","rich",4,6,"inferred","default15","A",0.803623599844494,15,1,1
"rich_S4_r06","rich",4,6,"inferred","default15","B",0.540366688681789,15,1,1
"rich_S4_r06","rich",4,6,"truth","one_step_k","A",0.512348416354453,10,1,1
"rich_S4_r06","rich",4,6,"truth","one_step_k","B",0.998039533772598,5,1,1
"rich_S4_r06","rich",4,6,"truth","default15","A",0.803623599844494,15,1,1
"rich_S4_r06","rich",4,6,"truth","default15","B",0.540366688681789,15,1,1
"broad_S16_r01","broad",16,1,"inferred","default15","A",0.999277769752997,15,1,1
"broad_S16_r01","broad",16,1,"inferred","default15","B",0.999155546172735,15,1,1
"broad_S16_r01","broad",16,1,"inferred","one_step_k","A",0.99927332525917,30,1,1
"broad_S16_r01","broad",16,1,"inferred","one_step_k","B",0.999177768641874,20,1,1
"broad_S16_r01","broad",16,1,"truth","default15","A",0.999277769752997,15,1,1
"broad_S16_r01","broad",16,1,"truth","default15","B",0.999155546172735,15,1,1
"broad_S16_r01","broad",16,1,"truth","one_step_k","A",0.99927332525917,30,1,1
"broad_S16_r01","broad",16,1,"truth","one_step_k","B",0.999177768641874,20,1,1
"rich_S16_r01","rich",16,1,"inferred","one_step_k","A",0.999288880987567,15,1,1
"rich_S16_r01","rich",16,1,"inferred","one_step_k","B",0.99941777130857,10,1,1
"rich_S16_r01","rich",16,1,"inferred","default15","A",0.999293769930777,15,1,1
"rich_S16_r01","rich",16,1,"inferred","default15","B",0.999413326814742,15,1,1
"rich_S16_r01","rich",16,1,"truth","one_step_k","A",0.999288880987567,15,1,1
"rich_S16_r01","rich",16,1,"truth","one_step_k","B",0.99941777130857,10,1,1
"rich_S16_r01","rich",16,1,"truth","default15","A",0.999293769930777,15,1,1
"rich_S16_r01","rich",16,1,"truth","default15","B",0.999413326814742,15,1,1
"broad_S16_r02","broad",16,2,"inferred","default15","A",0.999155546172735,15,1,1
"broad_S16_r02","broad",16,2,"inferred","default15","B",0.999187102078912,15,1,1
"broad_S16_r02","broad",16,2,"inferred","one_step_k","A",0.999155546172735,10,1,1
"broad_S16_r02","broad",16,2,"inferred","one_step_k","B",0.999187102078912,15,1,1
"broad_S16_r02","broad",16,2,"truth","default15","A",0.999155546172735,15,1,1
"broad_S16_r02","broad",16,2,"truth","default15","B",0.999187102078912,15,1,1
"broad_S16_r02","broad",16,2,"truth","one_step_k","A",0.999155546172735,10,1,1
"broad_S16_r02","broad",16,2,"truth","one_step_k","B",0.999187102078912,15,1,1
"rich_S16_r02","rich",16,2,"inferred","one_step_k","A",0.999415549061656,20,1,1
"rich_S16_r02","rich",16,2,"inferred","one_step_k","B",0.999424882498694,20,1,1
"rich_S16_r02","rich",16,2,"inferred","default15","A",0.999424882498694,15,1,1
"rich_S16_r02","rich",16,2,"inferred","default15","B",0.999421771353015,15,1,1
"rich_S16_r02","rich",16,2,"truth","one_step_k","A",0.999415549061656,20,1,1
"rich_S16_r02","rich",16,2,"truth","one_step_k","B",0.999424882498694,20,1,1
"rich_S16_r02","rich",16,2,"truth","default15","A",0.999424882498694,15,1,1
"rich_S16_r02","rich",16,2,"truth","default15","B",0.999421771353015,15,1,1
"broad_S16_r03","broad",16,3,"inferred","default15","A",0.999299992222136,15,1,1
"broad_S16_r03","broad",16,3,"inferred","default15","B",0.999356437293748,15,1,1
"broad_S16_r03","broad",16,3,"inferred","one_step_k","A",0.999299992222136,15,1,1
"broad_S16_r03","broad",16,3,"inferred","one_step_k","B",0.999360881787575,20,1,1
"broad_S16_r03","broad",16,3,"truth","default15","A",0.999299992222136,15,1,1
"broad_S16_r03","broad",16,3,"truth","default15","B",0.999356437293748,15,1,1
"broad_S16_r03","broad",16,3,"truth","one_step_k","A",0.999299992222136,15,1,1
"broad_S16_r03","broad",16,3,"truth","one_step_k","B",0.999360881787575,20,1,1
"rich_S16_r03","rich",16,3,"inferred","one_step_k","A",0.999421771353015,15,1,1
"rich_S16_r03","rich",16,3,"inferred","one_step_k","B",0.999545328281425,10,1,1
"rich_S16_r03","rich",16,3,"inferred","default15","A",0.999421771353015,15,1,1
"rich_S16_r03","rich",16,3,"inferred","default15","B",0.22658118049307,15,1,1
"rich_S16_r03","rich",16,3,"truth","one_step_k","A",0.999421771353015,15,1,1
"rich_S16_r03","rich",16,3,"truth","one_step_k","B",0.999545328281425,10,1,1
"rich_S16_r03","rich",16,3,"truth","default15","A",0.999421771353015,15,1,1
"rich_S16_r03","rich",16,3,"truth","default15","B",0.22658118049307,15,1,1
"broad_S16_r04","broad",16,4,"inferred","default15","A",0.716085289836554,15,1,1
"broad_S16_r04","broad",16,4,"inferred","default15","B",0.858718004190759,15,1,1
"broad_S16_r04","broad",16,4,"inferred","one_step_k","A",0.716085289836554,15,1,1
"broad_S16_r04","broad",16,4,"inferred","one_step_k","B",0.999354659496217,10,1,1
"broad_S16_r04","broad",16,4,"truth","default15","A",0.716085289836554,15,1,1
"broad_S16_r04","broad",16,4,"truth","default15","B",0.858718004190759,15,1,1
"broad_S16_r04","broad",16,4,"truth","one_step_k","A",0.716085289836554,15,1,1
"broad_S16_r04","broad",16,4,"truth","one_step_k","B",0.999354659496217,10,1,1
"rich_S16_r04","rich",16,4,"inferred","one_step_k","A",0.999408882320915,15,1,1
"rich_S16_r04","rich",16,4,"inferred","one_step_k","B",0.999489772108579,20,1,1
"rich_S16_r04","rich",16,4,"inferred","default15","A",0.99940977121968,15,1,1
"rich_S16_r04","rich",16,4,"inferred","default15","B",0.999483994266603,15,1,1
"rich_S16_r04","rich",16,4,"truth","one_step_k","A",0.999408882320915,15,1,1
"rich_S16_r04","rich",16,4,"truth","one_step_k","B",0.999489772108579,20,1,1
"rich_S16_r04","rich",16,4,"truth","default15","A",0.99940977121968,15,1,1
"rich_S16_r04","rich",16,4,"truth","default15","B",0.999483994266603,15,1,1
"broad_S16_r05","broad",16,5,"inferred","default15","A",0.727421800591621,15,1,1
"broad_S16_r05","broad",16,5,"inferred","default15","B",0.999323992488805,15,1,1
"broad_S16_r05","broad",16,5,"inferred","one_step_k","A",0.999276436404849,10,1,1
"broad_S16_r05","broad",16,5,"inferred","one_step_k","B",0.999319547994978,15,1,1
"broad_S16_r05","broad",16,5,"truth","default15","A",0.727421800591621,15,1,1
"broad_S16_r05","broad",16,5,"truth","default15","B",0.999323992488805,15,1,1
"broad_S16_r05","broad",16,5,"truth","one_step_k","A",0.999276436404849,10,1,1
"broad_S16_r05","broad",16,5,"truth","one_step_k","B",0.999319547994978,15,1,1
"rich_S16_r05","rich",16,5,"inferred","one_step_k","A",0.999346659407327,20,1,1
"rich_S16_r05","rich",16,5,"inferred","one_step_k","B",0.999368881876465,5,1,1
"rich_S16_r05","rich",16,5,"inferred","default15","A",0.999350215002389,15,1,1
"rich_S16_r05","rich",16,5,"inferred","default15","B",0.257992162930846,15,1,1
"rich_S16_r05","rich",16,5,"truth","one_step_k","A",0.999346659407327,20,1,1
"rich_S16_r05","rich",16,5,"truth","one_step_k","B",0.999368881876465,5,1,1
"rich_S16_r05","rich",16,5,"truth","default15","A",0.999350215002389,15,1,1
"rich_S16_r05","rich",16,5,"truth","default15","B",0.257992162930846,15,1,1
"broad_S16_r06","broad",16,6,"inferred","default15","A",0.999345770508561,15,1,1
"broad_S16_r06","broad",16,6,"inferred","default15","B",0.999246658296203,15,1,1
"broad_S16_r06","broad",16,6,"inferred","one_step_k","A",0.999344881609796,20,1,1
"broad_S16_r06","broad",16,6,"inferred","one_step_k","B",0.999244436049289,15,1,1
"broad_S16_r06","broad",16,6,"truth","default15","A",0.999345770508561,15,1,1
"broad_S16_r06","broad",16,6,"truth","default15","B",0.999246658296203,15,1,1
"broad_S16_r06","broad",16,6,"truth","one_step_k","A",0.999344881609796,20,1,1
"broad_S16_r06","broad",16,6,"truth","one_step_k","B",0.999244436049289,15,1,1
"rich_S16_r06","rich",16,6,"inferred","one_step_k","A",0.999178213091257,15,1,1
"rich_S16_r06","rich",16,6,"inferred","one_step_k","B",0.999428438093757,15,1,1
"rich_S16_r06","rich",16,6,"inferred","default15","A",0.999178213091257,15,1,1
"rich_S16_r06","rich",16,6,"inferred","default15","B",0.999428438093757,15,1,1
"rich_S16_r06","rich",16,6,"truth","one_step_k","A",0.999178213091257,15,1,1
"rich_S16_r06","rich",16,6,"truth","one_step_k","B",0.999428438093757,15,1,1
"rich_S16_r06","rich",16,6,"truth","default15","A",0.999178213091257,15,1,1
"rich_S16_r06","rich",16,6,"truth","default15","B",0.999428438093757,15,1,1
