"replication","generating_seed","fit_seed","shape_attempts","samples","features","noise_sd","average_variance_snr","input_sha256"
1,202610021,202620021,1,200,2,0.25,16,"926f7b04356cbb992b7b35a240adbc0194b0e05ca143219bd115612e9fa04954"
2,202610022,202620022,1,200,2,0.25,16,"354043522b08091823eaaf3adc05a8b029c37a820794147ce4adb31d3ba2f934"
3,202610023,202620023,1,200,2,0.25,16,"fab206fb8c8441c617321747184d782c31af489b24c182794298333c6d7cb0c9"
4,202610024,202620024,1,200,2,0.25,16,"68fcf8d279e8f68f3dc155cdb38054c9008ab54159edcd9632aab0bff8270596"
5,202610025,202620025,1,200,2,0.25,16,"069181f698a83f361db63491fc53696403cc15a72f3300239619461bc5ffde06"
6,202610026,202620026,1,200,2,0.25,16,"70aa9257bc9881a800d5321ca2597763db3a84ea62bbbb9b2eb06b425fc0d7d6"
7,202610027,202620027,1,200,2,0.25,16,"a5358f3727395f6197007842c0ecc431c7d3addd361c2a5fe00a2baee3f26526"
8,202610028,202620028,1,200,2,0.25,16,"009100cada805833f474b6c5958a3e556d801854f60a72afd9502fd9f7fa4b30"
9,202610029,202620029,1,200,2,0.25,16,"ce64aba17ecba4a19b1ac764201bb8b89798b9d97b0fdda1c0e2fe1972b4f06f"
10,202610030,202620030,1,200,2,0.25,16,"ac35fcc0e7466cad120249c06dd53c7dda86926110f0a2214a950818748a9b33"
11,202610031,202620031,1,200,2,0.25,16,"b91d1526119f595d52a26563352ed665aba532193311151d620cfa77bd7dcf17"
12,202610032,202620032,1,200,2,0.25,16,"a5b5532b575eccc9a2761f5a1d0182d7a9145a4ffdcbb527effae0ad6d7a3007"
13,202610033,202620033,1,200,2,0.25,16,"8a09f798d7938c316e1481b19fca4e3e07e152510cb05182007a67e2ee42346d"
14,202610034,202620034,1,200,2,0.25,16,"65dc496e898197dec080e50679e5c4a031c0d2e0be085a1ba28101a3f6e7c9a7"
15,202610035,202620035,1,200,2,0.25,16,"d5fa8ebc06a6f166a563afc0d2db98b622e1e4bd47aba74b6dbe5ebcbbd34d24"
16,202610036,202620036,1,200,2,0.25,16,"ee66273cea78adba1fe3e26c1a7c04b202a974fb68cc9088941fa05c16aa44ce"
17,202610037,202620037,1,200,2,0.25,16,"779205fd708eeba0655c769efb141978b436b2874241eb9f7e6b04ea024ff4d6"
18,202610038,202620038,1,200,2,0.25,16,"372586e4140b7169c5ca4d005466705c7713ad27321e895d0dbb158b1b546525"
19,202610039,202620039,1,200,2,0.25,16,"a1fcb9f6ba20f8b5ee8d9e6944221e68042f42b0e989387c86a44a2545398f68"
20,202610040,202620040,1,200,2,0.25,16,"b26bc69552ae09f117a048bafedca3f86e500894dea3215568bcd38e846016c5"
