"noise","feature","sample","t","value"
"low",1,1,0.903500131564215,0.0938429900495166
"low",1,2,0.0737295302096754,0.253605214699236
"low",1,3,0.647404025075957,-2.1335378724037
"low",1,4,0.394374810857698,1.01520749476743
"low",1,5,0.665280005661771,-1.792483231008
"low",1,6,0.439931242726743,0.35844186808994
"low",1,7,0.432178853079677,0.490704672152348
"low",1,8,0.123806527815759,1.38168391846645
"low",1,9,0.314695597393438,1.79017590166924
"low",1,10,0.310965459095314,2.34381593910314
"low",1,11,0.0246025710366666,-2.10895412042238
"low",1,12,0.0711357716936618,0.111801176275999
"low",1,13,0.873428395483643,-0.737302631406479
"low",1,14,0.679586726240814,-2.12619423529131
"low",1,15,0.243687809910625,2.82746869070345
"low",1,16,0.476131434319541,-0.040341211866615
"low",1,17,0.611539045814425,-1.42791085222012
"low",1,18,0.911583858076483,-0.0625436780283305
"low",1,19,0.500558889238164,-0.65174362570918
"low",1,20,0.131021652137861,1.58322692168243
"low",1,21,0.0128166198264807,-3.06689854155759
"low",1,22,0.864216822898015,-1.04370502112287
"low",1,23,0.429438131628558,0.571202245609362
"low",1,24,0.946926761884242,0.236937798136059
"low",1,25,0.0178845783229917,-2.40163415744717
"low",1,26,0.174710590625182,2.12166962143025
"low",1,27,0.422318321885541,1.09646731260554
"low",1,28,0.889926639618352,-0.554133268583333
"low",1,29,0.779054647311568,-1.20935630196527
"low",1,30,0.330489704152569,1.95166245014379
"low",1,31,0.164855317445472,2.11267793307587
"low",1,32,0.0754103111103177,0.317195754606938
"low",1,33,0.480099847307429,0.0675873669517296
"low",1,34,0.77464415715076,-1.24452127583077
"low",1,35,0.0909332036972046,0.778966619140772
"low",1,36,0.980333017418161,0.230749483542457
"low",1,37,0.707235172158107,-2.31993467558057
"low",1,38,0.446625563781708,0.302513295003196
"low",1,39,0.0772754931822419,0.154574136050059
"low",1,40,0.610378582496196,-2.02634789372249
"low",1,41,0.555445599602535,-0.621566524210336
"low",1,42,0.643194607459009,-2.59467548179501
"low",1,43,0.445566295646131,0.619951853808312
"low",1,44,0.543234105454758,-1.0568288330543
"low",1,45,0.102913961512968,1.35882564744627
"low",1,46,0.913365927292034,-0.41244572324841
"low",1,47,0.769463228527457,-1.72638468781335
"low",1,48,0.81414802162908,-1.73901081130743
"low",1,49,0.856761181494221,-1.13110759899882
"low",1,50,0.0611568226013333,0.144244870373012
"low",1,51,0.66486480506137,-1.70507941466971
"low",1,52,0.00623214128427207,-3.25642337725854
"low",1,53,0.623007820453495,-1.44824104659478
"low",1,54,0.367332983063534,1.76457089983742
"low",1,55,0.995593188330531,0.522069669323989
"low",1,56,0.0198722435161471,-2.57273966195929
"low",1,57,0.247433160198852,2.29470869927717
"low",1,58,0.300459172809497,2.57943566509058
"low",1,59,0.0104643425438553,-3.23791890638073
"low",1,60,0.423394800629467,1.03752703572646
"low",1,61,0.705896220868453,-2.07476616409943
"low",1,62,0.88202562276274,-0.613226430077918
"low",1,63,0.650901685003191,-1.7817822635698
"low",1,64,0.623086689505726,-1.31267166830722
"low",1,65,0.408870331710204,1.04817089731537
"low",1,66,0.0182726909406483,-2.34042027259818
"low",1,67,0.339150868123397,2.43294390792402
"low",1,68,0.447254336439073,0.748659509199358
"low",1,69,0.862877696054056,-0.639511271988139
"low",1,70,0.857718245126307,-0.875145133513852
"low",1,71,0.575551493791863,-1.13655875873059
"low",1,72,0.538717028219253,-0.896325378706774
"low",1,73,0.458802619483322,0.49492026382693
"low",1,74,0.300186887849122,1.61961989687221
"low",1,75,0.601181256584823,-1.3779747852884
"low",1,76,0.37371528102085,1.31645253298785
"low",1,77,0.48276521707885,-0.439603442921335
"low",1,78,0.0287442470435053,-1.81147103418423
"low",1,79,0.573374936589971,-1.07859601000063
"low",1,80,0.578855549683794,-1.33221444646817
"low",1,81,0.671312392456457,-2.03769981112206
"low",1,82,0.626662776106969,-1.53620787265396
"low",1,83,0.247881547547877,2.43450800721755
"low",1,84,0.772512391442433,-2.09566437345305
"low",1,85,0.361498302780092,1.52744200466289
"low",1,86,0.253259643446654,2.36166999531484
"low",1,87,0.224059352418408,2.64542325510503
"low",1,88,0.119104306679219,1.32735011540183
"low",1,89,0.172067159088328,2.32059819423065
"low",1,90,0.256463045952842,2.46756274251235
"low",1,91,0.0976099523250014,0.606213550637825
"low",1,92,0.396691844100133,0.805334240447444
"low",1,93,0.172053403453901,2.18960962696132
"low",1,94,0.907306724693626,-0.131341345582915
"low",1,95,0.0357265083584934,-1.57577483509546
"low",1,96,0.485762631054968,0.131309463727025
"low",1,97,0.453948740148917,0.267551694312495
"low",1,98,0.43378776172176,0.331791386242593
"low",1,99,0.526334437774494,-0.652677906412741
"low",1,100,0.593673236202449,-1.78326064606176
"low",1,101,0.451658066594973,0.557629546451548
"low",1,102,0.505092775681987,-0.556929620653667
"low",1,103,0.756353015312925,-1.92866162727303
"low",1,104,0.389532587025315,1.48531760025185
"low",1,105,0.121170388301834,1.76835039148343
"low",1,106,0.0586752679664642,-0.599365168162945
"low",1,107,0.940685170236975,0.0108971305883621
"low",1,108,0.774868973065168,-1.98321568494972
"low",1,109,0.398069676477462,0.858670033054417
"low",1,110,0.875145908212289,-0.348989103479829
"low",1,111,0.275756286922842,2.27232246628802
"low",1,112,0.80513561097905,-1.27364235164604
"low",1,113,0.754403279861435,-1.51588831084172
"low",1,114,0.57209974876605,-1.47128051435033
"low",1,115,0.902822429314256,-0.62899349526296
"low",1,116,0.281369257019833,2.47503632102478
"low",1,117,0.103384442394599,1.05078633679585
"low",1,118,0.201889412710443,2.4034843673129
"low",1,119,0.579795157071203,-1.5148146123777
"low",1,120,0.398876981576905,1.09185393090212
"low",1,121,0.940946017159149,0.0357093384900656
"low",1,122,0.218287196476012,2.51481725952855
"low",1,123,0.729998409980908,-1.33867443090714
"low",1,124,0.919712189119309,0.0773445015992552
"low",1,125,0.289747401839122,2.0390661466483
"low",1,126,0.25628926884383,2.55521710647451
"low",1,127,0.862655121134594,-0.988670431519487
"low",1,128,0.944099008105695,0.160341440067773
"low",1,129,0.694682280998677,-1.74588149603468
"low",1,130,0.181897101923823,2.40886997223308
"low",1,131,0.488571344176307,-0.203077601248552
"low",1,132,0.50896893045865,-0.388628183925459
"low",1,133,0.811226812889799,-1.44771279411678
"low",1,134,0.576094104908407,-1.23029347124815
"low",1,135,0.0525956875644624,-0.737505970614763
"low",1,136,0.336011755978689,1.89973588022488
"low",1,137,0.651511928997934,-1.78227981978097
"low",1,138,0.18824655842036,2.35178132655485
"low",1,139,0.563065787777305,-1.27412226267952
"low",1,140,0.930882218759507,0.149666664145559
"low",1,141,0.825162616325542,-1.13103146289061
"low",1,142,0.553491591010243,-1.34756322469991
"low",1,143,0.446205200394616,0.339239329087624
"low",1,144,0.269337030360475,2.62928959911058
"low",1,145,0.630584522383288,-1.77876381449823
"low",1,146,0.184856567066163,2.84602709057356
"low",1,147,0.270871007349342,2.37970641737225
"low",1,148,0.564754801569507,-1.20054024607932
"low",1,149,0.809843401657417,-0.836864104516819
"low",1,150,0.307049225317314,2.02619044792157
"low",1,151,0.461410053772852,-0.142702339763994
"low",1,152,0.825845213141292,-1.08726173416531
"low",1,153,0.477422390133142,-0.00996266236730235
"low",1,154,0.992818293860182,0.679111363975815
"low",1,155,0.913265011273324,-0.845572636507596
"low",1,156,0.472396385157481,0.245692135274879
"low",1,157,0.710354282520711,-1.61527060370423
"low",1,158,0.869837895501405,-0.285406010032762
"low",1,159,0.557508399244398,-0.607243506384517
"low",1,160,0.722821442876011,-2.18071111113069
"low",1,161,0.0411724848672748,-1.40423623277646
"low",1,162,0.937583226710558,0.320630407635861
"low",1,163,0.350487099029124,1.34288662431616
"low",1,164,0.485003005014732,-0.410607451696343
"low",1,165,0.307994461152703,2.13516786745167
"low",1,166,0.150589694501832,1.83437556705154
"low",1,167,0.568311258917674,-1.21890397504362
"low",1,168,0.670834610005841,-2.11550262230927
"low",1,169,0.187800514977425,1.64006245691009
"low",1,170,0.218498432077467,2.93853290709769
"low",1,171,0.285533258924261,2.03636339770648
"low",1,172,0.887192287947983,-0.34376187353668
"low",1,173,0.0456420581322163,-1.30642467787996
"low",1,174,0.816876572091132,-1.18937960124358
"low",1,175,0.559306224109605,-1.18971802184042
"low",1,176,0.757933690911159,-1.90741333093843
"low",1,177,0.504686994478106,-0.259381237088973
"low",1,178,0.00578840682283044,-3.46751785991357
"low",1,179,0.772817531367764,-1.36016541409323
"low",1,180,0.874874851899222,-0.867179744552226
"low",1,181,0.0765886346343905,0.384498712544591
"low",1,182,0.662935987813398,-1.67199359872469
"low",1,183,0.139314188156277,2.1831699181477
"low",1,184,0.384479579515755,1.16352464525859
"low",1,185,0.720563090406358,-1.7456069999075
"low",1,186,0.76053885766305,-1.81004256245445
"low",1,187,0.979222346330062,-0.0272192578109334
"low",1,188,0.692085418384522,-1.87984622700025
"low",1,189,0.662564588710666,-2.2226112917132
"low",1,190,0.96766555425711,0.515295682538819
"low",1,191,0.235935053555295,2.64469666213227
"low",1,192,0.51541950320825,-0.50911259017921
"low",1,193,0.385104339569807,1.5426217626841
"low",1,194,0.798059644177556,-0.925207227125767
"low",1,195,0.656823482597247,-2.13946384357962
"low",1,196,0.511658350937068,-0.183851361892912
"low",1,197,0.192334306892008,2.25829328037646
"low",1,198,0.195582495769486,2.53828920492889
"low",1,199,0.255236055934802,2.5291974533744
"low",1,200,0.526424072217196,-0.817603714367441
"low",2,1,0.903500131564215,-0.036673322391296
"low",2,2,0.0737295302096754,-0.952072557454082
"low",2,3,0.647404025075957,-0.101647914975537
"low",2,4,0.394374810857698,0.97115075712896
"low",2,5,0.665280005661771,-0.0618255218734434
"low",2,6,0.439931242726743,0.525713789315504
"low",2,7,0.432178853079677,0.450165640452763
"low",2,8,0.123806527815759,-0.687543617549252
"low",2,9,0.314695597393438,-0.117181614700375
"low",2,10,0.310965459095314,0.682205263710967
"low",2,11,0.0246025710366666,-0.904865460613398
"low",2,12,0.0711357716936618,-0.950024300826909
"low",2,13,0.873428395483643,0.604833302972858
"low",2,14,0.679586726240814,-0.150425017344253
"low",2,15,0.243687809910625,-0.0430409345845624
"low",2,16,0.476131434319541,0.569182897198452
"low",2,17,0.611539045814425,-0.334826406009877
"low",2,18,0.911583858076483,0.177601062324914
"low",2,19,0.500558889238164,0.357564424215046
"low",2,20,0.131021652137861,-0.507112051664617
"low",2,21,0.0128166198264807,-0.69336119222875
"low",2,22,0.864216822898015,0.232108687687418
"low",2,23,0.429438131628558,0.677226592184063
"low",2,24,0.946926761884242,0.0506550077677441
"low",2,25,0.0178845783229917,-0.941842338700949
"low",2,26,0.174710590625182,-0.492871929563531
"low",2,27,0.422318321885541,0.811306073784345
"low",2,28,0.889926639618352,0.412937084028332
"low",2,29,0.779054647311568,0.846193345017502
"low",2,30,0.330489704152569,0.703425622922912
"low",2,31,0.164855317445472,-0.369335077129971
"low",2,32,0.0754103111103177,-0.993758936583722
"low",2,33,0.480099847307429,0.393074756363247
"low",2,34,0.77464415715076,0.167298462503681
"low",2,35,0.0909332036972046,-0.823628714945206
"low",2,36,0.980333017418161,-0.517728156791829
"low",2,37,0.707235172158107,-0.242981347556169
"low",2,38,0.446625563781708,0.483931563932953
"low",2,39,0.0772754931822419,-0.261454319222243
"low",2,40,0.610378582496196,0.183240449928246
"low",2,41,0.555445599602535,0.600665331186097
"low",2,42,0.643194607459009,-0.219975179190596
"low",2,43,0.445566295646131,0.0971221516422155
"low",2,44,0.543234105454758,0.169264552571081
"low",2,45,0.102913961512968,-0.974427402020387
"low",2,46,0.913365927292034,0.442758708800236
"low",2,47,0.769463228527457,-0.631376327276124
"low",2,48,0.81414802162908,0.505169920306845
"low",2,49,0.856761181494221,0.845323297640305
"low",2,50,0.0611568226013333,-1.33301195303765
"low",2,51,0.66486480506137,0.230685356790658
"low",2,52,0.00623214128427207,-0.616232387374128
"low",2,53,0.623007820453495,-0.175682361933246
"low",2,54,0.367332983063534,0.208706623902351
"low",2,55,0.995593188330531,-0.992483321854967
"low",2,56,0.0198722435161471,-0.337840602027085
"low",2,57,0.247433160198852,-0.0310253221400889
"low",2,58,0.300459172809497,-0.0344430114517996
"low",2,59,0.0104643425438553,-0.40083150623272
"low",2,60,0.423394800629467,0.501804295639916
"low",2,61,0.705896220868453,0.023349740832075
"low",2,62,0.88202562276274,0.223013315114227
"low",2,63,0.650901685003191,-0.222870553894575
"low",2,64,0.623086689505726,0.415393214572234
"low",2,65,0.408870331710204,0.511773828765903
"low",2,66,0.0182726909406483,-0.97444977732573
"low",2,67,0.339150868123397,-0.0275345460836487
"low",2,68,0.447254336439073,0.258321324606021
"low",2,69,0.862877696054056,0.426285835837158
"low",2,70,0.857718245126307,0.437643316546854
"low",2,71,0.575551493791863,0.175286104098178
"low",2,72,0.538717028219253,0.566758479227162
"low",2,73,0.458802619483322,0.719090306995122
"low",2,74,0.300186887849122,-0.171271495677181
"low",2,75,0.601181256584823,0.0236489791669287
"low",2,76,0.37371528102085,0.266445105598541
"low",2,77,0.48276521707885,0.69722060686853
"low",2,78,0.0287442470435053,-0.631471504413763
"low",2,79,0.573374936589971,-0.536704975821883
"low",2,80,0.578855549683794,0.336641131728679
"low",2,81,0.671312392456457,-0.118522209121964
"low",2,82,0.626662776106969,-0.152953548352783
"low",2,83,0.247881547547877,0.221203925710475
"low",2,84,0.772512391442433,0.0402963298768726
"low",2,85,0.361498302780092,0.357273353873354
"low",2,86,0.253259643446654,-0.216929947519912
"low",2,87,0.224059352418408,-0.456157423187916
"low",2,88,0.119104306679219,-0.965327385528352
"low",2,89,0.172067159088328,-1.15439447144466
"low",2,90,0.256463045952842,-0.147230243846272
"low",2,91,0.0976099523250014,-0.538995411742267
"low",2,92,0.396691844100133,0.432557125688931
"low",2,93,0.172053403453901,-0.7415001233818
"low",2,94,0.907306724693626,0.0813818983050281
"low",2,95,0.0357265083584934,-0.560126935522617
"low",2,96,0.485762631054968,0.213701688885205
"low",2,97,0.453948740148917,0.887427210089428
"low",2,98,0.43378776172176,0.424076644598013
"low",2,99,0.526334437774494,0.464340092674057
"low",2,100,0.593673236202449,0.295266459369668
"low",2,101,0.451658066594973,0.489087741629987
"low",2,102,0.505092775681987,0.532095975447128
"low",2,103,0.756353015312925,0.0757912453683074
"low",2,104,0.389532587025315,0.301001674290118
"low",2,105,0.121170388301834,-1.28973335696132
"low",2,106,0.0586752679664642,-0.666330134349265
"low",2,107,0.940685170236975,-0.0407452791155463
"low",2,108,0.774868973065168,0.232832366496115
"low",2,109,0.398069676477462,0.152595203296653
"low",2,110,0.875145908212289,0.510001468038357
"low",2,111,0.275756286922842,0.0446982928880757
"low",2,112,0.80513561097905,0.631189393617456
"low",2,113,0.754403279861435,-0.0256931997686233
"low",2,114,0.57209974876605,0.558273397382502
"low",2,115,0.902822429314256,0.523228879844898
"low",2,116,0.281369257019833,0.163716411053947
"low",2,117,0.103384442394599,-0.590790285801509
"low",2,118,0.201889412710443,-0.610903114882519
"low",2,119,0.579795157071203,0.364270914456512
"low",2,120,0.398876981576905,0.152296694920164
"low",2,121,0.940946017159149,0.20996301093491
"low",2,122,0.218287196476012,-0.311427076017121
"low",2,123,0.729998409980908,-0.0333143715999863
"low",2,124,0.919712189119309,0.779589020251609
"low",2,125,0.289747401839122,-0.160216087186706
"low",2,126,0.25628926884383,0.328819743359988
"low",2,127,0.862655121134594,0.71347190981972
"low",2,128,0.944099008105695,0.218210994873419
"low",2,129,0.694682280998677,-0.279809575986436
"low",2,130,0.181897101923823,-0.699634218457569
"low",2,131,0.488571344176307,0.448113835416728
"low",2,132,0.50896893045865,0.265250336397872
"low",2,133,0.811226812889799,-0.07710588672281
"low",2,134,0.576094104908407,-0.298415158253103
"low",2,135,0.0525956875644624,-0.689223248792474
"low",2,136,0.336011755978689,0.394842175092721
"low",2,137,0.651511928997934,-0.0832730566749858
"low",2,138,0.18824655842036,-0.719452523721546
"low",2,139,0.563065787777305,0.182670789528044
"low",2,140,0.930882218759507,0.400176980234399
"low",2,141,0.825162616325542,0.508360203258096
"low",2,142,0.553491591010243,0.0169503024083825
"low",2,143,0.446205200394616,0.628576507809627
"low",2,144,0.269337030360475,0.162043054136549
"low",2,145,0.630584522383288,-0.27822847421731
"low",2,146,0.184856567066163,-0.523575215672951
"low",2,147,0.270871007349342,-0.118051268724814
"low",2,148,0.564754801569507,0.371554144607579
"low",2,149,0.809843401657417,0.0778620336359538
"low",2,150,0.307049225317314,0.547338771260384
"low",2,151,0.461410053772852,0.362222028709546
"low",2,152,0.825845213141292,0.283888331404083
"low",2,153,0.477422390133142,0.722116864646068
"low",2,154,0.992818293860182,-0.733052608278962
"low",2,155,0.913265011273324,0.178486586534753
"low",2,156,0.472396385157481,0.234303199260808
"low",2,157,0.710354282520711,0.0941830574580537
"low",2,158,0.869837895501405,0.28525843306999
"low",2,159,0.557508399244398,0.15585893772018
"low",2,160,0.722821442876011,0.165157763625512
"low",2,161,0.0411724848672748,-0.789723147218076
"low",2,162,0.937583226710558,0.147509928225458
"low",2,163,0.350487099029124,0.623923266135095
"low",2,164,0.485003005014732,0.241704527399064
"low",2,165,0.307994461152703,0.0713605283019127
"low",2,166,0.150589694501832,-0.540974019914546
"low",2,167,0.568311258917674,0.215544127463273
"low",2,168,0.670834610005841,0.117921669985602
"low",2,169,0.187800514977425,-0.599916451027467
"low",2,170,0.218498432077467,-0.241736154140646
"low",2,171,0.285533258924261,0.326558848291721
"low",2,172,0.887192287947983,0.500094117100057
"low",2,173,0.0456420581322163,-0.579203558636916
"low",2,174,0.816876572091132,0.354717827564432
"low",2,175,0.559306224109605,0.337366723431876
"low",2,176,0.757933690911159,-0.0331060226460318
"low",2,177,0.504686994478106,0.292895639528311
"low",2,178,0.00578840682283044,-0.837258679194632
"low",2,179,0.772817531367764,0.041487542304167
"low",2,180,0.874874851899222,0.534469884115561
"low",2,181,0.0765886346343905,-1.1210521313097
"low",2,182,0.662935987813398,0.148334510967869
"low",2,183,0.139314188156277,-0.978732781549881
"low",2,184,0.384479579515755,0.682215228454522
"low",2,185,0.720563090406358,-0.127046603209103
"low",2,186,0.76053885766305,-0.404394868778253
"low",2,187,0.979222346330062,-0.750071133486564
"low",2,188,0.692085418384522,-0.0133414416427634
"low",2,189,0.662564588710666,0.00189370896321817
"low",2,190,0.96766555425711,-0.123189187761065
"low",2,191,0.235935053555295,-0.253137001774801
"low",2,192,0.51541950320825,0.574999688670311
"low",2,193,0.385104339569807,0.585207411330802
"low",2,194,0.798059644177556,0.204239986046081
"low",2,195,0.656823482597247,-0.0324422629194396
"low",2,196,0.511658350937068,0.100928973485317
"low",2,197,0.192334306892008,-0.609310959874897
"low",2,198,0.195582495769486,-0.696108582444929
"low",2,199,0.255236055934802,-0.33821289639172
"low",2,200,0.526424072217196,0.493808070048485
"low",3,1,0.903500131564215,0.179730121972879
"low",3,2,0.0737295302096754,0.0883095580747819
"low",3,3,0.647404025075957,-0.641892353816407
"low",3,4,0.394374810857698,-0.34043846603212
"low",3,5,0.665280005661771,-0.580440229125895
"low",3,6,0.439931242726743,-0.538651457022845
"low",3,7,0.432178853079677,-0.223752815442806
"low",3,8,0.123806527815759,0.715931249448488
"low",3,9,0.314695597393438,0.0718584977378142
"low",3,10,0.310965459095314,-0.273331712545358
"low",3,11,0.0246025710366666,0.674846770761891
"low",3,12,0.0711357716936618,0.452328360896752
"low",3,13,0.873428395483643,-0.141256600237398
"low",3,14,0.679586726240814,-0.790801477663776
"low",3,15,0.243687809910625,0.375025266870248
"low",3,16,0.476131434319541,-0.387253216117978
"low",3,17,0.611539045814425,-0.704538248069471
"low",3,18,0.911583858076483,0.32549699304233
"low",3,19,0.500558889238164,-0.0115379352033225
"low",3,20,0.131021652137861,0.435526059035772
"low",3,21,0.0128166198264807,1.16123514729693
"low",3,22,0.864216822898015,-0.387589235451751
"low",3,23,0.429438131628558,-0.366546744505207
"low",3,24,0.946926761884242,0.560305268937319
"low",3,25,0.0178845783229917,0.988658106703476
"low",3,26,0.174710590625182,0.467447519380883
"low",3,27,0.422318321885541,-0.609908496600518
"low",3,28,0.889926639618352,0.718416348164755
"low",3,29,0.779054647311568,-0.507371176037668
"low",3,30,0.330489704152569,0.260877788324452
"low",3,31,0.164855317445472,0.417948569539699
"low",3,32,0.0754103111103177,0.631814470602523
"low",3,33,0.480099847307429,-0.525919578619207
"low",3,34,0.77464415715076,-0.192294085876971
"low",3,35,0.0909332036972046,0.375790985783303
"low",3,36,0.980333017418161,0.198224724192035
"low",3,37,0.707235172158107,-0.49643695875343
"low",3,38,0.446625563781708,-0.213853478068533
"low",3,39,0.0772754931822419,0.702432915045346
"low",3,40,0.610378582496196,-0.763219329552795
"low",3,41,0.555445599602535,-0.68599037810861
"low",3,42,0.643194607459009,-0.556228270417425
"low",3,43,0.445566295646131,-0.110224158077298
"low",3,44,0.543234105454758,-0.74962877127266
"low",3,45,0.102913961512968,0.576167572266604
"low",3,46,0.913365927292034,0.334707971210841
"low",3,47,0.769463228527457,-0.376808438914031
"low",3,48,0.81414802162908,-0.186697499529037
"low",3,49,0.856761181494221,0.0216157086688488
"low",3,50,0.0611568226013333,0.725484774051448
"low",3,51,0.66486480506137,-0.672762303167155
"low",3,52,0.00623214128427207,1.06544438428458
"low",3,53,0.623007820453495,-0.797751445749981
"low",3,54,0.367332983063534,-0.599744048749508
"low",3,55,0.995593188330531,0.211182900963787
"low",3,56,0.0198722435161471,0.707152364730368
"low",3,57,0.247433160198852,0.376531338486329
"low",3,58,0.300459172809497,0.14486772725262
"low",3,59,0.0104643425438553,0.862569348082949
"low",3,60,0.423394800629467,0.079930687366146
"low",3,61,0.705896220868453,-0.426539876971147
"low",3,62,0.88202562276274,-0.0632007870420473
"low",3,63,0.650901685003191,-0.690029674444156
"low",3,64,0.623086689505726,-0.58380225751217
"low",3,65,0.408870331710204,-0.171046297961232
"low",3,66,0.0182726909406483,0.421695119578425
"low",3,67,0.339150868123397,-0.393270289858048
"low",3,68,0.447254336439073,-0.3238835667457
"low",3,69,0.862877696054056,0.168786612516546
"low",3,70,0.857718245126307,0.48984094640334
"low",3,71,0.575551493791863,-0.42266506124804
"low",3,72,0.538717028219253,-0.747417998945783
"low",3,73,0.458802619483322,-0.475408061965568
"low",3,74,0.300186887849122,0.0872596889544177
"low",3,75,0.601181256584823,-0.329210991029084
"low",3,76,0.37371528102085,-0.0617404172136353
"low",3,77,0.48276521707885,-0.411119669030632
"low",3,78,0.0287442470435053,0.885594301308216
"low",3,79,0.573374936589971,-0.599272230370771
"low",3,80,0.578855549683794,-0.0180353921781989
"low",3,81,0.671312392456457,-0.53481554955892
"low",3,82,0.626662776106969,-0.66723413851126
"low",3,83,0.247881547547877,0.41390397258504
"low",3,84,0.772512391442433,-0.214361765024938
"low",3,85,0.361498302780092,-0.190977659661879
"low",3,86,0.253259643446654,-0.0600032988005211
"low",3,87,0.224059352418408,0.366583056575035
"low",3,88,0.119104306679219,0.308445803896059
"low",3,89,0.172067159088328,0.614156311274381
"low",3,90,0.256463045952842,-0.0236857791919388
"low",3,91,0.0976099523250014,0.65003021430474
"low",3,92,0.396691844100133,-0.409312572679374
"low",3,93,0.172053403453901,0.751244787397208
"low",3,94,0.907306724693626,0.530146112721424
"low",3,95,0.0357265083584934,0.673386050649444
"low",3,96,0.485762631054968,-0.643848538775224
"low",3,97,0.453948740148917,-0.392844026466088
"low",3,98,0.43378776172176,-0.384098436719524
"low",3,99,0.526334437774494,-0.641559044410158
"low",3,100,0.593673236202449,-0.980735027785613
"low",3,101,0.451658066594973,-0.184679117234201
"low",3,102,0.505092775681987,-0.725526751496087
"low",3,103,0.756353015312925,-0.811854707475709
"low",3,104,0.389532587025315,-0.403262161037285
"low",3,105,0.121170388301834,0.742249935144905
"low",3,106,0.0586752679664642,0.847681824575402
"low",3,107,0.940685170236975,0.188498924337361
"low",3,108,0.774868973065168,-0.0206506705912054
"low",3,109,0.398069676477462,0.124428350418361
"low",3,110,0.875145908212289,0.501109649085898
"low",3,111,0.275756286922842,0.130488298018852
"low",3,112,0.80513561097905,-0.152955394064246
"low",3,113,0.754403279861435,-0.509586318394756
"low",3,114,0.57209974876605,-0.0672798562962788
"low",3,115,0.902822429314256,0.57860954729625
"low",3,116,0.281369257019833,-0.210158250133099
"low",3,117,0.103384442394599,0.995913684193917
"low",3,118,0.201889412710443,0.0561482971617223
"low",3,119,0.579795157071203,-0.764847377808046
"low",3,120,0.398876981576905,-0.0772875534665759
"low",3,121,0.940946017159149,0.520767074402332
"low",3,122,0.218287196476012,0.347529738819795
"low",3,123,0.729998409980908,-0.274448627128435
"low",3,124,0.919712189119309,0.943717317721671
"low",3,125,0.289747401839122,0.202989224493297
"low",3,126,0.25628926884383,0.138784813242864
"low",3,127,0.862655121134594,-0.187589483893716
"low",3,128,0.944099008105695,0.657768198164787
"low",3,129,0.694682280998677,-0.555580473846701
"low",3,130,0.181897101923823,0.188030072275044
"low",3,131,0.488571344176307,-0.463346429281139
"low",3,132,0.50896893045865,0.00308580414890136
"low",3,133,0.811226812889799,0.039991161952891
"low",3,134,0.576094104908407,-0.505669062153762
"low",3,135,0.0525956875644624,0.881530887004512
"low",3,136,0.336011755978689,-0.0415073591162351
"low",3,137,0.651511928997934,-0.77817286976895
"low",3,138,0.18824655842036,0.245762406441946
"low",3,139,0.563065787777305,-0.768801188102961
"low",3,140,0.930882218759507,0.725056594676704
"low",3,141,0.825162616325542,-0.581656633737689
"low",3,142,0.553491591010243,-0.0940791012361631
"low",3,143,0.446205200394616,-0.387247657379411
"low",3,144,0.269337030360475,0.212955786595186
"low",3,145,0.630584522383288,-0.600004101951346
"low",3,146,0.184856567066163,0.214835479364151
"low",3,147,0.270871007349342,0.129614945684228
"low",3,148,0.564754801569507,-0.579949785972259
"low",3,149,0.809843401657417,-0.119513029200036
"low",3,150,0.307049225317314,0.163823307200242
"low",3,151,0.461410053772852,-0.24758513802874
"low",3,152,0.825845213141292,-0.215876670295219
"low",3,153,0.477422390133142,-0.593122340851029
"low",3,154,0.992818293860182,0.135042817180565
"low",3,155,0.913265011273324,0.817255907754693
"low",3,156,0.472396385157481,-0.331852577944465
"low",3,157,0.710354282520711,-0.726241350195331
"low",3,158,0.869837895501405,0.906595782816918
"low",3,159,0.557508399244398,-1.03597301047548
"low",3,160,0.722821442876011,-0.496526306962454
"low",3,161,0.0411724848672748,0.801443935986483
"low",3,162,0.937583226710558,0.56490236440122
"low",3,163,0.350487099029124,-0.00947883974294641
"low",3,164,0.485003005014732,-0.284586110975597
"low",3,165,0.307994461152703,-0.26578660262068
"low",3,166,0.150589694501832,0.479985592906475
"low",3,167,0.568311258917674,-0.0555005834493646
"low",3,168,0.670834610005841,-0.694384958635007
"low",3,169,0.187800514977425,0.627165577896778
"low",3,170,0.218498432077467,0.0642228723822947
"low",3,171,0.285533258924261,0.226444428912658
"low",3,172,0.887192287947983,0.412408009585477
"low",3,173,0.0456420581322163,0.814846543024556
"low",3,174,0.816876572091132,-0.0223519475169794
"low",3,175,0.559306224109605,-0.378669304448358
"low",3,176,0.757933690911159,-0.70629053830703
"low",3,177,0.504686994478106,-0.25612963099126
"low",3,178,0.00578840682283044,1.25918390729949
"low",3,179,0.772817531367764,-0.0328282407420187
"low",3,180,0.874874851899222,0.53004654775173
"low",3,181,0.0765886346343905,0.700174455760129
"low",3,182,0.662935987813398,-1.08596974534653
"low",3,183,0.139314188156277,0.524490232842212
"low",3,184,0.384479579515755,-0.20516613540812
"low",3,185,0.720563090406358,-0.703180595263679
"low",3,186,0.76053885766305,-0.269438670792348
"low",3,187,0.979222346330062,0.768921546410789
"low",3,188,0.692085418384522,-0.739493259779247
"low",3,189,0.662564588710666,-0.435491717516609
"low",3,190,0.96766555425711,0.276292787500078
"low",3,191,0.235935053555295,0.290088508645136
"low",3,192,0.51541950320825,-0.45873821767043
"low",3,193,0.385104339569807,-0.0298688559802859
"low",3,194,0.798059644177556,-0.761046374086586
"low",3,195,0.656823482597247,-0.300726870593166
"low",3,196,0.511658350937068,-0.383091427038008
"low",3,197,0.192334306892008,0.0262748130237906
"low",3,198,0.195582495769486,0.563575952062202
"low",3,199,0.255236055934802,0.203744850070551
"low",3,200,0.526424072217196,-0.300212699216753
"high",1,1,0.903500131564215,1.59631649843843
"high",1,2,0.0737295302096754,0.468339695842873
"high",1,3,0.647404025075957,-3.04874627344071
"high",1,4,0.394374810857698,0.447960929846558
"high",1,5,0.665280005661771,-1.50395958616289
"high",1,6,0.439931242726743,-0.222334092107854
"high",1,7,0.432178853079677,-0.0367616324640854
"high",1,8,0.123806527815759,0.675014835438597
"high",1,9,0.314695597393438,0.817144859365679
"high",1,10,0.310965459095314,2.93567681076668
"high",1,11,0.0246025710366666,-1.82745631535936
"high",1,12,0.0711357716936618,0.199641847125693
"high",1,13,0.873428395483643,-0.70830626517479
"high",1,14,0.679586726240814,-2.75397560381976
"high",1,15,0.243687809910625,3.80552837842731
"high",1,16,0.476131434319541,-0.199071769418283
"high",1,17,0.611539045814425,-0.84435948509943
"high",1,18,0.911583858076483,0.70120671123855
"high",1,19,0.500558889238164,-1.57217953828634
"high",1,20,0.131021652137861,1.06343396241025
"high",1,21,0.0128166198264807,-3.42790744551196
"high",1,22,0.864216822898015,-1.62354980664713
"high",1,23,0.429438131628558,0.164498412178194
"high",1,24,0.946926761884242,0.79281001136297
"high",1,25,0.0178845783229917,-1.75272589640061
"high",1,26,0.174710590625182,1.54306749888581
"high",1,27,0.422318321885541,1.95404143371815
"high",1,28,0.889926639618352,-0.536443260295263
"high",1,29,0.779054647311568,0.104124461324611
"high",1,30,0.330489704152569,1.90611194167985
"high",1,31,0.164855317445472,1.770790567937
"high",1,32,0.0754103111103177,0.533593129262272
"high",1,33,0.480099847307429,0.409016005622508
"high",1,34,0.77464415715076,0.0490827002897731
"high",1,35,0.0909332036972046,0.789732828683781
"high",1,36,0.980333017418161,-0.0924973034964844
"high",1,37,0.707235172158107,-3.51220736552621
"high",1,38,0.446625563781708,-0.147635257535089
"high",1,39,0.0772754931822419,-0.322802126002264
"high",1,40,0.610378582496196,-3.26391890284408
"high",1,41,0.555445599602535,0.736617769190543
"high",1,42,0.643194607459009,-4.94802264766409
"high",1,43,0.445566295646131,1.07481409717416
"high",1,44,0.543234105454758,-1.45328517510969
"high",1,45,0.102913961512968,2.06317714866437
"high",1,46,0.913365927292034,-0.757257245142564
"high",1,47,0.769463228527457,-1.78348784032681
"high",1,48,0.81414802162908,-2.85057423693502
"high",1,49,0.856761181494221,-1.72520317785065
"high",1,50,0.0611568226013333,1.55545671379346
"high",1,51,0.66486480506137,-1.1575936567757
"high",1,52,0.00623214128427207,-2.84414173572469
"high",1,53,0.623007820453495,-0.690340051632892
"high",1,54,0.367332983063534,2.39307626756804
"high",1,55,0.995593188330531,0.766791865250072
"high",1,56,0.0198722435161471,-2.8128646354251
"high",1,57,0.247433160198852,1.696553327385
"high",1,58,0.300459172809497,3.62646414296377
"high",1,59,0.0104643425438553,-3.64060256637258
"high",1,60,0.423394800629467,1.76516556607713
"high",1,61,0.705896220868453,-2.52793848502766
"high",1,62,0.88202562276274,-0.503979040215528
"high",1,63,0.650901685003191,-1.59980828994037
"high",1,64,0.623086689505726,-0.146567799886679
"high",1,65,0.408870331710204,1.18289275907861
"high",1,66,0.0182726909406483,-1.58171402639687
"high",1,67,0.339150868123397,4.09771391115978
"high",1,68,0.447254336439073,1.66504210143159
"high",1,69,0.862877696054056,0.0380130907577495
"high",1,70,0.857718245126307,-0.732977828614853
"high",1,71,0.575551493791863,-0.647573948649502
"high",1,72,0.538717028219253,-0.983750471760836
"high",1,73,0.458802619483322,1.16712075933472
"high",1,74,0.300186887849122,-0.218942775573273
"high",1,75,0.601181256584823,-0.888080226477451
"high",1,76,0.37371528102085,0.839271032491419
"high",1,77,0.48276521707885,-1.50164951503337
"high",1,78,0.0287442470435053,-1.37121551434687
"high",1,79,0.573374936589971,-0.484696302072102
"high",1,80,0.578855549683794,-1.32757313718224
"high",1,81,0.671312392456457,-2.44264244616446
"high",1,82,0.626662776106969,-0.974703731517566
"high",1,83,0.247881547547877,2.25871566185619
"high",1,84,0.772512391442433,-3.31570233400055
"high",1,85,0.361498302780092,1.23219702457002
"high",1,86,0.253259643446654,2.00824471386441
"high",1,87,0.224059352418408,3.04336027386981
"high",1,88,0.119104306679219,0.754746346613027
"high",1,89,0.172067159088328,2.40381194704705
"high",1,90,0.256463045952842,2.4607686914145
"high",1,91,0.0976099523250014,-0.502929347436993
"high",1,92,0.396691844100133,-0.296748126132694
"high",1,93,0.172053403453901,1.88020672567112
"high",1,94,0.907306724693626,0.568158423259171
"high",1,95,0.0357265083584934,-1.60782827393251
"high",1,96,0.485762631054968,0.91441039235046
"high",1,97,0.453948740148917,0.0401589698599395
"high",1,98,0.43378776172176,-0.601356953192957
"high",1,99,0.526334437774494,-0.497837736147697
"high",1,100,0.593673236202449,-2.70413592649411
"high",1,101,0.451658066594973,1.09789505530878
"high",1,102,0.505092775681987,-0.99838988342728
"high",1,103,0.756353015312925,-2.38020815605896
"high",1,104,0.389532587025315,2.13247949790566
"high",1,105,0.121170388301834,2.38575363708132
"high",1,106,0.0586752679664642,-1.09449319868662
"high",1,107,0.940685170236975,0.0725268397142342
"high",1,108,0.774868973065168,-2.90995161195281
"high",1,109,0.398069676477462,-0.0267347332826775
"high",1,110,0.875145908212289,0.786739908614992
"high",1,111,0.275756286922842,1.92384778669896
"high",1,112,0.80513561097905,-0.749041729849386
"high",1,113,0.754403279861435,-0.700949261328102
"high",1,114,0.57209974876605,-2.09633971047669
"high",1,115,0.902822429314256,-1.27226542119409
"high",1,116,0.281369257019833,2.82716352014028
"high",1,117,0.103384442394599,0.793007043536495
"high",1,118,0.201889412710443,2.21262014622795
"high",1,119,0.579795157071203,-2.02925593070267
"high",1,120,0.398876981576905,0.939309567916703
"high",1,121,0.940946017159149,0.163972270304105
"high",1,122,0.218287196476012,2.53809656905756
"high",1,123,0.729998409980908,0.284375244365053
"high",1,124,0.919712189119309,0.994344893120271
"high",1,125,0.289747401839122,1.23831916399584
"high",1,126,0.25628926884383,2.80972846697119
"high",1,127,0.862655121134594,-1.3511891833309
"high",1,128,0.944099008105695,0.568983049261054
"high",1,129,0.694682280998677,-1.19979793279052
"high",1,130,0.181897101923823,2.53493299297485
"high",1,131,0.488571344176307,-0.299496360497338
"high",1,132,0.50896893045865,-0.160345555712704
"high",1,133,0.811226812889799,-1.60583317554588
"high",1,134,0.576094104908407,-1.00548597939613
"high",1,135,0.0525956875644624,-0.818085918008059
"high",1,136,0.336011755978689,1.8664673441114
"high",1,137,0.651511928997934,-1.59481524589446
"high",1,138,0.18824655842036,2.19062768246785
"high",1,139,0.563065787777305,-1.60760641992843
"high",1,140,0.930882218759507,0.92768531062015
"high",1,141,0.825162616325542,-0.732254625099507
"high",1,142,0.553491591010243,-2.23738524985062
"high",1,143,0.446205200394616,-0.019507054103861
"high",1,144,0.269337030360475,3.25758494760648
"high",1,145,0.630584522383288,-1.87650033619636
"high",1,146,0.184856567066163,4.22697297886357
"high",1,147,0.270871007349342,2.28060026724036
"high",1,148,0.564754801569507,-1.25589665429036
"high",1,149,0.809843401657417,0.874664456048115
"high",1,150,0.307049225317314,1.56806682659166
"high",1,151,0.461410053772852,-1.26652583122539
"high",1,152,0.825845213141292,-0.577269245921909
"high",1,153,0.477422390133142,-0.0201170013750947
"high",1,154,0.992818293860182,1.44584163273896
"high",1,155,0.913265011273324,-2.4864382020171
"high",1,156,0.472396385157481,0.77856681180609
"high",1,157,0.710354282520711,-0.70364457112154
"high",1,158,0.869837895501405,1.22066714623763
"high",1,159,0.557508399244398,0.867038792920724
"high",1,160,0.722821442876011,-3.02962605281184
"high",1,161,0.0411724848672748,-1.79263744584096
"high",1,162,0.937583226710558,1.40500806086308
"high",1,163,0.350487099029124,0.109434617742284
"high",1,164,0.485003005014732,-1.28677016786253
"high",1,165,0.307994461152703,2.02706213570237
"high",1,166,0.150589694501832,1.14984368244929
"high",1,167,0.568311258917674,-1.21047560435573
"high",1,168,0.670834610005841,-2.75685254890847
"high",1,169,0.187800514977425,-0.648762014288622
"high",1,170,0.218498432077467,4.23210625904133
"high",1,171,0.285533258924261,1.14701985785827
"high",1,172,0.887192287947983,0.398049981936753
"high",1,173,0.0456420581322163,-2.08494124247712
"high",1,174,0.816876572091132,-0.727779000747849
"high",1,175,0.559306224109605,-1.39979515895097
"high",1,176,0.757933690911159,-2.318702190474
"high",1,177,0.504686994478106,0.174466362398436
"high",1,178,0.00578840682283044,-3.59557205281596
"high",1,179,0.772817531367764,-0.37933772453905
"high",1,180,0.874874851899222,-1.27683106091008
"high",1,181,0.0765886346343905,0.672242044419709
"high",1,182,0.662935987813398,-1.04093112963283
"high",1,183,0.139314188156277,3.03729116136149
"high",1,184,0.384479579515755,0.644126212199077
"high",1,185,0.720563090406358,-1.2747579021528
"high",1,186,0.76053885766305,-1.96920217357834
"high",1,187,0.979222346330062,-1.09971221825481
"high",1,188,0.692085418384522,-1.73722343436651
"high",1,189,0.662564588710666,-3.24653208981826
"high",1,190,0.96766555425711,1.34439266593215
"high",1,191,0.235935053555295,3.04436805300309
"high",1,192,0.51541950320825,-0.371299437243846
"high",1,193,0.385104339569807,2.18520176003766
"high",1,194,0.798059644177556,0.821404079068258
"high",1,195,0.656823482597247,-2.96689396771313
"high",1,196,0.511658350937068,0.772270442765137
"high",1,197,0.192334306892008,1.75251305449774
"high",1,198,0.195582495769486,2.82702815776381
"high",1,199,0.255236055934802,2.69581616429412
"high",1,200,0.526424072217196,-1.15392607942215
"high",2,1,0.903500131564215,-1.59089985816173
"high",2,2,0.0737295302096754,-1.28167210167544
"high",2,3,0.647404025075957,-0.494405733845824
"high",2,4,0.394374810857698,2.36111818808262
"high",2,5,0.665280005661771,-0.239830750080984
"high",2,6,0.439931242726743,0.497348051487982
"high",2,7,0.432178853079677,0.187700866401455
"high",2,8,0.123806527815759,-0.343554286731401
"high",2,9,0.314695597393438,-1.13127277706172
"high",2,10,0.310965459095314,2.12320965195601
"high",2,11,0.0246025710366666,-1.72933974069831
"high",2,12,0.0711357716936618,-1.28612515237515
"high",2,13,0.873428395483643,0.974551815443124
"high",2,14,0.679586726240814,-0.53752531565378
"high",2,15,0.243687809910625,0.379959495289445
"high",2,16,0.476131434319541,0.799873939332606
"high",2,17,0.611539045814425,-1.6841742561839
"high",2,18,0.911583858076483,-0.649744965523521
"high",2,19,0.500558889238164,0.11006738925794
"high",2,20,0.131021652137861,0.31269261322469
"high",2,21,0.0128166198264807,-1.17571071780749
"high",2,22,0.864216822898015,-0.439723982891227
"high",2,23,0.429438131628558,1.09523728215584
"high",2,24,0.946926761884242,-0.230114188406091
"high",2,25,0.0178845783229917,-2.03660180876602
"high",2,26,0.174710590625182,-0.205534308440653
"high",2,27,0.422318321885541,1.6346378153496
"high",2,28,0.889926639618352,0.15248751027289
"high",2,29,0.779054647311568,3.18091396144139
"high",2,30,0.330489704152569,1.92315862087604
"high",2,31,0.164855317445472,0.440244997957778
"high",2,32,0.0754103111103177,-1.4413394931402
"high",2,33,0.480099847307429,0.117626679556622
"high",2,34,0.77464415715076,0.507342013202931
"high",2,35,0.0909332036972046,-0.735057950197547
"high",2,36,0.980333017418161,-0.566480451243118
"high",2,37,0.707235172158107,-0.855897675314694
"high",2,38,0.446625563781708,0.342852969302454
"high",2,39,0.0772754931822419,1.49472026524586
"high",2,40,0.610378582496196,0.378594649027732
"high",2,41,0.555445599602535,1.55298543713553
"high",2,42,0.643194607459009,-0.993688882906932
"high",2,43,0.445566295646131,-1.20675243669447
"high",2,44,0.543234105454758,-0.28544590711672
"high",2,45,0.102913961512968,-1.36379463788638
"high",2,46,0.913365927292034,0.435085144423057
"high",2,47,0.769463228527457,-2.64212623467437
"high",2,48,0.81414802162908,1.3641524783465
"high",2,49,0.856761181494221,2.09419266401909
"high",2,50,0.0611568226013333,-2.8868703897688
"high",2,51,0.66486480506137,0.928294517412882
"high",2,52,0.00623214128427207,-1.05700899791976
"high",2,53,0.623007820453495,-0.957275921670399
"high",2,54,0.367332983063534,-0.486432204423137
"high",2,55,0.995593188330531,-1.15888466328568
"high",2,56,0.0198722435161471,0.428547680735663
"high",2,57,0.247433160198852,0.35982191645311
"high",2,58,0.300459172809497,-0.577455571153015
"high",2,59,0.0104643425438553,-0.0711734512384078
"high",2,60,0.423394800629467,0.395698826432702
"high",2,61,0.705896220868453,0.208843080018155
"high",2,62,0.88202562276274,-0.595896792471921
"high",2,63,0.650901685003191,-0.958692252589171
"high",2,64,0.623086689505726,1.40762377734093
"high",2,65,0.408870331710204,0.462829652873529
"high",2,66,0.0182726909406483,-2.15730289457214
"high",2,67,0.339150868123397,-1.11569731240593
"high",2,68,0.447254336439073,-0.558118296054992
"high",2,69,0.862877696054056,0.3503976653123
"high",2,70,0.857718245126307,0.452237779511491
"high",2,71,0.575551493791863,0.0389781565939658
"high",2,72,0.538717028219253,1.26347737618544
"high",2,73,0.458802619483322,1.32013647979721
"high",2,74,0.300186887849122,-1.1203674217271
"high",2,75,0.601181256584823,-0.337134463025671
"high",2,76,0.37371528102085,-0.312886368958542
"high",2,77,0.48276521707885,1.34987645052572
"high",2,78,0.0287442470435053,-0.546916501484868
"high",2,79,0.573374936589971,-2.82918638534445
"high",2,80,0.578855549683794,0.71494364399742
"high",2,81,0.671312392456457,-0.440443146351089
"high",2,82,0.626662776106969,-0.839041012755431
"high",2,83,0.247881547547877,1.36058321741869
"high",2,84,0.772512391442433,0.0184774206774674
"high",2,85,0.361498302780092,0.165144543300374
"high",2,86,0.253259643446654,-0.489570483343866
"high",2,87,0.224059352418408,-0.914755131012234
"high",2,88,0.119104306679219,-1.41763595242212
"high",2,89,0.172067159088328,-2.8099826308183
"high",2,90,0.256463045952842,-0.268695262000893
"high",2,91,0.0976099523250014,0.393840811558845
"high",2,92,0.396691844100133,0.194680367297644
"high",2,93,0.172053403453901,-1.15819031283349
"high",2,94,0.907306724693626,-1.08422190508021
"high",2,95,0.0357265083584934,-0.12748213278357
"high",2,96,0.485762631054968,-0.565874370882289
"high",2,97,0.453948740148917,1.97684759618156
"high",2,98,0.43378776172176,0.0842367460909099
"high",2,99,0.526334437774494,0.744211448283612
"high",2,100,0.593673236202449,0.683726480358838
"high",2,101,0.451658066594973,0.376558053500306
"high",2,102,0.505092775681987,0.841987987795389
"high",2,103,0.756353015312925,0.281807016373962
"high",2,104,0.389532587025315,-0.291452037150722
"high",2,105,0.121170388301834,-2.73097498711774
"high",2,106,0.0586752679664642,-0.242381946416182
"high",2,107,0.940685170236975,-0.834285876031461
"high",2,108,0.774868973065168,0.767414914900568
"high",2,109,0.398069676477462,-0.931919783456914
"high",2,110,0.875145908212289,0.584249998170484
"high",2,111,0.275756286922842,0.155751865174344
"high",2,112,0.80513561097905,2.00337193709709
"high",2,113,0.754403279861435,-0.112241030687628
"high",2,114,0.57209974876605,1.53886854845335
"high",2,115,0.902822429314256,0.643497468265837
"high",2,116,0.281369257019833,0.534438504165491
"high",2,117,0.103384442394599,0.169002043974486
"high",2,118,0.201889412710443,-1.13629474758979
"high",2,119,0.579795157071203,0.834118655222404
"high",2,120,0.398876981576905,-0.936922982371283
"high",2,121,0.940946017159149,0.177817396583118
"high",2,122,0.218287196476012,-0.231262621510715
"high",2,123,0.729998409980908,-0.0406991936200098
"high",2,124,0.919712189119309,1.88627363406881
"high",2,125,0.289747401839122,-0.903898682044575
"high",2,126,0.25628926884383,1.63864189697833
"high",2,127,0.862655121134594,1.50142255171088
"high",2,128,0.944099008105695,0.327654385170471
"high",2,129,0.694682280998677,-1.01664327268386
"high",2,130,0.181897101923823,-1.14895608487205
"high",2,131,0.488571344176307,0.389600652304306
"high",2,132,0.50896893045865,-0.195516807845838
"high",2,133,0.811226812889799,-0.920192366750782
"high",2,134,0.576094104908407,-1.85080000844049
"high",2,135,0.0525956875644624,-0.397420464016262
"high",2,136,0.336011755978689,0.614611732657808
"high",2,137,0.651511928997934,-0.396800940439445
"high",2,138,0.18824655842036,-1.33439771052284
"high",2,139,0.563065787777305,-0.0478551410233538
"high",2,140,0.930882218759507,0.623299646115974
"high",2,141,0.825162616325542,1.2037940926355
"high",2,142,0.553491591010243,-0.800058825388102
"high",2,143,0.446205200394616,0.920476820004583
"high",2,144,0.269337030360475,0.738048453664481
"high",2,145,0.630584522383288,-1.31168331016249
"high",2,146,0.184856567066163,-0.493850314735307
"high",2,147,0.270871007349342,-0.409448220727604
"high",2,148,0.564754801569507,0.72346351265344
"high",2,149,0.809843401657417,-0.279408362275569
"high",2,150,0.307049225317314,1.64466739804863
"high",2,151,0.461410053772852,-0.0973394187771766
"high",2,152,0.825845213141292,0.295098823421225
"high",2,153,0.477422390133142,1.41867399069451
"high",2,154,0.992818293860182,-0.380435490532305
"high",2,155,0.913265011273324,-0.623430523495285
"high",2,156,0.472396385157481,-0.559228018203239
"high",2,157,0.710354282520711,0.493306454027393
"high",2,158,0.869837895501405,-0.277307352690318
"high",2,159,0.557508399244398,-0.207010229455397
"high",2,160,0.722821442876011,0.767627767671459
"high",2,161,0.0411724848672748,-0.954609997059924
"high",2,162,0.937583226710558,-0.186944967909193
"high",2,163,0.350487099029124,1.35171632647024
"high",2,164,0.485003005014732,-0.458576377339741
"high",2,165,0.307994461152703,-0.274054772112749
"high",2,166,0.150589694501832,-0.0469879351744122
"high",2,167,0.568311258917674,0.132640910701193
"high",2,168,0.670834610005841,0.503376911228425
"high",2,169,0.187800514977425,-0.84870490540668
"high",2,170,0.218498432077467,0.0436844115254081
"high",2,171,0.285533258924261,1.11448932111847
"high",2,172,0.887192287947983,0.50171073080308
"high",2,173,0.0456420581322163,-0.0460780608162114
"high",2,174,0.816876572091132,0.719938965737087
"high",2,175,0.559306224109605,0.535801622640469
"high",2,176,0.757933690911159,-0.163846244429079
"high",2,177,0.504686994478106,-0.117889843271385
"high",2,178,0.00578840682283044,-1.95460925823155
"high",2,179,0.772817531367764,0.0205479521735002
"high",2,180,0.874874851899222,0.683781192464344
"high",2,181,0.0765886346343905,-1.94606712837388
"high",2,182,0.662935987813398,0.589787421759823
"high",2,183,0.139314188156277,-1.66101352562154
"high",2,184,0.384479579515755,1.26660391840091
"high",2,185,0.720563090406358,-0.398021822306618
"high",2,186,0.76053885766305,-1.66642748098204
"high",2,187,0.979222346330062,-1.57988498085845
"high",2,188,0.692085418384522,0.0442915694055831
"high",2,189,0.662564588710666,0.00223518108655443
"high",2,190,0.96766555425711,0.13719934124417
"high",2,191,0.235935053555295,-0.319005305738133
"high",2,192,0.51541950320825,1.09504593331086
"high",2,193,0.385104339569807,0.874253112011658
"high",2,194,0.798059644177556,0.39368870620273
"high",2,195,0.656823482597247,-0.164211664712638
"high",2,196,0.511658350937068,-0.831571761639913
"high",2,197,0.192334306892008,-0.963575568705259
"high",2,198,0.195582495769486,-1.36684707037492
"high",2,199,0.255236055934802,-1.01046219846459
"high",2,200,0.526424072217196,0.86285796898335
"high",3,1,0.903500131564215,-0.512342640257343
"high",3,2,0.0737295302096754,-1.46082640154712
"high",3,3,0.647404025075957,-0.767504317098628
"high",3,4,0.394374810857698,-0.857766728842602
"high",3,5,0.665280005661771,-0.511862483430469
"high",3,6,0.439931242726743,-1.30337332815095
"high",3,7,0.432178853079677,-0.0996288231940046
"high",3,8,0.123806527815759,1.41361127137993
"high",3,9,0.314695597393438,0.109193125658928
"high",3,10,0.310965459095314,-1.30384049754717
"high",3,11,0.0246025710366666,0.291299125608506
"high",3,12,0.0711357716936618,-0.0290616951549127
"high",3,13,0.873428395483643,-1.28981806055801
"high",3,14,0.679586726240814,-1.3629539119588
"high",3,15,0.243687809910625,0.741425266817241
"high",3,16,0.476131434319541,-0.455029679982188
"high",3,17,0.611539045814425,-1.09396952705914
"high",3,18,0.911583858076483,-0.0300397167496768
"high",3,19,0.500558889238164,1.19449888014967
"high",3,20,0.131021652137861,0.332517463910331
"high",3,21,0.0128166198264807,2.04460065884574
"high",3,22,0.864216822898015,-2.09074236679941
"high",3,23,0.429438131628558,-0.690870952700481
"high",3,24,0.946926761884242,0.725308783151598
"high",3,25,0.0178845783229917,1.43967368293471
"high",3,26,0.174710590625182,0.683322597786106
"high",3,27,0.422318321885541,-1.71722713197208
"high",3,28,0.889926639618352,1.84878469925577
"high",3,29,0.779054647311568,-0.921915675483682
"high",3,30,0.330489704152569,1.00265644099704
"high",3,31,0.164855317445472,0.435788429628678
"high",3,32,0.0754103111103177,0.728594854283068
"high",3,33,0.480099847307429,-0.984917412624336
"high",3,34,0.77464415715076,0.398287096478301
"high",3,35,0.0909332036972046,-0.165350932633427
"high",3,36,0.980333017418161,-0.386671222325441
"high",3,37,0.707235172158107,-0.257355902450592
"high",3,38,0.446625563781708,0.0429589495771347
"high",3,39,0.0772754931822419,1.02784364020479
"high",3,40,0.610378582496196,-1.33209202071888
"high",3,41,0.555445599602535,-1.22583643860861
"high",3,42,0.643194607459009,-0.430257322084501
"high",3,43,0.445566295646131,0.450084396730042
"high",3,44,0.543234105454758,-1.53577175414752
"high",3,45,0.102913961512968,0.723472960398094
"high",3,46,0.913365927292034,-0.0128909330321272
"high",3,47,0.769463228527457,-0.273456795403405
"high",3,48,0.81414802162908,-0.234309674626823
"high",3,49,0.856761181494221,-0.298768806348581
"high",3,50,0.0611568226013333,0.96355734781867
"high",3,51,0.66486480506137,-0.88111734503613
"high",3,52,0.00623214128427207,1.54413133859383
"high",3,53,0.623007820453495,-1.43595436692134
"high",3,54,0.367332983063534,-2.12064205150469
"high",3,55,0.995593188330531,0.0283480578664554
"high",3,56,0.0198722435161471,0.346007609255555
"high",3,57,0.247433160198852,0.775408027019457
"high",3,58,0.300459172809497,0.278659160953424
"high",3,59,0.0104643425438553,0.808871330083336
"high",3,60,0.423394800629467,1.05020136866477
"high",3,61,0.705896220868453,0.0275159247811416
"high",3,62,0.88202562276274,-1.13966990497452
"high",3,63,0.650901685003191,-0.956405240662537
"high",3,64,0.623086689505726,-0.579963932400638
"high",3,65,0.408870331710204,-0.0647687164442788
"high",3,66,0.0182726909406483,-0.821810857920967
"high",3,67,0.339150868123397,-1.53841370558366
"high",3,68,0.447254336439073,-0.392785680731912
"high",3,69,0.862877696054056,0.162301481360035
"high",3,70,0.857718245126307,1.55398994880754
"high",3,71,0.575551493791863,-0.0894357726558752
"high",3,72,0.538717028219253,-1.54834541790808
"high",3,73,0.458802619483322,-0.920114295681083
"high",3,74,0.300186887849122,0.0459009147722504
"high",3,75,0.601181256584823,0.37549492176502
"high",3,76,0.37371528102085,0.0855974115205162
"high",3,77,0.48276521707885,-0.509281859928627
"high",3,78,0.0287442470435053,1.19672515955379
"high",3,79,0.573374936589971,-0.804370789068056
"high",3,80,0.578855549683794,1.54176709038572
"high",3,81,0.671312392456457,-0.331375994709178
"high",3,82,0.626662776106969,-0.905202243590817
"high",3,83,0.247881547547877,0.928272355751188
"high",3,84,0.772512391442433,0.337825347566168
"high",3,85,0.361498302780092,-0.535544562648208
"high",3,86,0.253259643446654,-0.926462625970096
"high",3,87,0.224059352418408,0.568227741110582
"high",3,88,0.119104306679219,-0.243884051656865
"high",3,89,0.172067159088328,1.2567699825642
"high",3,90,0.256463045952842,-0.756472599321462
"high",3,91,0.0976099523250014,0.981532138220427
"high",3,92,0.396691844100133,-1.1145122843523
"high",3,93,0.172053403453901,1.80505446237521
"high",3,94,0.907306724693626,0.839609892089704
"high",3,95,0.0357265083584934,0.447449423727493
"high",3,96,0.485762631054968,-1.42191214093257
"high",3,97,0.453948740148917,-0.622596049765127
"high",3,98,0.43378776172176,-0.729309667571905
"high",3,99,0.526334437774494,-1.18617619104563
"high",3,100,0.593673236202449,-2.25555503149491
"high",3,101,0.451658066594973,0.194427216319701
"high",3,102,0.505092775681987,-1.63578241968574
"high",3,103,0.756353015312925,-1.86463673516418
"high",3,104,0.389532587025315,-1.14858706745787
"high",3,105,0.121170388301834,1.50355998928354
"high",3,106,0.0586752679664642,1.42579304679778
"high",3,107,0.940685170236975,-0.764643789323367
"high",3,108,0.774868973065168,1.08188499481239
"high",3,109,0.398069676477462,1.03154950090856
"high",3,110,0.875145908212289,1.24640181754848
"high",3,111,0.275756286922842,0.0141618952841573
"high",3,112,0.80513561097905,0.0732596991641426
"high",3,113,0.754403279861435,-0.635627449387072
"high",3,114,0.57209974876605,1.31855959932052
"high",3,115,0.902822429314256,1.09242853537727
"high",3,116,0.281369257019833,-1.30222370740605
"high",3,117,0.103384442394599,2.40568338168175
"high",3,118,0.201889412710443,-0.814373346285705
"high",3,119,0.579795157071203,-1.44192414709622
"high",3,120,0.398876981576905,0.231170011994149
"high",3,121,0.940946017159149,0.564207717615738
"high",3,122,0.218287196476012,0.453511693115898
"high",3,123,0.729998409980908,0.5090640203569
"high",3,124,0.919712189119309,2.36099568559457
"high",3,125,0.289747401839122,0.420302220755182
"high",3,126,0.25628926884383,-0.107937918646243
"high",3,127,0.862655121134594,-1.25861008726762
"high",3,128,0.944099008105695,1.11182983158348
"high",3,129,0.694682280998677,-0.451881200541084
"high",3,130,0.181897101923823,-0.397354816812728
"high",3,131,0.488571344176307,-0.682960585999723
"high",3,132,0.50896893045865,1.30022920925538
"high",3,133,0.811226812889799,0.729629400945809
"high",3,134,0.576094104908407,-0.419349776252759
"high",3,135,0.0525956875644624,1.49312565195326
"high",3,136,0.336011755978689,-0.158728768636733
"high",3,137,0.651511928997934,-1.3084229192047
"high",3,138,0.18824655842036,-0.132757926701883
"high",3,139,0.563065787777305,-1.52439452427652
"high",3,140,0.930882218759507,1.40995385683371
"high",3,141,0.825162616325542,-2.03825513152236
"high",3,142,0.553491591010243,1.13319472532952
"high",3,143,0.446205200394616,-0.653548129607053
"high",3,144,0.269337030360475,0.291922768569799
"high",3,145,0.630584522383288,-0.627660014380662
"high",3,146,0.184856567066163,-0.274574628579946
"high",3,147,0.270871007349342,-0.0290632637557214
"high",3,148,0.564754801569507,-0.761940382790881
"high",3,149,0.809843401657417,0.118299128753123
"high",3,150,0.307049225317314,0.411006383154268
"high",3,151,0.461410053772852,0.00854139029651702
"high",3,152,0.825845213141292,-0.589382070785437
"high",3,153,0.477422390133142,-1.27040559620031
"high",3,154,0.992818293860182,-0.353165083234077
"high",3,155,0.913265011273324,1.91839063307314
"high",3,156,0.472396385157481,-0.257081908485545
"high",3,157,0.710354282520711,-1.18964937898545
"high",3,158,0.869837895501405,2.97232285913804
"high",3,159,0.557508399244398,-2.61677631967666
"high",3,160,0.722821442876011,-0.334215579686765
"high",3,161,0.0411724848672748,1.03257410376868
"high",3,162,0.937583226710558,0.745769929917327
"high",3,163,0.350487099029124,0.0953548947347393
"high",3,164,0.485003005014732,0.0105234880187267
"high",3,165,0.307994461152703,-1.29929294467634
"high",3,166,0.150589694501832,0.61266473181848
"high",3,167,0.568311258917674,1.35046459911417
"high",3,168,0.670834610005841,-0.96938802637722
"high",3,169,0.187800514977425,1.39045308428731
"high",3,170,0.218498432077467,-0.678328367692316
"high",3,171,0.285533258924261,0.478809074576316
"high",3,172,0.887192287947983,0.671190459157826
"high",3,173,0.0456420581322163,1.14303212009308
"high",3,174,0.816876572091132,0.368715435089636
"high",3,175,0.559306224109605,0.0201879507061467
"high",3,176,0.757933690911159,-1.45895648471337
"high",3,177,0.504686994478106,0.239528166803445
"high",3,178,0.00578840682283044,2.31091786274477
"high",3,179,0.772817531367764,1.06002400298664
"high",3,180,0.874874851899222,1.36736937735963
"high",3,181,0.0765886346343905,1.0126706380873
"high",3,182,0.662935987813398,-2.53396427479696
"high",3,183,0.139314188156277,0.732817282681489
"high",3,184,0.384479579515755,-0.397905305072822
"high",3,185,0.720563090406358,-1.14797889063277
"high",3,186,0.76053885766305,0.260312497184921
"high",3,187,0.979222346330062,1.87523235727557
"high",3,188,0.692085418384522,-1.18085431663987
"high",3,189,0.662564588710666,0.0679122446771386
"high",3,190,0.96766555425711,-0.270819736480837
"high",3,191,0.235935053555295,0.345126142403088
"high",3,192,0.51541950320825,-0.511981343903344
"high",3,193,0.385104339569807,0.308463792865163
"high",3,194,0.798059644177556,-2.23258061841344
"high",3,195,0.656823482597247,0.605132109594219
"high",3,196,0.511658350937068,-0.229730456219245
"high",3,197,0.192334306892008,-0.98840491277264
"high",3,198,0.195582495769486,1.1789339241019
"high",3,199,0.255236055934802,0.143750555626647
"high",3,200,0.526424072217196,0.179666085428089
