"P","noise","replication","method","initialization","rho","converged","warning_count","numerical_warning"
12,"low",1,"Initial","PCA",0.811794794869872,TRUE,0,FALSE
12,"low",1,"MPCurve","PCA",0.802221114696791,TRUE,0,FALSE
12,"low",1,"PCurve","PCA",0.869785596066559,FALSE,0,FALSE
12,"low",1,"GPLVM","PCA",0.833284332108303,TRUE,1,FALSE
12,"low",1,"BayesianGPLVM","PCA",0.834737868446711,TRUE,2,FALSE
12,"high",1,"Initial","PCA",0.762925073126828,TRUE,0,FALSE
12,"high",1,"MPCurve","PCA",0.711547288682217,TRUE,0,FALSE
12,"high",1,"PCurve","PCA",0.851969744136135,FALSE,0,FALSE
12,"high",1,"GPLVM","PCA",0.783564089102228,TRUE,1,FALSE
12,"high",1,"BayesianGPLVM","PCA",0.826982674566864,TRUE,2,FALSE
12,"low",2,"Initial","PCA",0.814946373659342,TRUE,0,FALSE
12,"low",2,"MPCurve","PCA",0.842458538887,TRUE,0,FALSE
12,"low",2,"PCurve","PCA",0.503049970747298,TRUE,0,FALSE
12,"low",2,"GPLVM","PCA",0.81550438760969,TRUE,1,FALSE
12,"low",2,"BayesianGPLVM","PCA",0.80696017400435,TRUE,2,FALSE
12,"high",2,"Initial","PCA",0.760139503487587,TRUE,0,FALSE
12,"high",2,"MPCurve","PCA",0.839138978474462,TRUE,0,FALSE
12,"high",2,"PCurve","PCA",0.73569752264128,TRUE,0,FALSE
12,"high",2,"GPLVM","PCA",0.753377334433361,TRUE,1,FALSE
12,"high",2,"BayesianGPLVM","PCA",0.726381159528988,TRUE,2,FALSE
12,"low",3,"Initial","PCA",0.0992184804620116,TRUE,0,FALSE
12,"low",3,"MPCurve","PCA",0.126941471139839,TRUE,0,FALSE
12,"low",3,"PCurve","PCA",0.193336348427204,FALSE,0,FALSE
12,"low",3,"GPLVM","PCA",0.145919147978699,TRUE,1,FALSE
12,"low",3,"BayesianGPLVM","PCA",0.176188404710118,TRUE,2,FALSE
12,"high",3,"Initial","PCA",0.0140028500712518,TRUE,0,FALSE
12,"high",3,"MPCurve","PCA",0.136155403885097,TRUE,0,FALSE
12,"high",3,"PCurve","PCA",0.152913178426264,TRUE,0,FALSE
12,"high",3,"GPLVM","PCA",0.145493137328433,TRUE,1,FALSE
12,"high",3,"BayesianGPLVM","PCA",0.149751743793595,TRUE,2,FALSE
12,"low",4,"Initial","PCA",0.668685217130428,TRUE,0,FALSE
12,"low",4,"MPCurve","PCA",0.691101286695199,TRUE,0,FALSE
12,"low",4,"PCurve","PCA",0.699869585783324,TRUE,0,FALSE
12,"low",4,"GPLVM","PCA",0.689604740118503,TRUE,1,FALSE
12,"low",4,"BayesianGPLVM","PCA",0.674397359933998,TRUE,2,FALSE
12,"high",4,"Initial","PCA",0.669258231455786,TRUE,0,FALSE
12,"high",4,"MPCurve","PCA",0.792312307807695,TRUE,0,FALSE
12,"high",4,"PCurve","PCA",0.0958601481369226,TRUE,0,FALSE
12,"high",4,"GPLVM","PCA",0.713629340733518,TRUE,1,FALSE
12,"high",4,"BayesianGPLVM","PCA",0.754791869796745,TRUE,2,FALSE
12,"low",5,"Initial","PCA",0.746088652216305,TRUE,0,FALSE
12,"low",5,"MPCurve","PCA",0.805156700195743,TRUE,0,FALSE
12,"low",5,"PCurve","PCA",0.869813370371267,TRUE,0,FALSE
12,"low",5,"GPLVM","PCA",0.860679516987925,TRUE,1,FALSE
12,"low",5,"BayesianGPLVM","PCA",0.891131778294457,TRUE,2,FALSE
12,"high",5,"Initial","PCA",0.693900847521188,TRUE,0,FALSE
12,"high",5,"MPCurve","PCA",0.721110027750694,TRUE,0,FALSE
12,"high",5,"PCurve","PCA",0.88922175153795,TRUE,0,FALSE
12,"high",5,"GPLVM","PCA",0.803252081302033,TRUE,1,FALSE
12,"high",5,"BayesianGPLVM","PCA",0.82564764119103,TRUE,2,FALSE
12,"low",6,"Initial","PCA",0.539911497787445,TRUE,0,FALSE
12,"low",6,"MPCurve","PCA",0.467170880028846,TRUE,0,FALSE
12,"low",6,"PCurve","PCA",0.269521324682497,TRUE,0,FALSE
12,"low",6,"GPLVM","PCA",0.628763219080477,TRUE,1,FALSE
12,"low",6,"BayesianGPLVM","PCA",0.663972099302483,TRUE,2,FALSE
12,"high",6,"Initial","PCA",0.532913822845571,TRUE,0,FALSE
12,"high",6,"MPCurve","PCA",0.524174604365109,TRUE,0,FALSE
12,"high",6,"PCurve","PCA",0.695165214629138,TRUE,0,FALSE
12,"high",6,"GPLVM","PCA",0.641233030825771,TRUE,1,FALSE
12,"high",6,"BayesianGPLVM","PCA",0.689978249456237,TRUE,2,FALSE
12,"low",7,"Initial","PCA",0.806187654691367,TRUE,0,FALSE
12,"low",7,"MPCurve","PCA",0.805052730108027,TRUE,0,FALSE
12,"low",7,"PCurve","PCA",0.730789194103742,TRUE,0,FALSE
12,"low",7,"GPLVM","PCA",0.853528838220956,TRUE,1,FALSE
12,"low",7,"BayesianGPLVM","PCA",0.787033675841896,TRUE,2,FALSE
12,"high",7,"Initial","PCA",0.7716792919823,TRUE,0,FALSE
12,"high",7,"MPCurve","PCA",0.700001500037501,TRUE,0,FALSE
12,"high",7,"PCurve","PCA",0.753774445093814,TRUE,0,FALSE
12,"high",7,"GPLVM","PCA",0.786435160879022,TRUE,1,FALSE
12,"high",7,"BayesianGPLVM","PCA",0.773780844521113,TRUE,2,FALSE
12,"low",8,"Initial","PCA",0.66494412360309,TRUE,0,FALSE
12,"low",8,"MPCurve","PCA",0.686336645458334,TRUE,0,FALSE
12,"low",8,"PCurve","PCA",0.953501504888398,TRUE,0,FALSE
12,"low",8,"GPLVM","PCA",0.716686417160429,TRUE,1,FALSE
12,"low",8,"BayesianGPLVM","PCA",0.722541063526588,TRUE,2,FALSE
12,"high",8,"Initial","PCA",0.638823970599265,TRUE,0,FALSE
12,"high",8,"MPCurve","PCA",0.725706142653566,TRUE,0,FALSE
12,"high",8,"PCurve","PCA",0.828536498617462,TRUE,0,FALSE
12,"high",8,"GPLVM","PCA",0.63596789919748,TRUE,1,FALSE
12,"high",8,"BayesianGPLVM","PCA",0.594050851271282,TRUE,2,FALSE
12,"low",9,"Initial","PCA",0.373530338258457,TRUE,0,FALSE
12,"low",9,"MPCurve","PCA",0.40697517437936,TRUE,0,FALSE
12,"low",9,"PCurve","PCA",0.612010203281664,FALSE,0,FALSE
12,"low",9,"GPLVM","PCA",0.43095927398185,TRUE,1,FALSE
12,"low",9,"BayesianGPLVM","PCA",0.515804395109878,TRUE,2,FALSE
12,"high",9,"Initial","PCA",0.328467711692792,TRUE,0,FALSE
12,"high",9,"MPCurve","PCA",0.574679366984175,TRUE,0,FALSE
12,"high",9,"PCurve","PCA",0.480241818903005,FALSE,0,FALSE
12,"high",9,"GPLVM","PCA",0.409582239555989,TRUE,1,FALSE
12,"high",9,"BayesianGPLVM","PCA",0.422805070126753,TRUE,2,FALSE
12,"low",10,"Initial","PCA",0.451740793519838,TRUE,0,FALSE
12,"low",10,"MPCurve","PCA",0.46600015000375,TRUE,0,FALSE
12,"low",10,"PCurve","PCA",0.387142250110603,TRUE,0,FALSE
12,"low",10,"GPLVM","PCA",0.47780844521113,TRUE,1,FALSE
12,"low",10,"BayesianGPLVM","PCA",0.456819920498013,TRUE,2,FALSE
12,"high",10,"Initial","PCA",0.411176779419486,TRUE,0,FALSE
12,"high",10,"MPCurve","PCA",0.297413935348384,TRUE,0,FALSE
12,"high",10,"PCurve","PCA",0.264345358208025,TRUE,0,FALSE
12,"high",10,"GPLVM","PCA",0.467527188179705,TRUE,1,FALSE
12,"high",10,"BayesianGPLVM","PCA",0.518082952073802,TRUE,2,FALSE
12,"low",11,"Initial","PCA",0.672381309532738,TRUE,0,FALSE
12,"low",11,"MPCurve","PCA",0.736771797585249,TRUE,0,FALSE
12,"low",11,"PCurve","PCA",0.753054813667023,FALSE,0,FALSE
12,"low",11,"GPLVM","PCA",0.702284557113928,TRUE,1,FALSE
12,"low",11,"BayesianGPLVM","PCA",0.712760819020476,TRUE,2,FALSE
12,"high",11,"Initial","PCA",0.568794719867997,TRUE,0,FALSE
12,"high",11,"MPCurve","PCA",0.504321608040201,TRUE,0,FALSE
12,"high",11,"PCurve","PCA",0.413109929362228,TRUE,0,FALSE
12,"high",11,"GPLVM","PCA",0.685256131403285,TRUE,1,FALSE
12,"high",11,"BayesianGPLVM","PCA",0.730182254556364,TRUE,2,FALSE
12,"low",12,"Initial","PCA",0.577701942548564,TRUE,0,FALSE
12,"low",12,"MPCurve","PCA",0.558762302860926,TRUE,0,FALSE
12,"low",12,"PCurve","PCA",0.408944960123144,TRUE,0,FALSE
12,"low",12,"GPLVM","PCA",0.55251181279532,TRUE,1,FALSE
12,"low",12,"BayesianGPLVM","PCA",0.470150753768844,TRUE,2,FALSE
12,"high",12,"Initial","PCA",0.56683117077927,TRUE,0,FALSE
12,"high",12,"MPCurve","PCA",0.55307132678317,TRUE,0,FALSE
12,"high",12,"PCurve","PCA",0.443725297929562,TRUE,0,FALSE
12,"high",12,"GPLVM","PCA",0.565917647941199,TRUE,1,FALSE
12,"high",12,"BayesianGPLVM","PCA",0.542746568664217,TRUE,2,FALSE
12,"low",13,"Initial","PCA",0.0505197629940749,TRUE,0,FALSE
12,"low",13,"MPCurve","PCA",0.0446088819503826,TRUE,0,FALSE
12,"low",13,"PCurve","PCA",0.167649909635746,TRUE,0,FALSE
12,"low",13,"GPLVM","PCA",0.0161284032100803,TRUE,1,FALSE
12,"low",13,"BayesianGPLVM","PCA",0.158171454286357,TRUE,2,FALSE
12,"high",13,"Initial","PCA",0.00475661891547289,TRUE,0,FALSE
12,"high",13,"MPCurve","PCA",0.0911527788194705,TRUE,0,FALSE
12,"high",13,"PCurve","PCA",0.101359761971548,FALSE,0,FALSE
12,"high",13,"GPLVM","PCA",0.000196504912622816,TRUE,1,FALSE
12,"high",13,"BayesianGPLVM","PCA",0.0244746118652966,TRUE,2,FALSE
12,"low",14,"Initial","PCA",0.845098627465687,TRUE,0,FALSE
12,"low",14,"MPCurve","PCA",0.863568622962746,TRUE,0,FALSE
12,"low",14,"PCurve","PCA",0.936050713011952,TRUE,0,FALSE
12,"low",14,"GPLVM","PCA",0.877814445361134,TRUE,1,FALSE
12,"low",14,"BayesianGPLVM","PCA",0.860259506487662,TRUE,2,FALSE
12,"high",14,"Initial","PCA",0.793719342983575,TRUE,0,FALSE
12,"high",14,"MPCurve","PCA",0.87220730518263,TRUE,0,FALSE
12,"high",14,"PCurve","PCA",0.869952075623405,TRUE,0,FALSE
12,"high",14,"GPLVM","PCA",0.84404710117753,TRUE,1,FALSE
12,"high",14,"BayesianGPLVM","PCA",0.860922523063077,TRUE,2,FALSE
12,"low",15,"Initial","PCA",0.511386784669617,TRUE,0,FALSE
12,"low",15,"MPCurve","PCA",0.501707233382779,TRUE,0,FALSE
12,"low",15,"PCurve","PCA",0.440248650813518,FALSE,0,FALSE
12,"low",15,"GPLVM","PCA",0.447530188254706,TRUE,1,FALSE
12,"low",15,"BayesianGPLVM","PCA",0.477796444911123,TRUE,2,FALSE
12,"high",15,"Initial","PCA",0.537404935123378,TRUE,0,FALSE
12,"high",15,"MPCurve","PCA",0.524980124503113,TRUE,0,FALSE
12,"high",15,"PCurve","PCA",0.541835797963538,TRUE,0,FALSE
12,"high",15,"GPLVM","PCA",0.552229805745144,TRUE,1,FALSE
12,"high",15,"BayesianGPLVM","PCA",0.565737643441086,TRUE,2,FALSE
12,"low",16,"Initial","PCA",0.177676441911048,TRUE,0,FALSE
12,"low",16,"MPCurve","PCA",0.100135079494801,TRUE,0,FALSE
12,"low",16,"PCurve","PCA",0.0679508970261348,TRUE,0,FALSE
12,"low",16,"GPLVM","PCA",0.165749643741094,TRUE,1,FALSE
12,"low",16,"BayesianGPLVM","PCA",0.0650236255906398,TRUE,2,FALSE
12,"high",16,"Initial","PCA",0.214830870771769,TRUE,0,FALSE
12,"high",16,"MPCurve","PCA",0.0117452936323408,TRUE,0,FALSE
12,"high",16,"PCurve","PCA",0.0719857374179023,TRUE,0,FALSE
12,"high",16,"GPLVM","PCA",0.210537763444086,TRUE,1,FALSE
12,"high",16,"BayesianGPLVM","PCA",0.1270396759919,TRUE,2,FALSE
12,"low",17,"Initial","PCA",0.228620715517888,TRUE,0,FALSE
12,"low",17,"MPCurve","PCA",0.291801654467003,TRUE,0,FALSE
12,"low",17,"PCurve","PCA",0.224301718383992,FALSE,0,FALSE
12,"low",17,"GPLVM","PCA",0.174884872121803,TRUE,1,FALSE
12,"low",17,"BayesianGPLVM","PCA",0.136545413635341,TRUE,2,FALSE
12,"high",17,"Initial","PCA",0.315690392259807,TRUE,0,FALSE
12,"high",17,"MPCurve","PCA",0.423268581714543,TRUE,0,FALSE
12,"high",17,"PCurve","PCA",0.444891896578401,TRUE,0,FALSE
12,"high",17,"GPLVM","PCA",0.344230105752644,TRUE,1,FALSE
12,"high",17,"BayesianGPLVM","PCA",0.376909922748069,TRUE,2,FALSE
12,"low",18,"Initial","PCA",0.653801845046126,TRUE,0,FALSE
12,"low",18,"MPCurve","PCA",0.629681547875501,TRUE,0,FALSE
12,"low",18,"PCurve","PCA",0.500989750964184,TRUE,0,FALSE
12,"low",18,"GPLVM","PCA",0.634514362859072,TRUE,1,FALSE
12,"low",18,"BayesianGPLVM","PCA",0.604216605415135,TRUE,2,FALSE
12,"high",18,"Initial","PCA",0.663100577514438,TRUE,0,FALSE
12,"high",18,"MPCurve","PCA",0.658454961374034,TRUE,0,FALSE
12,"high",18,"PCurve","PCA",0.508989217624853,FALSE,0,FALSE
12,"high",18,"GPLVM","PCA",0.571833795844896,TRUE,1,FALSE
12,"high",18,"BayesianGPLVM","PCA",0.514359858996475,TRUE,2,FALSE
12,"low",19,"Initial","PCA",0.707965199129978,TRUE,0,FALSE
12,"low",19,"MPCurve","PCA",0.767917394007664,TRUE,0,FALSE
12,"low",19,"PCurve","PCA",0.679735297397236,TRUE,0,FALSE
12,"low",19,"GPLVM","PCA",0.711542788569714,TRUE,1,FALSE
12,"low",19,"BayesianGPLVM","PCA",0.69521638040951,TRUE,2,FALSE
12,"high",19,"Initial","PCA",0.514076351908798,TRUE,0,FALSE
12,"high",19,"MPCurve","PCA",0.502487062176554,TRUE,0,FALSE
12,"high",19,"PCurve","PCA",0.370160779539855,TRUE,0,FALSE
12,"high",19,"GPLVM","PCA",0.45390384759619,TRUE,1,FALSE
12,"high",19,"BayesianGPLVM","PCA",0.0423265581639541,TRUE,2,FALSE
12,"low",20,"Initial","PCA",0.85729543238581,TRUE,0,FALSE
12,"low",20,"MPCurve","PCA",0.871640058221673,TRUE,0,FALSE
12,"low",20,"PCurve","PCA",0.749914501431489,TRUE,0,FALSE
12,"low",20,"GPLVM","PCA",0.860103502587565,TRUE,1,FALSE
12,"low",20,"BayesianGPLVM","PCA",0.871431785794645,FALSE,2,FALSE
12,"high",20,"Initial","PCA",0.79553588839721,TRUE,0,FALSE
12,"high",20,"MPCurve","PCA",0.802089552238806,TRUE,0,FALSE
12,"high",20,"PCurve","PCA",0.830767951328876,FALSE,0,FALSE
12,"high",20,"GPLVM","PCA",0.804126603165079,TRUE,1,FALSE
12,"high",20,"BayesianGPLVM","PCA",0.84342308557714,TRUE,2,FALSE
12,"low",21,"Initial","PCA",0.749577739443486,TRUE,0,FALSE
12,"low",21,"MPCurve","PCA",0.705776203070175,TRUE,0,FALSE
12,"low",21,"PCurve","PCA",0.271358940031956,TRUE,0,FALSE
12,"low",21,"GPLVM","PCA",0.818082952073802,TRUE,1,FALSE
12,"low",21,"BayesianGPLVM","PCA",0.886211655291382,TRUE,2,FALSE
12,"high",21,"Initial","PCA",0.73399984999625,TRUE,0,FALSE
12,"high",21,"MPCurve","PCA",0.818984474611865,TRUE,0,FALSE
12,"high",21,"PCurve","PCA",0.729784019814834,TRUE,0,FALSE
12,"high",21,"GPLVM","PCA",0.772120303007575,TRUE,1,FALSE
12,"high",21,"BayesianGPLVM","PCA",0.816042901072527,TRUE,2,FALSE
12,"low",22,"Initial","PCA",0.73649591239781,TRUE,0,FALSE
12,"low",22,"MPCurve","PCA",0.763151164278,TRUE,0,FALSE
12,"low",22,"PCurve","PCA",0.777752448831867,TRUE,0,FALSE
12,"low",22,"GPLVM","PCA",0.774995874896873,TRUE,1,FALSE
12,"low",22,"BayesianGPLVM","PCA",0.788092702317558,TRUE,2,FALSE
12,"high",22,"Initial","PCA",0.706057151428786,TRUE,0,FALSE
12,"high",22,"MPCurve","PCA",0.819173479336983,TRUE,0,FALSE
12,"high",22,"PCurve","PCA",0.788289535183143,FALSE,0,FALSE
12,"high",22,"GPLVM","PCA",0.790344258606465,TRUE,1,FALSE
12,"high",22,"BayesianGPLVM","PCA",0.762563564089102,TRUE,2,FALSE
12,"low",23,"Initial","PCA",0.677620940523513,TRUE,0,FALSE
12,"low",23,"MPCurve","PCA",0.69972654275417,TRUE,0,FALSE
12,"low",23,"PCurve","PCA",0.53468249343568,TRUE,0,FALSE
12,"low",23,"GPLVM","PCA",0.67113627840696,TRUE,1,FALSE
12,"low",23,"BayesianGPLVM","PCA",0.625010125253131,TRUE,2,FALSE
12,"high",23,"Initial","PCA",0.627189679741994,TRUE,0,FALSE
12,"high",23,"MPCurve","PCA",0.698247956198905,TRUE,0,FALSE
12,"high",23,"PCurve","PCA",0.660983471335875,TRUE,0,FALSE
12,"high",23,"GPLVM","PCA",0.565344633615841,TRUE,1,FALSE
12,"high",23,"BayesianGPLVM","PCA",0.573380334508363,TRUE,2,FALSE
12,"low",24,"Initial","PCA",0.874049351233781,TRUE,0,FALSE
12,"low",24,"MPCurve","PCA",0.909039292765948,TRUE,0,FALSE
12,"low",24,"PCurve","PCA",0.970268733153268,FALSE,0,FALSE
12,"low",24,"GPLVM","PCA",0.941074026850671,TRUE,1,FALSE
12,"low",24,"BayesianGPLVM","PCA",0.949069226730668,TRUE,2,FALSE
12,"high",24,"Initial","PCA",0.838894472361809,TRUE,0,FALSE
12,"high",24,"MPCurve","PCA",0.904672616815421,TRUE,0,FALSE
12,"high",24,"PCurve","PCA",0.840882763869637,FALSE,0,FALSE
12,"high",24,"GPLVM","PCA",0.85086327158179,TRUE,1,FALSE
12,"high",24,"BayesianGPLVM","PCA",0.930617265431636,TRUE,2,FALSE
12,"low",25,"Initial","PCA",0.216186904672617,TRUE,0,FALSE
12,"low",25,"MPCurve","PCA",0.241882728480326,TRUE,0,FALSE
12,"low",25,"PCurve","PCA",0.226668447273223,FALSE,0,FALSE
12,"low",25,"GPLVM","PCA",0.200789019725493,TRUE,1,FALSE
12,"low",25,"BayesianGPLVM","PCA",0.227305182629566,TRUE,2,FALSE
12,"high",25,"Initial","PCA",0.206471161779045,TRUE,0,FALSE
12,"high",25,"MPCurve","PCA",0.21745593639841,TRUE,0,FALSE
12,"high",25,"PCurve","PCA",0.204186192338809,TRUE,0,FALSE
12,"high",25,"GPLVM","PCA",0.15704042601065,TRUE,1,FALSE
12,"high",25,"BayesianGPLVM","PCA",0.226529663241581,TRUE,2,FALSE
12,"low",26,"Initial","PCA",0.419783994599865,TRUE,0,FALSE
12,"low",26,"MPCurve","PCA",0.413998349958749,TRUE,0,FALSE
12,"low",26,"PCurve","PCA",0.517923273348738,FALSE,0,FALSE
12,"low",26,"GPLVM","PCA",0.475064876621916,TRUE,1,FALSE
12,"low",26,"BayesianGPLVM","PCA",0.464024600615015,TRUE,2,FALSE
12,"high",26,"Initial","PCA",0.39758343958599,TRUE,0,FALSE
12,"high",26,"MPCurve","PCA",0.444779119477987,TRUE,0,FALSE
12,"high",26,"PCurve","PCA",0.432282326546336,TRUE,0,FALSE
12,"high",26,"GPLVM","PCA",0.385043126078152,TRUE,1,FALSE
12,"high",26,"BayesianGPLVM","PCA",0.361224030600765,TRUE,2,FALSE
12,"low",27,"Initial","PCA",0.441336533413335,TRUE,0,FALSE
12,"low",27,"MPCurve","PCA",0.416462036244429,TRUE,0,FALSE
12,"low",27,"PCurve","PCA",0.634157167055598,TRUE,0,FALSE
12,"low",27,"GPLVM","PCA",0.435931898297457,TRUE,1,FALSE
12,"low",27,"BayesianGPLVM","PCA",0.50116852921323,TRUE,2,FALSE
12,"high",27,"Initial","PCA",0.435729393234831,TRUE,0,FALSE
12,"high",27,"MPCurve","PCA",0.52878421960549,TRUE,0,FALSE
12,"high",27,"PCurve","PCA",0.461109412905026,TRUE,0,FALSE
12,"high",27,"GPLVM","PCA",0.46724818120453,TRUE,1,FALSE
12,"high",27,"BayesianGPLVM","PCA",0.40257556438911,TRUE,2,FALSE
12,"low",28,"Initial","PCA",0.176537913447836,TRUE,0,FALSE
12,"low",28,"MPCurve","PCA",0.20599591992298,TRUE,0,FALSE
12,"low",28,"PCurve","PCA",0.141609228938705,FALSE,0,FALSE
12,"low",28,"GPLVM","PCA",0.161093527338183,TRUE,1,FALSE
12,"low",28,"BayesianGPLVM","PCA",0.157946448661217,TRUE,2,FALSE
12,"high",28,"Initial","PCA",0.221539038475962,TRUE,0,FALSE
12,"high",28,"MPCurve","PCA",0.0794164854121353,TRUE,0,FALSE
12,"high",28,"PCurve","PCA",0.0699935648108706,FALSE,0,FALSE
12,"high",28,"GPLVM","PCA",0.149048226205655,TRUE,1,FALSE
12,"high",28,"BayesianGPLVM","PCA",0.201972549313733,TRUE,2,FALSE
12,"low",29,"Initial","PCA",0.586855171379285,TRUE,0,FALSE
12,"low",29,"MPCurve","PCA",0.593425896213465,TRUE,0,FALSE
12,"low",29,"PCurve","PCA",0.509172316987562,TRUE,0,FALSE
12,"low",29,"GPLVM","PCA",0.582581564539114,TRUE,1,FALSE
12,"low",29,"BayesianGPLVM","PCA",0.49512037800945,TRUE,2,FALSE
12,"high",29,"Initial","PCA",0.519089477236931,TRUE,0,FALSE
12,"high",29,"MPCurve","PCA",0.546133653341334,TRUE,0,FALSE
12,"high",29,"PCurve","PCA",0.46693217530883,TRUE,0,FALSE
12,"high",29,"GPLVM","PCA",0.531410785269632,TRUE,1,FALSE
12,"high",29,"BayesianGPLVM","PCA",0.47481587039676,TRUE,2,FALSE
12,"low",30,"Initial","PCA",0.245542638565964,TRUE,0,FALSE
12,"low",30,"MPCurve","PCA",0.246523847989155,TRUE,0,FALSE
12,"low",30,"PCurve","PCA",0.999151352194347,TRUE,0,FALSE
12,"low",30,"GPLVM","PCA",0.279993999849996,TRUE,1,FALSE
12,"low",30,"BayesianGPLVM","PCA",0.292229805745144,TRUE,2,FALSE
12,"high",30,"Initial","PCA",0.23076726918173,TRUE,0,FALSE
12,"high",30,"MPCurve","PCA",0.312739818495462,TRUE,0,FALSE
12,"high",30,"PCurve","PCA",0.919934042082961,TRUE,0,FALSE
12,"high",30,"GPLVM","PCA",0.270636765919148,TRUE,1,FALSE
12,"high",30,"BayesianGPLVM","PCA",0.276033900847521,TRUE,2,FALSE
50,"low",1,"Initial","PCA",0.945025125628141,TRUE,0,FALSE
50,"low",1,"MPCurve","PCA",0.947897516455628,TRUE,0,FALSE
50,"low",1,"PCurve","PCA",0.999701478985035,TRUE,0,FALSE
50,"low",1,"GPLVM","PCA",0.990044251106278,TRUE,1,FALSE
50,"low",1,"BayesianGPLVM","PCA",0.991688292207305,TRUE,2,FALSE
50,"high",1,"Initial","PCA",0.921447536188405,TRUE,0,FALSE
50,"high",1,"MPCurve","PCA",0.981071026775669,TRUE,0,FALSE
50,"high",1,"PCurve","PCA",0.996306706953244,TRUE,0,FALSE
50,"high",1,"GPLVM","PCA",0.974218855471387,TRUE,1,FALSE
50,"high",1,"BayesianGPLVM","PCA",0.955790894772369,TRUE,2,FALSE
50,"low",2,"Initial","PCA",0.876762919072977,TRUE,0,FALSE
50,"low",2,"MPCurve","PCA",0.896817236162452,TRUE,0,FALSE
50,"low",2,"PCurve","PCA",0.999649356044275,TRUE,0,FALSE
50,"low",2,"GPLVM","PCA",0.991830795769894,TRUE,1,FALSE
50,"low",2,"BayesianGPLVM","PCA",0.97335933398335,TRUE,2,FALSE
50,"high",2,"Initial","PCA",0.817722943073577,TRUE,0,FALSE
50,"high",2,"MPCurve","PCA",0.894162189365618,TRUE,0,FALSE
50,"high",2,"PCurve","PCA",0.763551852305181,TRUE,0,FALSE
50,"high",2,"GPLVM","PCA",0.813081827045676,TRUE,1,FALSE
50,"high",2,"BayesianGPLVM","PCA",0.912855321383035,TRUE,2,FALSE
50,"low",3,"Initial","PCA",0.595693392334808,TRUE,0,FALSE
50,"low",3,"MPCurve","PCA",0.625086631472838,TRUE,0,FALSE
50,"low",3,"PCurve","PCA",0.284715259461528,TRUE,0,FALSE
50,"low",3,"GPLVM","PCA",0.632910822770569,TRUE,1,FALSE
50,"low",3,"BayesianGPLVM","PCA",0.607623190579765,TRUE,2,FALSE
50,"high",3,"Initial","PCA",0.575093377334433,TRUE,0,FALSE
50,"high",3,"MPCurve","PCA",0.626853671341784,TRUE,0,FALSE
50,"high",3,"PCurve","PCA",0.385064598878296,TRUE,0,FALSE
50,"high",3,"GPLVM","PCA",0.611565289132228,TRUE,1,FALSE
50,"high",3,"BayesianGPLVM","PCA",0.629172729318233,TRUE,2,FALSE
50,"low",4,"Initial","PCA",0.249690242256056,TRUE,0,FALSE
50,"low",4,"MPCurve","PCA",0.280999864638491,TRUE,0,FALSE
50,"low",4,"PCurve","PCA",0.139459818454994,TRUE,0,FALSE
50,"low",4,"GPLVM","PCA",0.260802520063002,TRUE,1,FALSE
50,"low",4,"BayesianGPLVM","PCA",0.206060151503788,TRUE,2,FALSE
50,"high",4,"Initial","PCA",0.19097577439436,TRUE,0,FALSE
50,"high",4,"MPCurve","PCA",0.281197029925748,TRUE,0,FALSE
50,"high",4,"PCurve","PCA",0.00212663893560292,TRUE,0,FALSE
50,"high",4,"GPLVM","PCA",0.182332558313958,TRUE,1,FALSE
50,"high",4,"BayesianGPLVM","PCA",0.139447986199655,TRUE,2,FALSE
50,"low",5,"Initial","PCA",0.909867246681167,TRUE,0,FALSE
50,"low",5,"MPCurve","PCA",0.925802316548854,TRUE,0,FALSE
50,"low",5,"PCurve","PCA",0.999523323507424,FALSE,0,FALSE
50,"low",5,"GPLVM","PCA",0.937271431785795,TRUE,1,FALSE
50,"low",5,"BayesianGPLVM","PCA",0.996252906322658,TRUE,2,FALSE
50,"high",5,"Initial","PCA",0.86967974199355,TRUE,0,FALSE
50,"high",5,"MPCurve","PCA",0.95604325959778,TRUE,0,FALSE
50,"high",5,"PCurve","PCA",0.995283095265281,TRUE,0,FALSE
50,"high",5,"GPLVM","PCA",0.932304807620191,TRUE,1,FALSE
50,"high",5,"BayesianGPLVM","PCA",0.96009600240006,TRUE,2,FALSE
50,"low",6,"Initial","PCA",0.566637665941649,TRUE,0,FALSE
50,"low",6,"MPCurve","PCA",0.568840353798372,TRUE,0,FALSE
50,"low",6,"PCurve","PCA",0.47983665211264,TRUE,0,FALSE
50,"low",6,"GPLVM","PCA",0.577511437785945,TRUE,1,FALSE
50,"low",6,"BayesianGPLVM","PCA",0.556279906997675,TRUE,2,FALSE
50,"high",6,"Initial","PCA",0.535630390759769,TRUE,0,FALSE
50,"high",6,"MPCurve","PCA",0.542253056326408,TRUE,0,FALSE
50,"high",6,"PCurve","PCA",0.841891897286851,TRUE,0,FALSE
50,"high",6,"GPLVM","PCA",0.57244731118278,TRUE,1,FALSE
50,"high",6,"BayesianGPLVM","PCA",0.54260856521413,TRUE,2,FALSE
50,"low",7,"Initial","PCA",0.671865296632416,TRUE,0,FALSE
50,"low",7,"MPCurve","PCA",0.674028255482359,TRUE,0,FALSE
50,"low",7,"PCurve","PCA",0.467351893785312,TRUE,0,FALSE
50,"low",7,"GPLVM","PCA",0.647831695792395,TRUE,1,FALSE
50,"low",7,"BayesianGPLVM","PCA",0.603709592739819,TRUE,2,FALSE
50,"high",7,"Initial","PCA",0.669600240006,TRUE,0,FALSE
50,"high",7,"MPCurve","PCA",0.692736818420461,TRUE,0,FALSE
50,"high",7,"PCurve","PCA",0.601266652149606,TRUE,0,FALSE
50,"high",7,"GPLVM","PCA",0.648091202280057,TRUE,1,FALSE
50,"high",7,"BayesianGPLVM","PCA",0.615660391509788,TRUE,2,FALSE
50,"low",8,"Initial","PCA",0.789417235430886,TRUE,0,FALSE
50,"low",8,"MPCurve","PCA",0.779623077614097,TRUE,0,FALSE
50,"low",8,"PCurve","PCA",0.90218788997415,TRUE,0,FALSE
50,"low",8,"GPLVM","PCA",0.823204080102003,TRUE,1,FALSE
50,"low",8,"BayesianGPLVM","PCA",0.797076426910673,TRUE,2,FALSE
50,"high",8,"Initial","PCA",0.777755943898598,TRUE,0,FALSE
50,"high",8,"MPCurve","PCA",0.826298217317323,TRUE,0,FALSE
50,"high",8,"PCurve","PCA",0.875561865570157,TRUE,0,FALSE
50,"high",8,"GPLVM","PCA",0.86755118877972,TRUE,1,FALSE
50,"high",8,"BayesianGPLVM","PCA",0.937725943148579,TRUE,2,FALSE
50,"low",9,"Initial","PCA",0.868428710717768,TRUE,0,FALSE
50,"low",9,"MPCurve","PCA",0.889764325777867,TRUE,0,FALSE
50,"low",9,"PCurve","PCA",0.999629846860422,TRUE,0,FALSE
50,"low",9,"GPLVM","PCA",0.964254106352659,TRUE,1,FALSE
50,"low",9,"BayesianGPLVM","PCA",0.962656566414161,TRUE,2,FALSE
50,"high",9,"Initial","PCA",0.846967674191855,TRUE,0,FALSE
50,"high",9,"MPCurve","PCA",0.945833645841146,TRUE,0,FALSE
50,"high",9,"PCurve","PCA",0.961464829290648,FALSE,0,FALSE
50,"high",9,"GPLVM","PCA",0.921266031650791,TRUE,1,FALSE
50,"high",9,"BayesianGPLVM","PCA",0.961522538063452,TRUE,2,FALSE
50,"low",10,"Initial","PCA",0.774643366084152,TRUE,0,FALSE
50,"low",10,"MPCurve","PCA",0.772792101011544,TRUE,0,FALSE
50,"low",10,"PCurve","PCA",0.953102504256829,TRUE,0,FALSE
50,"low",10,"GPLVM","PCA",0.829585239630991,TRUE,1,FALSE
50,"low",10,"BayesianGPLVM","PCA",0.95334433360834,FALSE,2,FALSE
50,"high",10,"Initial","PCA",0.749604740118503,TRUE,0,FALSE
50,"high",10,"MPCurve","PCA",0.770528763219081,TRUE,0,FALSE
50,"high",10,"PCurve","PCA",0.951376661945179,TRUE,0,FALSE
50,"high",10,"GPLVM","PCA",0.788212705317633,TRUE,1,FALSE
50,"high",10,"BayesianGPLVM","PCA",0.940708017700443,TRUE,2,FALSE
50,"low",11,"Initial","PCA",0.700487512187805,TRUE,0,FALSE
50,"low",11,"MPCurve","PCA",0.690078293928421,TRUE,0,FALSE
50,"low",11,"PCurve","PCA",0.398525585336271,TRUE,0,FALSE
50,"low",11,"GPLVM","PCA",0.723591089777245,TRUE,1,FALSE
50,"low",11,"BayesianGPLVM","PCA",0.736341408535213,TRUE,2,FALSE
50,"high",11,"Initial","PCA",0.690942773569339,TRUE,0,FALSE
50,"high",11,"MPCurve","PCA",0.703508587714693,TRUE,0,FALSE
50,"high",11,"PCurve","PCA",0.476610155003681,TRUE,0,FALSE
50,"high",11,"GPLVM","PCA",0.742893572339309,TRUE,1,FALSE
50,"high",11,"BayesianGPLVM","PCA",0.734257856446411,TRUE,2,FALSE
50,"low",12,"Initial","PCA",0.29379134478362,TRUE,0,FALSE
50,"low",12,"MPCurve","PCA",0.281703790897216,TRUE,0,FALSE
50,"low",12,"PCurve","PCA",0.091412455936006,TRUE,0,FALSE
50,"low",12,"GPLVM","PCA",0.301420535513388,TRUE,1,FALSE
50,"low",12,"BayesianGPLVM","PCA",0.297014925373134,TRUE,2,FALSE
50,"high",12,"Initial","PCA",0.299497487437186,TRUE,0,FALSE
50,"high",12,"MPCurve","PCA",0.319141978549464,TRUE,0,FALSE
50,"high",12,"PCurve","PCA",0.0507412930672556,TRUE,0,FALSE
50,"high",12,"GPLVM","PCA",0.334772369309233,TRUE,1,FALSE
50,"high",12,"BayesianGPLVM","PCA",0.513035325883147,TRUE,2,FALSE
50,"low",13,"Initial","PCA",0.361458036450911,TRUE,0,FALSE
50,"low",13,"MPCurve","PCA",0.343279352891959,TRUE,0,FALSE
50,"low",13,"PCurve","PCA",0.163399019091565,TRUE,0,FALSE
50,"low",13,"GPLVM","PCA",0.350206255156379,TRUE,1,FALSE
50,"low",13,"BayesianGPLVM","PCA",0.332393309832746,TRUE,2,FALSE
50,"high",13,"Initial","PCA",0.334086852171304,TRUE,0,FALSE
50,"high",13,"MPCurve","PCA",0.380589514737868,TRUE,0,FALSE
50,"high",13,"PCurve","PCA",0.238313645839738,TRUE,0,FALSE
50,"high",13,"GPLVM","PCA",0.246811670291757,TRUE,1,FALSE
50,"high",13,"BayesianGPLVM","PCA",0.248116702917573,TRUE,2,FALSE
50,"low",14,"Initial","PCA",0.767393684842121,TRUE,0,FALSE
50,"low",14,"MPCurve","PCA",0.791857745942377,TRUE,0,FALSE
50,"low",14,"PCurve","PCA",0.766617156656436,TRUE,0,FALSE
50,"low",14,"GPLVM","PCA",0.770135753393835,TRUE,1,FALSE
50,"low",14,"BayesianGPLVM","PCA",0.81159978999475,TRUE,2,FALSE
50,"high",14,"Initial","PCA",0.769229730743269,TRUE,0,FALSE
50,"high",14,"MPCurve","PCA",0.818883836259014,TRUE,0,FALSE
50,"high",14,"PCurve","PCA",0.772427488785921,TRUE,0,FALSE
50,"high",14,"GPLVM","PCA",0.775862896572414,TRUE,1,FALSE
50,"high",14,"BayesianGPLVM","PCA",0.798688967224181,TRUE,2,FALSE
50,"low",15,"Initial","PCA",0.683589589739744,TRUE,0,FALSE
50,"low",15,"MPCurve","PCA",0.684152004220175,TRUE,0,FALSE
50,"low",15,"PCurve","PCA",0.436027184650445,TRUE,0,FALSE
50,"low",15,"GPLVM","PCA",0.693515337883447,TRUE,1,FALSE
50,"low",15,"BayesianGPLVM","PCA",0.713150828770719,TRUE,2,FALSE
50,"high",15,"Initial","PCA",0.683435085877147,TRUE,0,FALSE
50,"high",15,"MPCurve","PCA",0.709519648694889,TRUE,0,FALSE
50,"high",15,"PCurve","PCA",0.454876746152838,TRUE,0,FALSE
50,"high",15,"GPLVM","PCA",0.70358358958974,TRUE,1,FALSE
50,"high",15,"BayesianGPLVM","PCA",0.707620190504763,TRUE,2,FALSE
50,"low",16,"Initial","PCA",0.700424510612765,TRUE,0,FALSE
50,"low",16,"MPCurve","PCA",0.72635616168908,TRUE,0,FALSE
50,"low",16,"PCurve","PCA",0.500259661103716,TRUE,0,FALSE
50,"low",16,"GPLVM","PCA",0.688817220430511,TRUE,1,FALSE
50,"low",16,"BayesianGPLVM","PCA",0.684842121053026,TRUE,2,FALSE
50,"high",16,"Initial","PCA",0.706801170029251,TRUE,0,FALSE
50,"high",16,"MPCurve","PCA",0.704486612165304,TRUE,0,FALSE
50,"high",16,"PCurve","PCA",0.500952441429683,TRUE,0,FALSE
50,"high",16,"GPLVM","PCA",0.68563264081602,TRUE,1,FALSE
50,"high",16,"BayesianGPLVM","PCA",0.676650416260407,TRUE,2,FALSE
50,"low",17,"Initial","PCA",0.765863646591165,TRUE,0,FALSE
50,"low",17,"MPCurve","PCA",0.785143097569328,TRUE,0,FALSE
50,"low",17,"PCurve","PCA",0.999464394720847,TRUE,0,FALSE
50,"low",17,"GPLVM","PCA",0.785785644641116,TRUE,1,FALSE
50,"low",17,"BayesianGPLVM","PCA",0.793995349883747,TRUE,2,FALSE
50,"high",17,"Initial","PCA",0.738093452336309,TRUE,0,FALSE
50,"high",17,"MPCurve","PCA",0.717631131900088,TRUE,0,FALSE
50,"high",17,"PCurve","PCA",0.996219641850971,TRUE,0,FALSE
50,"high",17,"GPLVM","PCA",0.791976299407485,TRUE,1,FALSE
50,"high",17,"BayesianGPLVM","PCA",0.682412060301508,TRUE,2,FALSE
50,"low",18,"Initial","PCA",0.640258006450161,TRUE,0,FALSE
50,"low",18,"MPCurve","PCA",0.672736977284528,TRUE,0,FALSE
50,"low",18,"PCurve","PCA",0.174126677589357,TRUE,0,FALSE
50,"low",18,"GPLVM","PCA",0.674886372159304,TRUE,1,FALSE
50,"low",18,"BayesianGPLVM","PCA",0.771844296107403,TRUE,2,FALSE
50,"high",18,"Initial","PCA",0.657245931148279,TRUE,0,FALSE
50,"high",18,"MPCurve","PCA",0.746430660766519,TRUE,0,FALSE
50,"high",18,"PCurve","PCA",0.781670352411067,TRUE,0,FALSE
50,"high",18,"GPLVM","PCA",0.777830945773644,TRUE,1,FALSE
50,"high",18,"BayesianGPLVM","PCA",0.784713117827946,TRUE,2,FALSE
50,"low",19,"Initial","PCA",0.696597914947874,TRUE,0,FALSE
50,"low",19,"MPCurve","PCA",0.696462648507364,TRUE,0,FALSE
50,"low",19,"PCurve","PCA",0.49158415132051,TRUE,0,FALSE
50,"low",19,"GPLVM","PCA",0.682412060301508,TRUE,1,FALSE
50,"low",19,"BayesianGPLVM","PCA",0.671314782869572,TRUE,2,FALSE
50,"high",19,"Initial","PCA",0.686477161929048,TRUE,0,FALSE
50,"high",19,"MPCurve","PCA",0.633926348158704,TRUE,0,FALSE
50,"high",19,"PCurve","PCA",0.484709076663731,TRUE,0,FALSE
50,"high",19,"GPLVM","PCA",0.64956723918098,TRUE,1,FALSE
50,"high",19,"BayesianGPLVM","PCA",0.652652816320408,TRUE,2,FALSE
50,"low",20,"Initial","PCA",0.697379434485862,TRUE,0,FALSE
50,"low",20,"MPCurve","PCA",0.722051762331065,TRUE,0,FALSE
50,"low",20,"PCurve","PCA",0.586106375134091,FALSE,0,FALSE
50,"low",20,"GPLVM","PCA",0.67975999399985,TRUE,1,FALSE
50,"low",20,"BayesianGPLVM","PCA",0.665235130878272,TRUE,2,FALSE
50,"high",20,"Initial","PCA",0.707554188854721,TRUE,0,FALSE
50,"high",20,"MPCurve","PCA",0.744755118877972,TRUE,0,FALSE
50,"high",20,"PCurve","PCA",0.50366770137482,TRUE,0,FALSE
50,"high",20,"GPLVM","PCA",0.649763744093602,TRUE,1,FALSE
50,"high",20,"BayesianGPLVM","PCA",0.554019350483762,TRUE,2,FALSE
50,"low",21,"Initial","PCA",0.728538213455336,TRUE,0,FALSE
50,"low",21,"MPCurve","PCA",0.740847189017563,TRUE,0,FALSE
50,"low",21,"PCurve","PCA",0.151830486703419,TRUE,0,FALSE
50,"low",21,"GPLVM","PCA",0.718034950873772,TRUE,1,FALSE
50,"low",21,"BayesianGPLVM","PCA",0.780474011850296,TRUE,2,FALSE
50,"high",21,"Initial","PCA",0.75614340358509,TRUE,0,FALSE
50,"high",21,"MPCurve","PCA",0.75419185479637,TRUE,0,FALSE
50,"high",21,"PCurve","PCA",0.926577645171976,TRUE,0,FALSE
50,"high",21,"GPLVM","PCA",0.783241581039526,TRUE,1,FALSE
50,"high",21,"BayesianGPLVM","PCA",0.890785269631741,TRUE,2,FALSE
50,"low",22,"Initial","PCA",0.663511587789695,TRUE,0,FALSE
50,"low",22,"MPCurve","PCA",0.673511161933332,TRUE,0,FALSE
50,"low",22,"PCurve","PCA",0.649633950999081,TRUE,0,FALSE
50,"low",22,"GPLVM","PCA",0.657902947573689,TRUE,1,FALSE
50,"low",22,"BayesianGPLVM","PCA",0.609828245706143,TRUE,2,FALSE
50,"high",22,"Initial","PCA",0.67134478361959,TRUE,0,FALSE
50,"high",22,"MPCurve","PCA",0.69540838520963,TRUE,0,FALSE
50,"high",22,"PCurve","PCA",0.535098446875273,TRUE,0,FALSE
50,"high",22,"GPLVM","PCA",0.683867096677417,TRUE,1,FALSE
50,"high",22,"BayesianGPLVM","PCA",0.646510162754069,TRUE,2,FALSE
50,"low",23,"Initial","PCA",0.70732768319208,TRUE,0,FALSE
50,"low",23,"MPCurve","PCA",0.688045941138991,TRUE,0,FALSE
50,"low",23,"PCurve","PCA",0.468669207652534,FALSE,0,FALSE
50,"low",23,"GPLVM","PCA",0.659902497562439,TRUE,1,FALSE
50,"low",23,"BayesianGPLVM","PCA",0.652969324233106,TRUE,2,FALSE
50,"high",23,"Initial","PCA",0.703960099002475,TRUE,0,FALSE
50,"high",23,"MPCurve","PCA",0.690960774019351,TRUE,0,FALSE
50,"high",23,"PCurve","PCA",0.45960007022369,FALSE,0,FALSE
50,"high",23,"GPLVM","PCA",0.679992499812495,TRUE,1,FALSE
50,"high",23,"BayesianGPLVM","PCA",0.677637440936024,TRUE,2,FALSE
50,"low",24,"Initial","PCA",0.874059851496288,TRUE,0,FALSE
50,"low",24,"MPCurve","PCA",0.861510688079494,TRUE,0,FALSE
50,"low",24,"PCurve","PCA",0.999766357932753,TRUE,0,FALSE
50,"low",24,"GPLVM","PCA",0.902193054826371,TRUE,1,FALSE
50,"low",24,"BayesianGPLVM","PCA",0.826730668266707,TRUE,2,FALSE
50,"high",24,"Initial","PCA",0.870660766519163,TRUE,0,FALSE
50,"high",24,"MPCurve","PCA",0.891881797044926,TRUE,0,FALSE
50,"high",24,"PCurve","PCA",0.997509385089175,TRUE,0,FALSE
50,"high",24,"GPLVM","PCA",0.961017025425636,TRUE,1,FALSE
50,"high",24,"BayesianGPLVM","PCA",0.976171904297608,TRUE,2,FALSE
50,"low",25,"Initial","PCA",0.581288532213305,TRUE,0,FALSE
50,"low",25,"MPCurve","PCA",0.603046991769254,TRUE,0,FALSE
50,"low",25,"PCurve","PCA",0.999655726465272,TRUE,0,FALSE
50,"low",25,"GPLVM","PCA",0.664777619440486,TRUE,1,FALSE
50,"low",25,"BayesianGPLVM","PCA",0.650590264756619,TRUE,2,FALSE
50,"high",25,"Initial","PCA",0.584342608565214,TRUE,0,FALSE
50,"high",25,"MPCurve","PCA",0.698610965274132,TRUE,0,FALSE
50,"high",25,"PCurve","PCA",0.996679411011545,TRUE,0,FALSE
50,"high",25,"GPLVM","PCA",0.699107477686942,TRUE,1,FALSE
50,"high",25,"BayesianGPLVM","PCA",0.585491637290932,TRUE,2,FALSE
50,"low",26,"Initial","PCA",0.699477986949674,TRUE,0,FALSE
50,"low",26,"MPCurve","PCA",0.714518153512476,TRUE,0,FALSE
50,"low",26,"PCurve","PCA",0.227079829094433,TRUE,0,FALSE
50,"low",26,"GPLVM","PCA",0.737307432685817,TRUE,1,FALSE
50,"low",26,"BayesianGPLVM","PCA",0.749751743793595,TRUE,2,FALSE
50,"high",26,"Initial","PCA",0.698244956123903,TRUE,0,FALSE
50,"high",26,"MPCurve","PCA",0.746643666091652,TRUE,0,FALSE
50,"high",26,"PCurve","PCA",0.205251814585922,TRUE,0,FALSE
50,"high",26,"GPLVM","PCA",0.726394659866497,TRUE,1,FALSE
50,"high",26,"BayesianGPLVM","PCA",0.770723768094203,TRUE,2,FALSE
50,"low",27,"Initial","PCA",0.63315232880822,TRUE,0,FALSE
50,"low",27,"MPCurve","PCA",0.614871199543072,TRUE,0,FALSE
50,"low",27,"PCurve","PCA",0.618948574433848,TRUE,0,FALSE
50,"low",27,"GPLVM","PCA",0.668563714092852,TRUE,1,FALSE
50,"low",27,"BayesianGPLVM","PCA",0.641671041776045,TRUE,2,FALSE
50,"high",27,"Initial","PCA",0.567495687392185,TRUE,0,FALSE
50,"high",27,"MPCurve","PCA",0.610852771319283,TRUE,0,FALSE
50,"high",27,"PCurve","PCA",0.503261734858169,FALSE,0,FALSE
50,"high",27,"GPLVM","PCA",0.572691817295432,TRUE,1,FALSE
50,"high",27,"BayesianGPLVM","PCA",0.511008775219381,TRUE,2,FALSE
50,"low",28,"Initial","PCA",0.408898222455561,TRUE,0,FALSE
50,"low",28,"MPCurve","PCA",0.367100377562244,TRUE,0,FALSE
50,"low",28,"PCurve","PCA",0.177991794599053,FALSE,0,FALSE
50,"low",28,"GPLVM","PCA",0.355390384759619,TRUE,1,FALSE
50,"low",28,"BayesianGPLVM","PCA",0.373543838595965,TRUE,2,FALSE
50,"high",28,"Initial","PCA",0.429106727668192,TRUE,0,FALSE
50,"high",28,"MPCurve","PCA",0.480601515037876,TRUE,0,FALSE
50,"high",28,"PCurve","PCA",0.223639696682166,FALSE,0,FALSE
50,"high",28,"GPLVM","PCA",0.360040501012525,TRUE,1,FALSE
50,"high",28,"BayesianGPLVM","PCA",0.369417235430886,TRUE,2,FALSE
50,"low",29,"Initial","PCA",0.700267006675167,TRUE,0,FALSE
50,"low",29,"MPCurve","PCA",0.710138676350704,TRUE,0,FALSE
50,"low",29,"PCurve","PCA",0.999731486401714,TRUE,0,FALSE
50,"low",29,"GPLVM","PCA",0.773518337958449,TRUE,1,FALSE
50,"low",29,"BayesianGPLVM","PCA",0.860906022650566,TRUE,2,FALSE
50,"high",29,"Initial","PCA",0.717437935948399,TRUE,0,FALSE
50,"high",29,"MPCurve","PCA",0.769043664575637,TRUE,0,FALSE
50,"high",29,"PCurve","PCA",0.996919236947666,TRUE,0,FALSE
50,"high",29,"GPLVM","PCA",0.77222380559514,TRUE,1,FALSE
50,"high",29,"BayesianGPLVM","PCA",0.710396759918998,TRUE,2,FALSE
50,"low",30,"Initial","PCA",0.203966099152479,TRUE,0,FALSE
50,"low",30,"MPCurve","PCA",0.221643084439566,TRUE,0,FALSE
50,"low",30,"PCurve","PCA",0.339114120991328,TRUE,0,FALSE
50,"low",30,"GPLVM","PCA",0.235289882247056,TRUE,1,FALSE
50,"low",30,"BayesianGPLVM","PCA",0.26756768919223,TRUE,2,FALSE
50,"high",30,"Initial","PCA",0.205364134103353,TRUE,0,FALSE
50,"high",30,"MPCurve","PCA",0.147059176479412,TRUE,0,FALSE
50,"high",30,"PCurve","PCA",0.29032780246433,TRUE,0,FALSE
50,"high",30,"GPLVM","PCA",0.249592739818496,TRUE,1,FALSE
50,"high",30,"BayesianGPLVM","PCA",0.33422335558389,TRUE,2,FALSE
12,"low",1,"Initial","Isomap",0.86955223880597,TRUE,0,FALSE
12,"low",1,"MPCurve","Isomap",0.859072574372399,TRUE,0,FALSE
12,"low",1,"PCurve","Isomap",0.869785596066559,TRUE,0,FALSE
12,"low",1,"GPLVM","Isomap",0.802125553138828,TRUE,1,FALSE
12,"low",1,"BayesianGPLVM","Isomap",0.833146328658217,TRUE,2,FALSE
12,"high",1,"Initial","Isomap",0.813249831245781,TRUE,0,FALSE
12,"high",1,"MPCurve","Isomap",0.898450461261532,TRUE,0,FALSE
12,"high",1,"PCurve","Isomap",0.8560231269587,TRUE,0,FALSE
12,"high",1,"GPLVM","Isomap",0.774125853146329,TRUE,1,FALSE
12,"high",1,"BayesianGPLVM","Isomap",0.827009675241881,TRUE,2,FALSE
12,"low",2,"Initial","Isomap",0.998547963699093,TRUE,0,FALSE
12,"low",2,"MPCurve","Isomap",0.998787969699243,TRUE,0,FALSE
12,"low",2,"PCurve","Isomap",0.998444632579226,TRUE,0,FALSE
12,"low",2,"GPLVM","Isomap",0.998903472586815,TRUE,1,FALSE
12,"low",2,"BayesianGPLVM","Isomap",0.998885472136804,TRUE,2,FALSE
12,"high",2,"Initial","Isomap",0.85625590639766,TRUE,0,FALSE
12,"high",2,"MPCurve","Isomap",0.90596714917873,TRUE,0,FALSE
12,"high",2,"PCurve","Isomap",0.975522149441063,TRUE,0,FALSE
12,"high",2,"GPLVM","Isomap",0.840915022875572,TRUE,1,FALSE
12,"high",2,"BayesianGPLVM","Isomap",0.86198454961374,TRUE,2,FALSE
12,"low",3,"Initial","Isomap",0.785004125103128,TRUE,0,FALSE
12,"low",3,"MPCurve","Isomap",0.798765469136729,TRUE,0,FALSE
12,"low",3,"PCurve","Isomap",0.622716221815102,TRUE,0,FALSE
12,"low",3,"GPLVM","Isomap",0.787353183829596,TRUE,1,FALSE
12,"low",3,"BayesianGPLVM","Isomap",0.613494337358434,TRUE,2,FALSE
12,"high",3,"Initial","Isomap",0.218811970299258,TRUE,0,FALSE
12,"high",3,"MPCurve","Isomap",0.344233105827646,TRUE,0,FALSE
12,"high",3,"PCurve","Isomap",0.36021639655096,TRUE,0,FALSE
12,"high",3,"GPLVM","Isomap",0.26204755118878,TRUE,1,FALSE
12,"high",3,"BayesianGPLVM","Isomap",0.272676816920423,TRUE,2,FALSE
12,"low",4,"Initial","Isomap",0.997047926198155,TRUE,0,FALSE
12,"low",4,"MPCurve","Isomap",0.996939547341084,TRUE,0,FALSE
12,"low",4,"PCurve","Isomap",0.995163590857007,TRUE,0,FALSE
12,"low",4,"GPLVM","Isomap",0.996954923873097,TRUE,1,FALSE
12,"low",4,"BayesianGPLVM","Isomap",0.997197929948249,TRUE,2,FALSE
12,"high",4,"Initial","Isomap",0.716330908272707,TRUE,0,FALSE
12,"high",4,"MPCurve","Isomap",0.682137553438836,TRUE,0,FALSE
12,"high",4,"PCurve","Isomap",0.0958625060477229,TRUE,0,FALSE
12,"high",4,"GPLVM","Isomap",0.748509712742819,TRUE,1,FALSE
12,"high",4,"BayesianGPLVM","Isomap",0.796581414535363,TRUE,2,FALSE
12,"low",5,"Initial","Isomap",0.867771694292357,TRUE,0,FALSE
12,"low",5,"MPCurve","Isomap",0.875443746029628,TRUE,0,FALSE
12,"low",5,"PCurve","Isomap",0.869813370371267,TRUE,0,FALSE
12,"low",5,"GPLVM","Isomap",0.890060751518788,TRUE,1,FALSE
12,"low",5,"BayesianGPLVM","Isomap",0.918474461861547,TRUE,2,FALSE
12,"high",5,"Initial","Isomap",0.72609615240381,TRUE,0,FALSE
12,"high",5,"MPCurve","Isomap",0.863058576464412,TRUE,0,FALSE
12,"high",5,"PCurve","Isomap",0.88928100648584,TRUE,0,FALSE
12,"high",5,"GPLVM","Isomap",0.811571289282232,TRUE,1,FALSE
12,"high",5,"BayesianGPLVM","Isomap",0.825625140628516,TRUE,2,FALSE
12,"low",6,"Initial","Isomap",0.678388959723993,TRUE,0,FALSE
12,"low",6,"MPCurve","Isomap",0.710355516818804,TRUE,0,FALSE
12,"low",6,"PCurve","Isomap",0.80209153394682,FALSE,0,FALSE
12,"low",6,"GPLVM","Isomap",0.721362034050851,TRUE,1,FALSE
12,"low",6,"BayesianGPLVM","Isomap",0.722253056326408,TRUE,2,FALSE
12,"high",6,"Initial","Isomap",0.541819545488637,TRUE,0,FALSE
12,"high",6,"MPCurve","Isomap",0.646313657841446,TRUE,0,FALSE
12,"high",6,"PCurve","Isomap",0.672113198819242,FALSE,0,FALSE
12,"high",6,"GPLVM","Isomap",0.624425110627766,TRUE,1,FALSE
12,"high",6,"BayesianGPLVM","Isomap",0.674494862371559,TRUE,2,FALSE
12,"low",7,"Initial","Isomap",0.915606390159754,TRUE,0,FALSE
12,"low",7,"MPCurve","Isomap",0.909375166410791,TRUE,0,FALSE
12,"low",7,"PCurve","Isomap",0.893734153382419,FALSE,0,FALSE
12,"low",7,"GPLVM","Isomap",0.897073426835671,TRUE,1,FALSE
12,"low",7,"BayesianGPLVM","Isomap",0.903213080327008,TRUE,2,FALSE
12,"high",7,"Initial","Isomap",0.826469661741544,TRUE,0,FALSE
12,"high",7,"MPCurve","Isomap",0.838091952298808,TRUE,0,FALSE
12,"high",7,"PCurve","Isomap",0.846930896468933,FALSE,0,FALSE
12,"high",7,"GPLVM","Isomap",0.841521038025951,TRUE,1,FALSE
12,"high",7,"BayesianGPLVM","Isomap",0.859899497487437,TRUE,2,FALSE
12,"low",8,"Initial","Isomap",0.701785044626116,TRUE,0,FALSE
12,"low",8,"MPCurve","Isomap",0.713905989370915,TRUE,0,FALSE
12,"low",8,"PCurve","Isomap",0.953501504888398,TRUE,0,FALSE
12,"low",8,"GPLVM","Isomap",0.686817670441761,TRUE,1,FALSE
12,"low",8,"BayesianGPLVM","Isomap",0.723877596939924,TRUE,2,FALSE
12,"high",8,"Initial","Isomap",0.64039900997525,TRUE,0,FALSE
12,"high",8,"MPCurve","Isomap",0.736222905572639,TRUE,0,FALSE
12,"high",8,"PCurve","Isomap",0.828410493104699,TRUE,0,FALSE
12,"high",8,"GPLVM","Isomap",0.63851196279907,TRUE,1,FALSE
12,"high",8,"BayesianGPLVM","Isomap",0.594097352433811,TRUE,2,FALSE
12,"low",9,"Initial","Isomap",0.866840171004275,TRUE,0,FALSE
12,"low",9,"MPCurve","Isomap",0.868292335358039,TRUE,0,FALSE
12,"low",9,"PCurve","Isomap",0.998570796318533,TRUE,0,FALSE
12,"low",9,"GPLVM","Isomap",0.800141003525088,TRUE,1,FALSE
12,"low",9,"BayesianGPLVM","Isomap",0.753245331133278,TRUE,2,FALSE
12,"high",9,"Initial","Isomap",0.397559438985975,TRUE,0,FALSE
12,"high",9,"MPCurve","Isomap",0.523219080477012,TRUE,0,FALSE
12,"high",9,"PCurve","Isomap",0.492939803953629,TRUE,0,FALSE
12,"high",9,"GPLVM","Isomap",0.418061951548789,TRUE,1,FALSE
12,"high",9,"BayesianGPLVM","Isomap",0.432483312082802,TRUE,2,FALSE
12,"low",10,"Initial","Isomap",0.727770194254856,TRUE,0,FALSE
12,"low",10,"MPCurve","Isomap",0.741287703811953,TRUE,0,FALSE
12,"low",10,"PCurve","Isomap",0.155915823790148,TRUE,0,FALSE
12,"low",10,"GPLVM","Isomap",0.645125628140704,TRUE,1,FALSE
12,"low",10,"BayesianGPLVM","Isomap",0.404549613740344,TRUE,2,FALSE
12,"high",10,"Initial","Isomap",0.45587189679742,TRUE,0,FALSE
12,"high",10,"MPCurve","Isomap",0.302938573464337,TRUE,0,FALSE
12,"high",10,"PCurve","Isomap",0.265164794272996,TRUE,0,FALSE
12,"high",10,"GPLVM","Isomap",0.345959648991225,TRUE,1,FALSE
12,"high",10,"BayesianGPLVM","Isomap",0.505467636690917,TRUE,2,FALSE
12,"low",11,"Initial","Isomap",0.861458036450911,TRUE,0,FALSE
12,"low",11,"MPCurve","Isomap",0.887222094095338,TRUE,0,FALSE
12,"low",11,"PCurve","Isomap",0.753054345950263,FALSE,0,FALSE
12,"low",11,"GPLVM","Isomap",0.851764794119853,TRUE,1,FALSE
12,"low",11,"BayesianGPLVM","Isomap",0.747009675241881,TRUE,2,FALSE
12,"high",11,"Initial","Isomap",0.662728568214205,TRUE,0,FALSE
12,"high",11,"MPCurve","Isomap",0.649172729318233,TRUE,0,FALSE
12,"high",11,"PCurve","Isomap",0.726740438942337,FALSE,0,FALSE
12,"high",11,"GPLVM","Isomap",0.708793219830496,TRUE,1,FALSE
12,"high",11,"BayesianGPLVM","Isomap",0.725851646291157,TRUE,2,FALSE
12,"low",12,"Initial","Isomap",0.98705617640441,TRUE,0,FALSE
12,"low",12,"MPCurve","Isomap",0.991005775144379,TRUE,0,FALSE
12,"low",12,"PCurve","Isomap",0.99914676539461,TRUE,0,FALSE
12,"low",12,"GPLVM","Isomap",0.994673366834171,TRUE,1,FALSE
12,"low",12,"BayesianGPLVM","Isomap",0.994679366984175,TRUE,2,FALSE
12,"high",12,"Initial","Isomap",0.578673966849171,TRUE,0,FALSE
12,"high",12,"MPCurve","Isomap",0.648983724593115,TRUE,0,FALSE
12,"high",12,"PCurve","Isomap",0.580400809057825,TRUE,0,FALSE
12,"high",12,"GPLVM","Isomap",0.605239630990775,TRUE,1,FALSE
12,"high",12,"BayesianGPLVM","Isomap",0.638277956948924,TRUE,2,FALSE
12,"low",13,"Initial","Isomap",0.999005475136879,TRUE,0,FALSE
12,"low",13,"MPCurve","Isomap",0.999168979224481,TRUE,0,FALSE
12,"low",13,"PCurve","Isomap",0.999026827958322,TRUE,0,FALSE
12,"low",13,"GPLVM","Isomap",0.999284482112053,TRUE,1,FALSE
12,"low",13,"BayesianGPLVM","Isomap",0.99926348158704,TRUE,2,FALSE
12,"high",13,"Initial","Isomap",0.00378459461486537,TRUE,0,FALSE
12,"high",13,"MPCurve","Isomap",0.00424060601515038,TRUE,0,FALSE
12,"high",13,"PCurve","Isomap",0.101352686871998,TRUE,0,FALSE
12,"high",13,"GPLVM","Isomap",0.0347228680717018,TRUE,1,FALSE
12,"high",13,"BayesianGPLVM","Isomap",0.0244596114902873,TRUE,2,FALSE
12,"low",14,"Initial","Isomap",0.968053701342534,TRUE,0,FALSE
12,"low",14,"MPCurve","Isomap",0.990571478936985,TRUE,0,FALSE
12,"low",14,"PCurve","Isomap",0.998823947855589,TRUE,0,FALSE
12,"low",14,"GPLVM","Isomap",0.968646216155404,TRUE,1,FALSE
12,"low",14,"BayesianGPLVM","Isomap",0.96807920198005,TRUE,2,FALSE
12,"high",14,"Initial","Isomap",0.748647716192905,TRUE,0,FALSE
12,"high",14,"MPCurve","Isomap",0.792118802970074,TRUE,0,FALSE
12,"high",14,"PCurve","Isomap",0.869956250569602,TRUE,0,FALSE
12,"high",14,"GPLVM","Isomap",0.822893572339309,TRUE,1,FALSE
12,"high",14,"BayesianGPLVM","Isomap",0.84231905797645,TRUE,2,FALSE
12,"low",15,"Initial","Isomap",0.813150828770719,TRUE,0,FALSE
12,"low",15,"MPCurve","Isomap",0.818651023269773,TRUE,0,FALSE
12,"low",15,"PCurve","Isomap",0.778733543074185,TRUE,0,FALSE
12,"low",15,"GPLVM","Isomap",0.816026400660017,TRUE,1,FALSE
12,"low",15,"BayesianGPLVM","Isomap",0.790482262056551,TRUE,2,FALSE
12,"high",15,"Initial","Isomap",0.594790369759244,TRUE,0,FALSE
12,"high",15,"MPCurve","Isomap",0.547902197554939,TRUE,0,FALSE
12,"high",15,"PCurve","Isomap",0.542886394884909,TRUE,0,FALSE
12,"high",15,"GPLVM","Isomap",0.580996024900623,TRUE,1,FALSE
12,"high",15,"BayesianGPLVM","Isomap",0.565737643441086,TRUE,2,FALSE
12,"low",16,"Initial","Isomap",0.798739968499213,TRUE,0,FALSE
12,"low",16,"MPCurve","Isomap",0.810482948585623,TRUE,0,FALSE
12,"low",16,"PCurve","Isomap",0.937517483851666,FALSE,0,FALSE
12,"low",16,"GPLVM","Isomap",0.81164779119478,TRUE,1,FALSE
12,"low",16,"BayesianGPLVM","Isomap",0.820505512637816,TRUE,2,FALSE
12,"high",16,"Initial","Isomap",0.0887557188929723,TRUE,0,FALSE
12,"high",16,"MPCurve","Isomap",0.0206390159753994,TRUE,0,FALSE
12,"high",16,"PCurve","Isomap",0.137516617889101,FALSE,0,FALSE
12,"high",16,"GPLVM","Isomap",0.0814745368634216,TRUE,1,FALSE
12,"high",16,"BayesianGPLVM","Isomap",0.0217745443636091,TRUE,2,FALSE
12,"low",17,"Initial","Isomap",0.999155478886972,TRUE,0,FALSE
12,"low",17,"MPCurve","Isomap",0.999333608090376,TRUE,0,FALSE
12,"low",17,"PCurve","Isomap",0.998537046599681,TRUE,0,FALSE
12,"low",17,"GPLVM","Isomap",0.999357983949599,TRUE,1,FALSE
12,"low",17,"BayesianGPLVM","Isomap",0.999357983949599,TRUE,2,FALSE
12,"high",17,"Initial","Isomap",0.383118577964449,TRUE,0,FALSE
12,"high",17,"MPCurve","Isomap",0.408022200555014,TRUE,0,FALSE
12,"high",17,"PCurve","Isomap",0.45362607724261,FALSE,0,FALSE
12,"high",17,"GPLVM","Isomap",0.377850446261157,TRUE,1,FALSE
12,"high",17,"BayesianGPLVM","Isomap",0.401870546763669,TRUE,2,FALSE
12,"low",18,"Initial","Isomap",0.841288532213305,TRUE,0,FALSE
12,"low",18,"MPCurve","Isomap",0.879762692746384,TRUE,0,FALSE
12,"low",18,"PCurve","Isomap",0.999062018956156,TRUE,0,FALSE
12,"low",18,"GPLVM","Isomap",0.944231605790145,TRUE,1,FALSE
12,"low",18,"BayesianGPLVM","Isomap",0.983676591914798,TRUE,2,FALSE
12,"high",18,"Initial","Isomap",0.67041626040651,TRUE,0,FALSE
12,"high",18,"MPCurve","Isomap",0.620537013425336,TRUE,0,FALSE
12,"high",18,"PCurve","Isomap",0.509033660828728,TRUE,0,FALSE
12,"high",18,"GPLVM","Isomap",0.604597614940374,TRUE,1,FALSE
12,"high",18,"BayesianGPLVM","Isomap",0.514355358883972,TRUE,2,FALSE
12,"low",19,"Initial","Isomap",0.919587489687242,TRUE,0,FALSE
12,"low",19,"MPCurve","Isomap",0.932863717404174,TRUE,0,FALSE
12,"low",19,"PCurve","Isomap",0.92636624618575,FALSE,0,FALSE
12,"low",19,"GPLVM","Isomap",0.934986874671867,TRUE,1,FALSE
12,"low",19,"BayesianGPLVM","Isomap",0.924960624015601,TRUE,2,FALSE
12,"high",19,"Initial","Isomap",0.658324458111453,TRUE,0,FALSE
12,"high",19,"MPCurve","Isomap",0.625608640216005,TRUE,0,FALSE
12,"high",19,"PCurve","Isomap",0.142801051690675,TRUE,0,FALSE
12,"high",19,"GPLVM","Isomap",0.631079276981925,TRUE,1,FALSE
12,"high",19,"BayesianGPLVM","Isomap",0.520931523288082,TRUE,2,FALSE
12,"low",20,"Initial","Isomap",0.998556963924098,TRUE,0,FALSE
12,"low",20,"MPCurve","Isomap",0.998894472361809,TRUE,0,FALSE
12,"low",20,"PCurve","Isomap",0.998546491082468,TRUE,0,FALSE
12,"low",20,"GPLVM","Isomap",0.999150978774469,TRUE,1,FALSE
12,"low",20,"BayesianGPLVM","Isomap",0.999144978624466,TRUE,2,FALSE
12,"high",20,"Initial","Isomap",0.805446636165904,TRUE,0,FALSE
12,"high",20,"MPCurve","Isomap",0.841150528763219,TRUE,0,FALSE
12,"high",20,"PCurve","Isomap",0.836615632063871,TRUE,0,FALSE
12,"high",20,"GPLVM","Isomap",0.818877971949299,TRUE,1,FALSE
12,"high",20,"BayesianGPLVM","Isomap",0.831028275706893,TRUE,2,FALSE
12,"low",21,"Initial","Isomap",0.809924248106203,TRUE,0,FALSE
12,"low",21,"MPCurve","Isomap",0.808391975535764,TRUE,0,FALSE
12,"low",21,"PCurve","Isomap",0.9763560632849,TRUE,0,FALSE
12,"low",21,"GPLVM","Isomap",0.955324383109578,TRUE,1,FALSE
12,"low",21,"BayesianGPLVM","Isomap",0.910948773719343,TRUE,2,FALSE
12,"high",21,"Initial","Isomap",0.776900922523063,TRUE,0,FALSE
12,"high",21,"MPCurve","Isomap",0.807768694217356,TRUE,0,FALSE
12,"high",21,"PCurve","Isomap",0.763223339131872,TRUE,0,FALSE
12,"high",21,"GPLVM","Isomap",0.795646891172279,TRUE,1,FALSE
12,"high",21,"BayesianGPLVM","Isomap",0.816042901072527,TRUE,2,FALSE
12,"low",22,"Initial","Isomap",0.783576089402235,TRUE,0,FALSE
12,"low",22,"MPCurve","Isomap",0.793933780149773,TRUE,0,FALSE
12,"low",22,"PCurve","Isomap",0.260242696586129,TRUE,12,TRUE
12,"low",22,"GPLVM","Isomap",0.777649441236031,TRUE,1,FALSE
12,"low",22,"BayesianGPLVM","Isomap",0.775127878196955,TRUE,2,FALSE
12,"high",22,"Initial","Isomap",0.763304582614565,TRUE,0,FALSE
12,"high",22,"MPCurve","Isomap",0.831640291007275,TRUE,0,FALSE
12,"high",22,"PCurve","Isomap",0.782002418736483,TRUE,0,FALSE
12,"high",22,"GPLVM","Isomap",0.795628890722268,TRUE,1,FALSE
12,"high",22,"BayesianGPLVM","Isomap",0.758748968724218,TRUE,2,FALSE
12,"low",23,"Initial","Isomap",0.879042976074402,TRUE,0,FALSE
12,"low",23,"MPCurve","Isomap",0.882469989592969,TRUE,0,FALSE
12,"low",23,"PCurve","Isomap",0.989376152657913,TRUE,0,FALSE
12,"low",23,"GPLVM","Isomap",0.890056251406285,TRUE,1,FALSE
12,"low",23,"BayesianGPLVM","Isomap",0.912238805970149,TRUE,2,FALSE
12,"high",23,"Initial","Isomap",0.607083177079427,TRUE,0,FALSE
12,"high",23,"MPCurve","Isomap",0.664912622815571,TRUE,0,FALSE
12,"high",23,"PCurve","Isomap",0.557909195368368,TRUE,0,FALSE
12,"high",23,"GPLVM","Isomap",0.579717992949824,TRUE,1,FALSE
12,"high",23,"BayesianGPLVM","Isomap",0.512004800120003,TRUE,2,FALSE
12,"low",24,"Initial","Isomap",0.998933473336834,TRUE,0,FALSE
12,"low",24,"MPCurve","Isomap",0.999074476861922,TRUE,0,FALSE
12,"low",24,"PCurve","Isomap",0.998140828234986,TRUE,0,FALSE
12,"low",24,"GPLVM","Isomap",0.999128478211955,TRUE,1,FALSE
12,"low",24,"BayesianGPLVM","Isomap",0.999174979374485,TRUE,2,FALSE
12,"high",24,"Initial","Isomap",0.854185854646366,TRUE,0,FALSE
12,"high",24,"MPCurve","Isomap",0.943300082502063,TRUE,0,FALSE
12,"high",24,"PCurve","Isomap",0.885078730143953,TRUE,0,FALSE
12,"high",24,"GPLVM","Isomap",0.88625515637891,TRUE,1,FALSE
12,"high",24,"BayesianGPLVM","Isomap",0.897257931448286,TRUE,2,FALSE
12,"low",25,"Initial","Isomap",0.993617340433511,TRUE,0,FALSE
12,"low",25,"MPCurve","Isomap",0.998717466013973,TRUE,0,FALSE
12,"low",25,"PCurve","Isomap",0.987950831338349,TRUE,0,FALSE
12,"low",25,"GPLVM","Isomap",0.998813470336759,TRUE,1,FALSE
12,"low",25,"BayesianGPLVM","Isomap",0.998780469511738,TRUE,2,FALSE
12,"high",25,"Initial","Isomap",0.292435310882772,TRUE,0,FALSE
12,"high",25,"MPCurve","Isomap",0.221389034725868,TRUE,0,FALSE
12,"high",25,"PCurve","Isomap",0.241212158491527,TRUE,0,FALSE
12,"high",25,"GPLVM","Isomap",0.210498762469062,TRUE,1,FALSE
12,"high",25,"BayesianGPLVM","Isomap",0.240735018375459,TRUE,2,FALSE
12,"low",26,"Initial","Isomap",0.654388359708993,TRUE,0,FALSE
12,"low",26,"MPCurve","Isomap",0.648352390135775,TRUE,0,FALSE
12,"low",26,"PCurve","Isomap",0.185104415307459,TRUE,0,FALSE
12,"low",26,"GPLVM","Isomap",0.665235130878272,TRUE,1,FALSE
12,"low",26,"BayesianGPLVM","Isomap",0.626151653791345,TRUE,2,FALSE
12,"high",26,"Initial","Isomap",0.468962724068102,TRUE,0,FALSE
12,"high",26,"MPCurve","Isomap",0.445218630465762,TRUE,0,FALSE
12,"high",26,"PCurve","Isomap",0.432282326546336,TRUE,0,FALSE
12,"high",26,"GPLVM","Isomap",0.436885922148054,TRUE,1,FALSE
12,"high",26,"BayesianGPLVM","Isomap",0.378675466886672,TRUE,2,FALSE
12,"low",27,"Initial","Isomap",0.628341708542714,TRUE,0,FALSE
12,"low",27,"MPCurve","Isomap",0.603491402854962,TRUE,0,FALSE
12,"low",27,"PCurve","Isomap",0.73681424579743,FALSE,0,FALSE
12,"low",27,"GPLVM","Isomap",0.59430435760894,TRUE,1,FALSE
12,"low",27,"BayesianGPLVM","Isomap",0.622179554488862,TRUE,2,FALSE
12,"high",27,"Initial","Isomap",0.494598364959124,TRUE,0,FALSE
12,"high",27,"MPCurve","Isomap",0.577110927773194,TRUE,0,FALSE
12,"high",27,"PCurve","Isomap",0.477618625292461,TRUE,0,FALSE
12,"high",27,"GPLVM","Isomap",0.486517662941574,TRUE,1,FALSE
12,"high",27,"BayesianGPLVM","Isomap",0.435337883447086,TRUE,2,FALSE
12,"low",28,"Initial","Isomap",0.960801020025501,TRUE,0,FALSE
12,"low",28,"MPCurve","Isomap",0.982654286795083,TRUE,0,FALSE
12,"low",28,"PCurve","Isomap",0.765438019202756,FALSE,0,FALSE
12,"low",28,"GPLVM","Isomap",0.998052951323783,TRUE,1,FALSE
12,"low",28,"BayesianGPLVM","Isomap",0.999066976674417,FALSE,2,FALSE
12,"high",28,"Initial","Isomap",0.192444311107778,TRUE,0,FALSE
12,"high",28,"MPCurve","Isomap",0.119098477461937,TRUE,0,FALSE
12,"high",28,"PCurve","Isomap",0.0688438841616482,TRUE,0,FALSE
12,"high",28,"GPLVM","Isomap",0.211797794944874,TRUE,1,FALSE
12,"high",28,"BayesianGPLVM","Isomap",0.208140703517588,TRUE,2,FALSE
12,"low",29,"Initial","Isomap",0.998802970074252,TRUE,0,FALSE
12,"low",29,"MPCurve","Isomap",0.999347483687092,TRUE,0,FALSE
12,"low",29,"PCurve","Isomap",0.998911993130122,TRUE,0,FALSE
12,"low",29,"GPLVM","Isomap",0.999413485337133,TRUE,1,FALSE
12,"low",29,"BayesianGPLVM","Isomap",0.99942398559964,TRUE,2,FALSE
12,"high",29,"Initial","Isomap",0.622146553663842,TRUE,0,FALSE
12,"high",29,"MPCurve","Isomap",0.586969174229356,TRUE,0,FALSE
12,"high",29,"PCurve","Isomap",0.467728779797634,TRUE,0,FALSE
12,"high",29,"GPLVM","Isomap",0.514460361509038,TRUE,1,FALSE
12,"high",29,"BayesianGPLVM","Isomap",0.500262506562664,TRUE,2,FALSE
12,"low",30,"Initial","Isomap",0.820040501012525,TRUE,0,FALSE
12,"low",30,"MPCurve","Isomap",0.820963813403929,TRUE,0,FALSE
12,"low",30,"PCurve","Isomap",0.999151352194347,TRUE,0,FALSE
12,"low",30,"GPLVM","Isomap",0.921990549763744,TRUE,1,FALSE
12,"low",30,"BayesianGPLVM","Isomap",0.892727818195455,TRUE,2,FALSE
12,"high",30,"Initial","Isomap",0.293462836570914,TRUE,0,FALSE
12,"high",30,"MPCurve","Isomap",0.392382809570239,TRUE,0,FALSE
12,"high",30,"PCurve","Isomap",0.919934042082961,TRUE,0,FALSE
12,"high",30,"GPLVM","Isomap",0.296696917422936,TRUE,1,FALSE
12,"high",30,"BayesianGPLVM","Isomap",0.336491412285307,TRUE,2,FALSE
50,"low",1,"Initial","Isomap",0.999648991224781,TRUE,0,FALSE
50,"low",1,"MPCurve","Isomap",0.999754743319286,TRUE,0,FALSE
50,"low",1,"PCurve","Isomap",0.999701478985035,TRUE,0,FALSE
50,"low",1,"GPLVM","Isomap",0.999779494487362,TRUE,1,FALSE
50,"low",1,"BayesianGPLVM","Isomap",0.999780994524863,TRUE,2,FALSE
50,"high",1,"Initial","Isomap",0.871688292207305,TRUE,0,FALSE
50,"high",1,"MPCurve","Isomap",0.94403770495683,TRUE,0,FALSE
50,"high",1,"PCurve","Isomap",0.996306706953244,TRUE,0,FALSE
50,"high",1,"GPLVM","Isomap",0.927788194704868,TRUE,1,FALSE
50,"high",1,"BayesianGPLVM","Isomap",0.935178879471987,TRUE,2,FALSE
50,"low",2,"Initial","Isomap",0.935834395859897,TRUE,0,FALSE
50,"low",2,"MPCurve","Isomap",0.940979956110215,TRUE,0,FALSE
50,"low",2,"PCurve","Isomap",0.999671863764249,TRUE,0,FALSE
50,"low",2,"GPLVM","Isomap",0.942866571664292,TRUE,1,FALSE
50,"low",2,"BayesianGPLVM","Isomap",0.97335933398335,TRUE,2,FALSE
50,"high",2,"Initial","Isomap",0.810590264756619,TRUE,0,FALSE
50,"high",2,"MPCurve","Isomap",0.857163000511198,TRUE,0,FALSE
50,"high",2,"PCurve","Isomap",0.763551852305181,TRUE,0,FALSE
50,"high",2,"GPLVM","Isomap",0.760373509337734,TRUE,1,FALSE
50,"high",2,"BayesianGPLVM","Isomap",0.883970599264982,TRUE,2,FALSE
50,"low",3,"Initial","Isomap",0.851208280207005,TRUE,0,FALSE
50,"low",3,"MPCurve","Isomap",0.846479023820584,TRUE,0,FALSE
50,"low",3,"PCurve","Isomap",0.999700345623008,TRUE,0,FALSE
50,"low",3,"GPLVM","Isomap",0.880283507087677,TRUE,1,FALSE
50,"low",3,"BayesianGPLVM","Isomap",0.903721593039826,TRUE,2,FALSE
50,"high",3,"Initial","Isomap",0.720169504237606,TRUE,0,FALSE
50,"high",3,"MPCurve","Isomap",0.734934373359334,TRUE,0,FALSE
50,"high",3,"PCurve","Isomap",0.884626290812643,TRUE,0,FALSE
50,"high",3,"GPLVM","Isomap",0.715009375234381,TRUE,1,FALSE
50,"high",3,"BayesianGPLVM","Isomap",0.645644641116028,TRUE,2,FALSE
50,"low",4,"Initial","Isomap",0.999470486762169,TRUE,0,FALSE
50,"low",4,"MPCurve","Isomap",0.999558985045975,TRUE,0,FALSE
50,"low",4,"PCurve","Isomap",0.999617470991639,TRUE,0,FALSE
50,"low",4,"GPLVM","Isomap",0.99959948998725,TRUE,1,FALSE
50,"low",4,"BayesianGPLVM","Isomap",0.999597989949749,TRUE,2,FALSE
50,"high",4,"Initial","Isomap",0.877092927323183,TRUE,0,FALSE
50,"high",4,"MPCurve","Isomap",0.915102377559439,TRUE,0,FALSE
50,"high",4,"PCurve","Isomap",0.995780392229811,TRUE,0,FALSE
50,"high",4,"GPLVM","Isomap",0.919299482487062,TRUE,1,FALSE
50,"high",4,"BayesianGPLVM","Isomap",0.996420910522763,TRUE,2,FALSE
50,"low",5,"Initial","Isomap",0.922010050251256,TRUE,0,FALSE
50,"low",5,"MPCurve","Isomap",0.920581441605362,TRUE,0,FALSE
50,"low",5,"PCurve","Isomap",0.999523323507424,FALSE,0,FALSE
50,"low",5,"GPLVM","Isomap",0.945559138978475,TRUE,1,FALSE
50,"low",5,"BayesianGPLVM","Isomap",0.995325883147079,TRUE,2,FALSE
50,"high",5,"Initial","Isomap",0.891340283507088,TRUE,0,FALSE
50,"high",5,"MPCurve","Isomap",0.890179254481362,TRUE,0,FALSE
50,"high",5,"PCurve","Isomap",0.995283095265281,TRUE,0,FALSE
50,"high",5,"GPLVM","Isomap",0.917554938873472,TRUE,1,FALSE
50,"high",5,"BayesianGPLVM","Isomap",0.96489612240306,TRUE,2,FALSE
50,"low",6,"Initial","Isomap",0.999692492312308,TRUE,0,FALSE
50,"low",6,"MPCurve","Isomap",0.999771617522928,TRUE,0,FALSE
50,"low",6,"PCurve","Isomap",0.999700362807395,TRUE,0,FALSE
50,"low",6,"GPLVM","Isomap",0.99977499437486,TRUE,1,FALSE
50,"low",6,"BayesianGPLVM","Isomap",0.99977499437486,TRUE,2,FALSE
50,"high",6,"Initial","Isomap",0.584161104027601,TRUE,0,FALSE
50,"high",6,"MPCurve","Isomap",0.628746718667967,TRUE,0,FALSE
50,"high",6,"PCurve","Isomap",0.545954042440356,TRUE,0,FALSE
50,"high",6,"GPLVM","Isomap",0.642839570989275,TRUE,1,FALSE
50,"high",6,"BayesianGPLVM","Isomap",0.610686267156679,TRUE,2,FALSE
50,"low",7,"Initial","Isomap",0.999683492087302,TRUE,0,FALSE
50,"low",7,"MPCurve","Isomap",0.999653113627109,TRUE,0,FALSE
50,"low",7,"PCurve","Isomap",0.998972042662388,TRUE,0,FALSE
50,"low",7,"GPLVM","Isomap",0.999672991824796,TRUE,1,FALSE
50,"low",7,"BayesianGPLVM","Isomap",0.9996789919748,TRUE,2,FALSE
50,"high",7,"Initial","Isomap",0.746136653416336,TRUE,0,FALSE
50,"high",7,"MPCurve","Isomap",0.746664666616666,TRUE,0,FALSE
50,"high",7,"PCurve","Isomap",0.601266652149606,TRUE,0,FALSE
50,"high",7,"GPLVM","Isomap",0.770198754968874,TRUE,1,FALSE
50,"high",7,"BayesianGPLVM","Isomap",0.69108827720693,TRUE,2,FALSE
50,"low",8,"Initial","Isomap",0.999665491637291,TRUE,0,FALSE
50,"low",8,"MPCurve","Isomap",0.999753243646305,TRUE,0,FALSE
50,"low",8,"PCurve","Isomap",0.999652733514593,TRUE,0,FALSE
50,"low",8,"GPLVM","Isomap",0.999731493287332,TRUE,1,FALSE
50,"low",8,"BayesianGPLVM","Isomap",0.999735993399835,FALSE,2,FALSE
50,"high",8,"Initial","Isomap",0.821221030525763,TRUE,0,FALSE
50,"high",8,"MPCurve","Isomap",0.837275931898298,TRUE,0,FALSE
50,"high",8,"PCurve","Isomap",0.875561865570157,TRUE,0,FALSE
50,"high",8,"GPLVM","Isomap",0.880034500862522,TRUE,1,FALSE
50,"high",8,"BayesianGPLVM","Isomap",0.904870621765544,TRUE,2,FALSE
50,"low",9,"Initial","Isomap",0.999693992349809,TRUE,0,FALSE
50,"low",9,"MPCurve","Isomap",0.999764118312551,TRUE,0,FALSE
50,"low",9,"PCurve","Isomap",0.999629846860422,TRUE,0,FALSE
50,"low",9,"GPLVM","Isomap",0.999773494337359,TRUE,1,FALSE
50,"low",9,"BayesianGPLVM","Isomap",0.999770494262357,TRUE,2,FALSE
50,"high",9,"Initial","Isomap",0.99292732318308,TRUE,0,FALSE
50,"high",9,"MPCurve","Isomap",0.997434935873397,TRUE,0,FALSE
50,"high",9,"PCurve","Isomap",0.996645273896689,TRUE,0,FALSE
50,"high",9,"GPLVM","Isomap",0.997587939698493,TRUE,1,FALSE
50,"high",9,"BayesianGPLVM","Isomap",0.997565439135979,TRUE,2,FALSE
50,"low",10,"Initial","Isomap",0.834629865746644,TRUE,0,FALSE
50,"low",10,"MPCurve","Isomap",0.842633372705896,TRUE,0,FALSE
50,"low",10,"PCurve","Isomap",0.95310439792575,TRUE,0,FALSE
50,"low",10,"GPLVM","Isomap",0.904294607365184,TRUE,1,FALSE
50,"low",10,"BayesianGPLVM","Isomap",0.95334433360834,TRUE,2,FALSE
50,"high",10,"Initial","Isomap",0.757403435085877,TRUE,0,FALSE
50,"high",10,"MPCurve","Isomap",0.715336383409585,TRUE,0,FALSE
50,"high",10,"PCurve","Isomap",0.239920125909673,TRUE,0,FALSE
50,"high",10,"GPLVM","Isomap",0.774776869421736,TRUE,1,FALSE
50,"high",10,"BayesianGPLVM","Isomap",0.876902422560564,TRUE,2,FALSE
50,"low",11,"Initial","Isomap",0.999666991674792,TRUE,0,FALSE
50,"low",11,"MPCurve","Isomap",0.999791494475729,TRUE,0,FALSE
50,"low",11,"PCurve","Isomap",0.999689101993131,TRUE,0,FALSE
50,"low",11,"GPLVM","Isomap",0.999828995724893,TRUE,1,FALSE
50,"low",11,"BayesianGPLVM","Isomap",0.999819995499888,TRUE,2,FALSE
50,"high",11,"Initial","Isomap",0.84135903397585,TRUE,0,FALSE
50,"high",11,"MPCurve","Isomap",0.826381159528988,TRUE,0,FALSE
50,"high",11,"PCurve","Isomap",0.476582985652462,TRUE,0,FALSE
50,"high",11,"GPLVM","Isomap",0.847723693092327,TRUE,1,FALSE
50,"high",11,"BayesianGPLVM","Isomap",0.867750693767344,TRUE,2,FALSE
50,"low",12,"Initial","Isomap",0.999660991524788,TRUE,0,FALSE
50,"low",12,"MPCurve","Isomap",0.999750618299624,TRUE,0,FALSE
50,"low",12,"PCurve","Isomap",0.998263138803843,TRUE,0,FALSE
50,"low",12,"GPLVM","Isomap",0.999758493962349,TRUE,1,FALSE
50,"low",12,"BayesianGPLVM","Isomap",0.999701492537314,TRUE,2,FALSE
50,"high",12,"Initial","Isomap",0.861501537538439,TRUE,0,FALSE
50,"high",12,"MPCurve","Isomap",0.872810320258007,TRUE,0,FALSE
50,"high",12,"PCurve","Isomap",0.89480310855994,TRUE,0,FALSE
50,"high",12,"GPLVM","Isomap",0.899540988524713,TRUE,1,FALSE
50,"high",12,"BayesianGPLVM","Isomap",0.932532813320333,TRUE,2,FALSE
50,"low",13,"Initial","Isomap",0.999689492237306,TRUE,0,FALSE
50,"low",13,"MPCurve","Isomap",0.999732992925437,TRUE,0,FALSE
50,"low",13,"PCurve","Isomap",0.999634352236387,TRUE,0,FALSE
50,"low",13,"GPLVM","Isomap",0.999764494112353,TRUE,1,FALSE
50,"low",13,"BayesianGPLVM","Isomap",0.999764494112353,TRUE,2,FALSE
50,"high",13,"Initial","Isomap",0.667033675841896,TRUE,0,FALSE
50,"high",13,"MPCurve","Isomap",0.71305632640816,TRUE,0,FALSE
50,"high",13,"PCurve","Isomap",0.682399874902162,TRUE,0,FALSE
50,"high",13,"GPLVM","Isomap",0.67308782719568,TRUE,1,FALSE
50,"high",13,"BayesianGPLVM","Isomap",0.611373284332108,TRUE,2,FALSE
50,"low",14,"Initial","Isomap",0.999701492537314,TRUE,0,FALSE
50,"low",14,"MPCurve","Isomap",0.999759243085269,TRUE,0,FALSE
50,"low",14,"PCurve","Isomap",0.999734484796848,TRUE,0,FALSE
50,"low",14,"GPLVM","Isomap",0.99975999399985,TRUE,1,FALSE
50,"low",14,"BayesianGPLVM","Isomap",0.999762994074852,TRUE,2,FALSE
50,"high",14,"Initial","Isomap",0.849810245256132,TRUE,0,FALSE
50,"high",14,"MPCurve","Isomap",0.901978549463737,TRUE,0,FALSE
50,"high",14,"PCurve","Isomap",0.997183578844524,TRUE,0,FALSE
50,"high",14,"GPLVM","Isomap",0.912925823145579,TRUE,1,FALSE
50,"high",14,"BayesianGPLVM","Isomap",0.87950348758719,TRUE,2,FALSE
50,"low",15,"Initial","Isomap",0.999810995274882,TRUE,0,FALSE
50,"low",15,"MPCurve","Isomap",0.999798994228114,TRUE,0,FALSE
50,"low",15,"PCurve","Isomap",0.999720977592455,TRUE,0,FALSE
50,"low",15,"GPLVM","Isomap",0.999819995499888,TRUE,1,FALSE
50,"low",15,"BayesianGPLVM","Isomap",0.999819995499888,TRUE,2,FALSE
50,"high",15,"Initial","Isomap",0.793227330683267,TRUE,0,FALSE
50,"high",15,"MPCurve","Isomap",0.803034575864397,TRUE,0,FALSE
50,"high",15,"PCurve","Isomap",0.732881182655806,TRUE,0,FALSE
50,"high",15,"GPLVM","Isomap",0.770824270606765,TRUE,1,FALSE
50,"high",15,"BayesianGPLVM","Isomap",0.740222005550139,TRUE,2,FALSE
50,"low",16,"Initial","Isomap",0.977257931448286,TRUE,0,FALSE
50,"low",16,"MPCurve","Isomap",0.976891509279323,TRUE,0,FALSE
50,"low",16,"PCurve","Isomap",0.999224964781155,TRUE,0,FALSE
50,"low",16,"GPLVM","Isomap",0.968391209780245,TRUE,1,FALSE
50,"low",16,"BayesianGPLVM","Isomap",0.974365859146479,TRUE,2,FALSE
50,"high",16,"Initial","Isomap",0.925799144978625,TRUE,0,FALSE
50,"high",16,"MPCurve","Isomap",0.927644136836784,TRUE,0,FALSE
50,"high",16,"PCurve","Isomap",0.986978173600396,TRUE,0,FALSE
50,"high",16,"GPLVM","Isomap",0.961458036450911,TRUE,1,FALSE
50,"high",16,"BayesianGPLVM","Isomap",0.942661066526663,TRUE,2,FALSE
50,"low",17,"Initial","Isomap",0.999686492162304,TRUE,0,FALSE
50,"low",17,"MPCurve","Isomap",0.9997558686227,TRUE,0,FALSE
50,"low",17,"PCurve","Isomap",0.99964823859587,TRUE,0,FALSE
50,"low",17,"GPLVM","Isomap",0.999746493662342,TRUE,1,FALSE
50,"low",17,"BayesianGPLVM","Isomap",0.999746493662342,TRUE,2,FALSE
50,"high",17,"Initial","Isomap",0.863706592664817,TRUE,0,FALSE
50,"high",17,"MPCurve","Isomap",0.869589739743494,TRUE,0,FALSE
50,"high",17,"PCurve","Isomap",0.996219641850971,TRUE,0,FALSE
50,"high",17,"GPLVM","Isomap",0.864723618090452,TRUE,1,FALSE
50,"high",17,"BayesianGPLVM","Isomap",0.723570089252231,TRUE,2,FALSE
50,"low",18,"Initial","Isomap",0.999683492087302,TRUE,0,FALSE
50,"low",18,"MPCurve","Isomap",0.999750618299624,TRUE,0,FALSE
50,"low",18,"PCurve","Isomap",0.999722116301714,TRUE,0,FALSE
50,"low",18,"GPLVM","Isomap",0.999734493362334,TRUE,1,FALSE
50,"low",18,"BayesianGPLVM","Isomap",0.999737493437336,TRUE,2,FALSE
50,"high",18,"Initial","Isomap",0.995702392559814,TRUE,0,FALSE
50,"high",18,"MPCurve","Isomap",0.997779944498613,TRUE,0,FALSE
50,"high",18,"PCurve","Isomap",0.997670034518629,TRUE,0,FALSE
50,"high",18,"GPLVM","Isomap",0.99777544438611,TRUE,1,FALSE
50,"high",18,"BayesianGPLVM","Isomap",0.997827945698643,TRUE,2,FALSE
50,"low",19,"Initial","Isomap",0.97865596639916,TRUE,0,FALSE
50,"low",19,"MPCurve","Isomap",0.986412221776151,TRUE,0,FALSE
50,"low",19,"PCurve","Isomap",0.999748360703972,TRUE,0,FALSE
50,"low",19,"GPLVM","Isomap",0.992369309232731,TRUE,1,FALSE
50,"low",19,"BayesianGPLVM","Isomap",0.99980799519988,FALSE,2,FALSE
50,"high",19,"Initial","Isomap",0.734329858246456,TRUE,0,FALSE
50,"high",19,"MPCurve","Isomap",0.733722343058577,TRUE,0,FALSE
50,"high",19,"PCurve","Isomap",0.639305550443941,TRUE,0,FALSE
50,"high",19,"GPLVM","Isomap",0.713080327008175,TRUE,1,FALSE
50,"high",19,"BayesianGPLVM","Isomap",0.703796594914873,TRUE,2,FALSE
50,"low",20,"Initial","Isomap",0.999572489312233,TRUE,0,FALSE
50,"low",20,"MPCurve","Isomap",0.999652740023305,TRUE,0,FALSE
50,"low",20,"PCurve","Isomap",0.999517324575131,TRUE,0,FALSE
50,"low",20,"GPLVM","Isomap",0.999651991299783,TRUE,1,FALSE
50,"low",20,"BayesianGPLVM","Isomap",0.999651991299783,TRUE,2,FALSE
50,"high",20,"Initial","Isomap",0.767273681842046,TRUE,0,FALSE
50,"high",20,"MPCurve","Isomap",0.741738543463587,TRUE,0,FALSE
50,"high",20,"PCurve","Isomap",0.504631774223659,TRUE,0,FALSE
50,"high",20,"GPLVM","Isomap",0.758108452711318,TRUE,1,FALSE
50,"high",20,"BayesianGPLVM","Isomap",0.692376809420236,TRUE,2,FALSE
50,"low",21,"Initial","Isomap",0.779165979149479,TRUE,0,FALSE
50,"low",21,"MPCurve","Isomap",0.78977706956431,TRUE,0,FALSE
50,"low",21,"PCurve","Isomap",0.928996099193349,TRUE,0,FALSE
50,"low",21,"GPLVM","Isomap",0.782616065401635,TRUE,1,FALSE
50,"low",21,"BayesianGPLVM","Isomap",0.776942923573089,TRUE,2,FALSE
50,"high",21,"Initial","Isomap",0.772268806720168,TRUE,0,FALSE
50,"high",21,"MPCurve","Isomap",0.792268806720168,TRUE,0,FALSE
50,"high",21,"PCurve","Isomap",0.926582145699682,TRUE,0,FALSE
50,"high",21,"GPLVM","Isomap",0.802325058126453,TRUE,1,FALSE
50,"high",21,"BayesianGPLVM","Isomap",0.84667216680417,TRUE,2,FALSE
50,"low",22,"Initial","Isomap",0.999795994899873,TRUE,0,FALSE
50,"low",22,"MPCurve","Isomap",0.999844745543465,TRUE,0,FALSE
50,"low",22,"PCurve","Isomap",0.999753241472662,TRUE,0,FALSE
50,"low",22,"GPLVM","Isomap",0.9998394959874,TRUE,1,FALSE
50,"low",22,"BayesianGPLVM","Isomap",0.9998394959874,TRUE,2,FALSE
50,"high",22,"Initial","Isomap",0.993948848721218,TRUE,0,FALSE
50,"high",22,"MPCurve","Isomap",0.997569939248481,TRUE,0,FALSE
50,"high",22,"PCurve","Isomap",0.997047136405611,TRUE,0,FALSE
50,"high",22,"GPLVM","Isomap",0.997650941273532,TRUE,1,FALSE
50,"high",22,"BayesianGPLVM","Isomap",0.99769594239856,TRUE,2,FALSE
50,"low",23,"Initial","Isomap",0.958513462836571,TRUE,0,FALSE
50,"low",23,"MPCurve","Isomap",0.962737212006305,TRUE,0,FALSE
50,"low",23,"PCurve","Isomap",0.999465603152873,TRUE,0,FALSE
50,"low",23,"GPLVM","Isomap",0.973114827870697,TRUE,1,FALSE
50,"low",23,"BayesianGPLVM","Isomap",0.960802520063002,TRUE,2,FALSE
50,"high",23,"Initial","Isomap",0.873467336683417,TRUE,0,FALSE
50,"high",23,"MPCurve","Isomap",0.872681317032926,TRUE,0,FALSE
50,"high",23,"PCurve","Isomap",0.830435043518949,FALSE,0,FALSE
50,"high",23,"GPLVM","Isomap",0.85668791719793,TRUE,1,FALSE
50,"high",23,"BayesianGPLVM","Isomap",0.842406060151504,TRUE,2,FALSE
50,"low",24,"Initial","Isomap",0.99977499437486,TRUE,0,FALSE
50,"low",24,"MPCurve","Isomap",0.999816620073422,TRUE,0,FALSE
50,"low",24,"PCurve","Isomap",0.999766357932753,TRUE,0,FALSE
50,"low",24,"GPLVM","Isomap",0.999825995649891,TRUE,1,FALSE
50,"low",24,"BayesianGPLVM","Isomap",0.999825995649891,TRUE,2,FALSE
50,"high",24,"Initial","Isomap",0.867129678241956,TRUE,0,FALSE
50,"high",24,"MPCurve","Isomap",0.860660016500413,TRUE,0,FALSE
50,"high",24,"PCurve","Isomap",0.997509385089175,TRUE,0,FALSE
50,"high",24,"GPLVM","Isomap",0.937671941798545,TRUE,1,FALSE
50,"high",24,"BayesianGPLVM","Isomap",0.970899272481812,TRUE,2,FALSE
50,"low",25,"Initial","Isomap",0.994833870846771,TRUE,0,FALSE
50,"low",25,"MPCurve","Isomap",0.99540420330832,TRUE,0,FALSE
50,"low",25,"PCurve","Isomap",0.999655726465272,TRUE,0,FALSE
50,"low",25,"GPLVM","Isomap",0.999761494037351,TRUE,1,FALSE
50,"low",25,"BayesianGPLVM","Isomap",0.999764494112353,TRUE,2,FALSE
50,"high",25,"Initial","Isomap",0.651820295507388,TRUE,0,FALSE
50,"high",25,"MPCurve","Isomap",0.678694967374184,TRUE,0,FALSE
50,"high",25,"PCurve","Isomap",0.635454119513517,TRUE,0,FALSE
50,"high",25,"GPLVM","Isomap",0.675192379809495,TRUE,1,FALSE
50,"high",25,"BayesianGPLVM","Isomap",0.596179404485112,TRUE,2,FALSE
50,"low",26,"Initial","Isomap",0.999762994074852,TRUE,0,FALSE
50,"low",26,"MPCurve","Isomap",0.999798619291517,TRUE,0,FALSE
50,"low",26,"PCurve","Isomap",0.99972548683679,TRUE,0,FALSE
50,"low",26,"GPLVM","Isomap",0.999816995424886,TRUE,1,FALSE
50,"low",26,"BayesianGPLVM","Isomap",0.999816995424886,TRUE,2,FALSE
50,"high",26,"Initial","Isomap",0.801666541663542,TRUE,0,FALSE
50,"high",26,"MPCurve","Isomap",0.834663929597272,TRUE,0,FALSE
50,"high",26,"PCurve","Isomap",0.74945321041968,TRUE,0,FALSE
50,"high",26,"GPLVM","Isomap",0.84483162079052,TRUE,1,FALSE
50,"high",26,"BayesianGPLVM","Isomap",0.911751293782345,TRUE,2,FALSE
50,"low",27,"Initial","Isomap",0.999600990024751,TRUE,0,FALSE
50,"low",27,"MPCurve","Isomap",0.999692486722029,TRUE,0,FALSE
50,"low",27,"PCurve","Isomap",0.999644109732027,TRUE,0,FALSE
50,"low",27,"GPLVM","Isomap",0.999713492837321,TRUE,1,FALSE
50,"low",27,"BayesianGPLVM","Isomap",0.999713492837321,FALSE,2,FALSE
50,"high",27,"Initial","Isomap",0.805211130278257,TRUE,0,FALSE
50,"high",27,"MPCurve","Isomap",0.80291427722925,TRUE,0,FALSE
50,"high",27,"PCurve","Isomap",0.880896396796182,FALSE,0,FALSE
50,"high",27,"GPLVM","Isomap",0.813587339683492,TRUE,1,FALSE
50,"high",27,"BayesianGPLVM","Isomap",0.776068401710043,TRUE,2,FALSE
50,"low",28,"Initial","Isomap",0.99956798919973,TRUE,0,FALSE
50,"low",28,"MPCurve","Isomap",0.999667738986342,TRUE,0,FALSE
50,"low",28,"PCurve","Isomap",0.999577734756142,TRUE,0,FALSE
50,"low",28,"GPLVM","Isomap",0.999672991824796,TRUE,1,FALSE
50,"low",28,"BayesianGPLVM","Isomap",0.999672991824796,FALSE,2,FALSE
50,"high",28,"Initial","Isomap",0.853752343808595,TRUE,0,FALSE
50,"high",28,"MPCurve","Isomap",0.86216352033866,TRUE,0,FALSE
50,"high",28,"PCurve","Isomap",0.995506953788362,TRUE,0,FALSE
50,"high",28,"GPLVM","Isomap",0.884134103352584,TRUE,1,FALSE
50,"high",28,"BayesianGPLVM","Isomap",0.785896647416186,TRUE,2,FALSE
50,"low",29,"Initial","Isomap",0.894176854421361,TRUE,0,FALSE
50,"low",29,"MPCurve","Isomap",0.907290921033825,TRUE,0,FALSE
50,"low",29,"PCurve","Isomap",0.999731486401714,FALSE,0,FALSE
50,"low",29,"GPLVM","Isomap",0.912717317932948,TRUE,1,FALSE
50,"low",29,"BayesianGPLVM","Isomap",0.991691292282307,TRUE,2,FALSE
50,"high",29,"Initial","Isomap",0.802125553138828,TRUE,0,FALSE
50,"high",29,"MPCurve","Isomap",0.841096527413185,TRUE,0,FALSE
50,"high",29,"PCurve","Isomap",0.996919236947666,TRUE,0,FALSE
50,"high",29,"GPLVM","Isomap",0.82155103877597,TRUE,1,FALSE
50,"high",29,"BayesianGPLVM","Isomap",0.815433885847146,TRUE,2,FALSE
50,"low",30,"Initial","Isomap",0.999731493287332,TRUE,0,FALSE
50,"low",30,"MPCurve","Isomap",0.999744243414549,TRUE,0,FALSE
50,"low",30,"PCurve","Isomap",0.999729617333586,TRUE,0,FALSE
50,"low",30,"GPLVM","Isomap",0.999777994449861,TRUE,1,FALSE
50,"low",30,"BayesianGPLVM","Isomap",0.999777994449861,TRUE,2,FALSE
50,"high",30,"Initial","Isomap",0.774595364884122,TRUE,0,FALSE
50,"high",30,"MPCurve","Isomap",0.821573539338484,TRUE,0,FALSE
50,"high",30,"PCurve","Isomap",0.290432312946231,TRUE,0,FALSE
50,"high",30,"GPLVM","Isomap",0.769459236480912,TRUE,1,FALSE
50,"high",30,"BayesianGPLVM","Isomap",0.756593414835371,TRUE,2,FALSE
