"id","true_M","snr","threshold","effective_M"
"main_M3_S1_r001",3,1,1e-12,3
"main_M3_S1_r001",3,1,1e-09,3
"main_M3_S1_r001",3,1,1e-06,3
"main_M3_S1_r001",3,1,0.001,3
"main_M3_S1_r002",3,1,1e-12,3
"main_M3_S1_r002",3,1,1e-09,3
"main_M3_S1_r002",3,1,1e-06,3
"main_M3_S1_r002",3,1,0.001,3
"main_M3_S1_r003",3,1,1e-12,3
"main_M3_S1_r003",3,1,1e-09,3
"main_M3_S1_r003",3,1,1e-06,3
"main_M3_S1_r003",3,1,0.001,3
"main_M3_S1_r004",3,1,1e-12,3
"main_M3_S1_r004",3,1,1e-09,3
"main_M3_S1_r004",3,1,1e-06,3
"main_M3_S1_r004",3,1,0.001,3
"main_M3_S1_r005",3,1,1e-12,3
"main_M3_S1_r005",3,1,1e-09,3
"main_M3_S1_r005",3,1,1e-06,3
"main_M3_S1_r005",3,1,0.001,3
"main_M3_S1_r006",3,1,1e-12,3
"main_M3_S1_r006",3,1,1e-09,3
"main_M3_S1_r006",3,1,1e-06,3
"main_M3_S1_r006",3,1,0.001,3
"main_M3_S1_r007",3,1,1e-12,3
"main_M3_S1_r007",3,1,1e-09,3
"main_M3_S1_r007",3,1,1e-06,3
"main_M3_S1_r007",3,1,0.001,3
"main_M3_S1_r008",3,1,1e-12,3
"main_M3_S1_r008",3,1,1e-09,3
"main_M3_S1_r008",3,1,1e-06,3
"main_M3_S1_r008",3,1,0.001,3
"main_M3_S1_r009",3,1,1e-12,3
"main_M3_S1_r009",3,1,1e-09,3
"main_M3_S1_r009",3,1,1e-06,3
"main_M3_S1_r009",3,1,0.001,3
"main_M3_S1_r010",3,1,1e-12,3
"main_M3_S1_r010",3,1,1e-09,3
"main_M3_S1_r010",3,1,1e-06,3
"main_M3_S1_r010",3,1,0.001,3
"main_M3_S4_r001",3,4,1e-12,3
"main_M3_S4_r001",3,4,1e-09,3
"main_M3_S4_r001",3,4,1e-06,3
"main_M3_S4_r001",3,4,0.001,3
"main_M3_S4_r002",3,4,1e-12,3
"main_M3_S4_r002",3,4,1e-09,3
"main_M3_S4_r002",3,4,1e-06,3
"main_M3_S4_r002",3,4,0.001,3
"main_M3_S4_r003",3,4,1e-12,3
"main_M3_S4_r003",3,4,1e-09,3
"main_M3_S4_r003",3,4,1e-06,3
"main_M3_S4_r003",3,4,0.001,3
"main_M3_S4_r004",3,4,1e-12,3
"main_M3_S4_r004",3,4,1e-09,3
"main_M3_S4_r004",3,4,1e-06,3
"main_M3_S4_r004",3,4,0.001,3
"main_M3_S4_r005",3,4,1e-12,3
"main_M3_S4_r005",3,4,1e-09,3
"main_M3_S4_r005",3,4,1e-06,3
"main_M3_S4_r005",3,4,0.001,3
"main_M3_S4_r006",3,4,1e-12,3
"main_M3_S4_r006",3,4,1e-09,3
"main_M3_S4_r006",3,4,1e-06,3
"main_M3_S4_r006",3,4,0.001,3
"main_M3_S4_r007",3,4,1e-12,3
"main_M3_S4_r007",3,4,1e-09,3
"main_M3_S4_r007",3,4,1e-06,3
"main_M3_S4_r007",3,4,0.001,3
"main_M3_S4_r008",3,4,1e-12,4
"main_M3_S4_r008",3,4,1e-09,4
"main_M3_S4_r008",3,4,1e-06,4
"main_M3_S4_r008",3,4,0.001,4
"main_M3_S4_r009",3,4,1e-12,3
"main_M3_S4_r009",3,4,1e-09,3
"main_M3_S4_r009",3,4,1e-06,3
"main_M3_S4_r009",3,4,0.001,3
"main_M3_S4_r010",3,4,1e-12,3
"main_M3_S4_r010",3,4,1e-09,3
"main_M3_S4_r010",3,4,1e-06,3
"main_M3_S4_r010",3,4,0.001,3
"main_M3_S16_r001",3,16,1e-12,3
"main_M3_S16_r001",3,16,1e-09,3
"main_M3_S16_r001",3,16,1e-06,3
"main_M3_S16_r001",3,16,0.001,3
"main_M3_S16_r002",3,16,1e-12,3
"main_M3_S16_r002",3,16,1e-09,3
"main_M3_S16_r002",3,16,1e-06,3
"main_M3_S16_r002",3,16,0.001,3
"main_M3_S16_r003",3,16,1e-12,3
"main_M3_S16_r003",3,16,1e-09,3
"main_M3_S16_r003",3,16,1e-06,3
"main_M3_S16_r003",3,16,0.001,3
"main_M3_S16_r004",3,16,1e-12,3
"main_M3_S16_r004",3,16,1e-09,3
"main_M3_S16_r004",3,16,1e-06,3
"main_M3_S16_r004",3,16,0.001,3
"main_M3_S16_r005",3,16,1e-12,4
"main_M3_S16_r005",3,16,1e-09,4
"main_M3_S16_r005",3,16,1e-06,4
"main_M3_S16_r005",3,16,0.001,4
"main_M3_S16_r006",3,16,1e-12,3
"main_M3_S16_r006",3,16,1e-09,3
"main_M3_S16_r006",3,16,1e-06,3
"main_M3_S16_r006",3,16,0.001,3
"main_M3_S16_r007",3,16,1e-12,3
"main_M3_S16_r007",3,16,1e-09,3
"main_M3_S16_r007",3,16,1e-06,3
"main_M3_S16_r007",3,16,0.001,3
"main_M3_S16_r008",3,16,1e-12,3
"main_M3_S16_r008",3,16,1e-09,3
"main_M3_S16_r008",3,16,1e-06,3
"main_M3_S16_r008",3,16,0.001,3
"main_M3_S16_r009",3,16,1e-12,3
"main_M3_S16_r009",3,16,1e-09,3
"main_M3_S16_r009",3,16,1e-06,3
"main_M3_S16_r009",3,16,0.001,3
"main_M3_S16_r010",3,16,1e-12,3
"main_M3_S16_r010",3,16,1e-09,3
"main_M3_S16_r010",3,16,1e-06,3
"main_M3_S16_r010",3,16,0.001,3
"main_M4_S1_r001",4,1,1e-12,4
"main_M4_S1_r001",4,1,1e-09,4
"main_M4_S1_r001",4,1,1e-06,4
"main_M4_S1_r001",4,1,0.001,4
"main_M4_S1_r002",4,1,1e-12,4
"main_M4_S1_r002",4,1,1e-09,4
"main_M4_S1_r002",4,1,1e-06,4
"main_M4_S1_r002",4,1,0.001,4
"main_M4_S1_r003",4,1,1e-12,4
"main_M4_S1_r003",4,1,1e-09,4
"main_M4_S1_r003",4,1,1e-06,4
"main_M4_S1_r003",4,1,0.001,4
"main_M4_S1_r004",4,1,1e-12,4
"main_M4_S1_r004",4,1,1e-09,4
"main_M4_S1_r004",4,1,1e-06,4
"main_M4_S1_r004",4,1,0.001,4
"main_M4_S1_r005",4,1,1e-12,4
"main_M4_S1_r005",4,1,1e-09,4
"main_M4_S1_r005",4,1,1e-06,4
"main_M4_S1_r005",4,1,0.001,4
"main_M4_S1_r006",4,1,1e-12,4
"main_M4_S1_r006",4,1,1e-09,4
"main_M4_S1_r006",4,1,1e-06,4
"main_M4_S1_r006",4,1,0.001,4
"main_M4_S1_r007",4,1,1e-12,4
"main_M4_S1_r007",4,1,1e-09,4
"main_M4_S1_r007",4,1,1e-06,4
"main_M4_S1_r007",4,1,0.001,4
"main_M4_S1_r008",4,1,1e-12,4
"main_M4_S1_r008",4,1,1e-09,4
"main_M4_S1_r008",4,1,1e-06,4
"main_M4_S1_r008",4,1,0.001,4
"main_M4_S1_r009",4,1,1e-12,4
"main_M4_S1_r009",4,1,1e-09,4
"main_M4_S1_r009",4,1,1e-06,4
"main_M4_S1_r009",4,1,0.001,4
"main_M4_S1_r010",4,1,1e-12,4
"main_M4_S1_r010",4,1,1e-09,4
"main_M4_S1_r010",4,1,1e-06,4
"main_M4_S1_r010",4,1,0.001,4
"main_M4_S4_r001",4,4,1e-12,4
"main_M4_S4_r001",4,4,1e-09,4
"main_M4_S4_r001",4,4,1e-06,4
"main_M4_S4_r001",4,4,0.001,4
"main_M4_S4_r002",4,4,1e-12,4
"main_M4_S4_r002",4,4,1e-09,4
"main_M4_S4_r002",4,4,1e-06,4
"main_M4_S4_r002",4,4,0.001,4
"main_M4_S4_r003",4,4,1e-12,4
"main_M4_S4_r003",4,4,1e-09,4
"main_M4_S4_r003",4,4,1e-06,4
"main_M4_S4_r003",4,4,0.001,4
"main_M4_S4_r004",4,4,1e-12,4
"main_M4_S4_r004",4,4,1e-09,4
"main_M4_S4_r004",4,4,1e-06,4
"main_M4_S4_r004",4,4,0.001,4
"main_M4_S4_r005",4,4,1e-12,4
"main_M4_S4_r005",4,4,1e-09,4
"main_M4_S4_r005",4,4,1e-06,4
"main_M4_S4_r005",4,4,0.001,4
"main_M4_S4_r006",4,4,1e-12,4
"main_M4_S4_r006",4,4,1e-09,4
"main_M4_S4_r006",4,4,1e-06,4
"main_M4_S4_r006",4,4,0.001,4
"main_M4_S4_r007",4,4,1e-12,4
"main_M4_S4_r007",4,4,1e-09,4
"main_M4_S4_r007",4,4,1e-06,4
"main_M4_S4_r007",4,4,0.001,4
"main_M4_S4_r008",4,4,1e-12,4
"main_M4_S4_r008",4,4,1e-09,4
"main_M4_S4_r008",4,4,1e-06,4
"main_M4_S4_r008",4,4,0.001,4
"main_M4_S4_r009",4,4,1e-12,4
"main_M4_S4_r009",4,4,1e-09,4
"main_M4_S4_r009",4,4,1e-06,4
"main_M4_S4_r009",4,4,0.001,4
"main_M4_S4_r010",4,4,1e-12,4
"main_M4_S4_r010",4,4,1e-09,4
"main_M4_S4_r010",4,4,1e-06,4
"main_M4_S4_r010",4,4,0.001,4
"main_M4_S16_r001",4,16,1e-12,4
"main_M4_S16_r001",4,16,1e-09,4
"main_M4_S16_r001",4,16,1e-06,4
"main_M4_S16_r001",4,16,0.001,4
"main_M4_S16_r002",4,16,1e-12,4
"main_M4_S16_r002",4,16,1e-09,4
"main_M4_S16_r002",4,16,1e-06,4
"main_M4_S16_r002",4,16,0.001,4
"main_M4_S16_r003",4,16,1e-12,4
"main_M4_S16_r003",4,16,1e-09,4
"main_M4_S16_r003",4,16,1e-06,4
"main_M4_S16_r003",4,16,0.001,4
"main_M4_S16_r004",4,16,1e-12,4
"main_M4_S16_r004",4,16,1e-09,4
"main_M4_S16_r004",4,16,1e-06,4
"main_M4_S16_r004",4,16,0.001,4
"main_M4_S16_r005",4,16,1e-12,4
"main_M4_S16_r005",4,16,1e-09,4
"main_M4_S16_r005",4,16,1e-06,4
"main_M4_S16_r005",4,16,0.001,4
"main_M4_S16_r006",4,16,1e-12,4
"main_M4_S16_r006",4,16,1e-09,4
"main_M4_S16_r006",4,16,1e-06,4
"main_M4_S16_r006",4,16,0.001,4
"main_M4_S16_r007",4,16,1e-12,4
"main_M4_S16_r007",4,16,1e-09,4
"main_M4_S16_r007",4,16,1e-06,4
"main_M4_S16_r007",4,16,0.001,4
"main_M4_S16_r008",4,16,1e-12,4
"main_M4_S16_r008",4,16,1e-09,4
"main_M4_S16_r008",4,16,1e-06,4
"main_M4_S16_r008",4,16,0.001,4
"main_M4_S16_r009",4,16,1e-12,4
"main_M4_S16_r009",4,16,1e-09,4
"main_M4_S16_r009",4,16,1e-06,4
"main_M4_S16_r009",4,16,0.001,4
"main_M4_S16_r010",4,16,1e-12,4
"main_M4_S16_r010",4,16,1e-09,4
"main_M4_S16_r010",4,16,1e-06,4
"main_M4_S16_r010",4,16,0.001,4
"main_M5_S1_r001",5,1,1e-12,5
"main_M5_S1_r001",5,1,1e-09,5
"main_M5_S1_r001",5,1,1e-06,5
"main_M5_S1_r001",5,1,0.001,5
"main_M5_S1_r002",5,1,1e-12,5
"main_M5_S1_r002",5,1,1e-09,5
"main_M5_S1_r002",5,1,1e-06,5
"main_M5_S1_r002",5,1,0.001,5
"main_M5_S1_r003",5,1,1e-12,5
"main_M5_S1_r003",5,1,1e-09,5
"main_M5_S1_r003",5,1,1e-06,5
"main_M5_S1_r003",5,1,0.001,5
"main_M5_S1_r004",5,1,1e-12,5
"main_M5_S1_r004",5,1,1e-09,5
"main_M5_S1_r004",5,1,1e-06,5
"main_M5_S1_r004",5,1,0.001,5
"main_M5_S1_r005",5,1,1e-12,5
"main_M5_S1_r005",5,1,1e-09,5
"main_M5_S1_r005",5,1,1e-06,5
"main_M5_S1_r005",5,1,0.001,5
"main_M5_S1_r006",5,1,1e-12,5
"main_M5_S1_r006",5,1,1e-09,5
"main_M5_S1_r006",5,1,1e-06,5
"main_M5_S1_r006",5,1,0.001,5
"main_M5_S1_r007",5,1,1e-12,5
"main_M5_S1_r007",5,1,1e-09,5
"main_M5_S1_r007",5,1,1e-06,5
"main_M5_S1_r007",5,1,0.001,5
"main_M5_S1_r008",5,1,1e-12,5
"main_M5_S1_r008",5,1,1e-09,5
"main_M5_S1_r008",5,1,1e-06,5
"main_M5_S1_r008",5,1,0.001,5
"main_M5_S1_r009",5,1,1e-12,5
"main_M5_S1_r009",5,1,1e-09,5
"main_M5_S1_r009",5,1,1e-06,5
"main_M5_S1_r009",5,1,0.001,5
"main_M5_S1_r010",5,1,1e-12,5
"main_M5_S1_r010",5,1,1e-09,5
"main_M5_S1_r010",5,1,1e-06,5
"main_M5_S1_r010",5,1,0.001,5
"main_M5_S4_r001",5,4,1e-12,5
"main_M5_S4_r001",5,4,1e-09,5
"main_M5_S4_r001",5,4,1e-06,5
"main_M5_S4_r001",5,4,0.001,5
"main_M5_S4_r002",5,4,1e-12,6
"main_M5_S4_r002",5,4,1e-09,6
"main_M5_S4_r002",5,4,1e-06,6
"main_M5_S4_r002",5,4,0.001,6
"main_M5_S4_r003",5,4,1e-12,5
"main_M5_S4_r003",5,4,1e-09,5
"main_M5_S4_r003",5,4,1e-06,5
"main_M5_S4_r003",5,4,0.001,5
"main_M5_S4_r004",5,4,1e-12,5
"main_M5_S4_r004",5,4,1e-09,5
"main_M5_S4_r004",5,4,1e-06,5
"main_M5_S4_r004",5,4,0.001,5
"main_M5_S4_r005",5,4,1e-12,5
"main_M5_S4_r005",5,4,1e-09,5
"main_M5_S4_r005",5,4,1e-06,5
"main_M5_S4_r005",5,4,0.001,5
"main_M5_S4_r006",5,4,1e-12,5
"main_M5_S4_r006",5,4,1e-09,5
"main_M5_S4_r006",5,4,1e-06,5
"main_M5_S4_r006",5,4,0.001,5
"main_M5_S4_r007",5,4,1e-12,5
"main_M5_S4_r007",5,4,1e-09,5
"main_M5_S4_r007",5,4,1e-06,5
"main_M5_S4_r007",5,4,0.001,5
"main_M5_S4_r008",5,4,1e-12,5
"main_M5_S4_r008",5,4,1e-09,5
"main_M5_S4_r008",5,4,1e-06,5
"main_M5_S4_r008",5,4,0.001,5
"main_M5_S4_r009",5,4,1e-12,5
"main_M5_S4_r009",5,4,1e-09,5
"main_M5_S4_r009",5,4,1e-06,5
"main_M5_S4_r009",5,4,0.001,5
"main_M5_S4_r010",5,4,1e-12,5
"main_M5_S4_r010",5,4,1e-09,5
"main_M5_S4_r010",5,4,1e-06,5
"main_M5_S4_r010",5,4,0.001,5
"main_M5_S16_r001",5,16,1e-12,5
"main_M5_S16_r001",5,16,1e-09,5
"main_M5_S16_r001",5,16,1e-06,5
"main_M5_S16_r001",5,16,0.001,5
"main_M5_S16_r002",5,16,1e-12,5
"main_M5_S16_r002",5,16,1e-09,5
"main_M5_S16_r002",5,16,1e-06,5
"main_M5_S16_r002",5,16,0.001,5
"main_M5_S16_r003",5,16,1e-12,5
"main_M5_S16_r003",5,16,1e-09,5
"main_M5_S16_r003",5,16,1e-06,5
"main_M5_S16_r003",5,16,0.001,5
"main_M5_S16_r004",5,16,1e-12,5
"main_M5_S16_r004",5,16,1e-09,5
"main_M5_S16_r004",5,16,1e-06,5
"main_M5_S16_r004",5,16,0.001,5
"main_M5_S16_r005",5,16,1e-12,5
"main_M5_S16_r005",5,16,1e-09,5
"main_M5_S16_r005",5,16,1e-06,5
"main_M5_S16_r005",5,16,0.001,5
"main_M5_S16_r006",5,16,1e-12,5
"main_M5_S16_r006",5,16,1e-09,5
"main_M5_S16_r006",5,16,1e-06,5
"main_M5_S16_r006",5,16,0.001,5
"main_M5_S16_r007",5,16,1e-12,5
"main_M5_S16_r007",5,16,1e-09,5
"main_M5_S16_r007",5,16,1e-06,5
"main_M5_S16_r007",5,16,0.001,5
"main_M5_S16_r008",5,16,1e-12,5
"main_M5_S16_r008",5,16,1e-09,5
"main_M5_S16_r008",5,16,1e-06,5
"main_M5_S16_r008",5,16,0.001,5
"main_M5_S16_r009",5,16,1e-12,5
"main_M5_S16_r009",5,16,1e-09,5
"main_M5_S16_r009",5,16,1e-06,5
"main_M5_S16_r009",5,16,0.001,5
"main_M5_S16_r010",5,16,1e-12,5
"main_M5_S16_r010",5,16,1e-09,5
"main_M5_S16_r010",5,16,1e-06,5
"main_M5_S16_r010",5,16,0.001,5
