"added_indices","added_features","contains_anchor","feature_count","initial_abs_spearman"
"none","none",FALSE,16,0.756697741086012
"41","V28",FALSE,17,0.9975235280392
"39","V24",FALSE,17,0.838862209580106
"1","V31",TRUE,17,0.752278580873121
"49","V30",FALSE,17,0.696649962777364
"41;49","V28;V30",FALSE,18,0.997816864631829
"39;41","V24;V28",FALSE,18,0.997691974355271
"1;39","V31;V24",TRUE,18,0.997521750241669
"1;41","V31;V28",TRUE,18,0.997503972266359
"39;49","V24;V30",FALSE,18,0.763644040489339
"1;49","V31;V30",TRUE,18,0.75445016055734
"39;41;49","V24;V28;V30",FALSE,19,0.997991088789875
"1;41;49","V31;V28;V30",TRUE,19,0.997978644207158
"1;39;49","V31;V24;V30",TRUE,19,0.997830642562695
"1;39;41","V31;V24;V28",TRUE,19,0.997596417737975
"1;39;41;49","V31;V24;V28;V30",TRUE,20,0.9977479749775
