"V20","V14","V23","V24","V16","V15","V21","V22","V18","V19","V17","V13"
1.07065200310862,1.20117815008343,-0.801121689497919,0.0358368158363253,-0.98130405244576,-1.36281221384106,-1.75498644508919,-1.32172926366715,-0.38475945418724,0.446296621536162,-1.36484296231234,-1.06106229345979
-0.287821638388536,-1.59349775336387,1.19490397671614,0.0454566508720831,-0.263110721253572,1.09437756108794,1.03574021738657,0.923603577496436,-0.0293617023136354,-0.425772909856473,0.308360231981579,0.966019442663215
-2.14502572354515,0.361342177030345,-0.348473515180491,-0.347592074303043,-0.302278743540724,-0.505780636827927,0.213322056642151,-0.981036494459695,-0.706325175255045,0.622954428801723,-1.686301538765,-1.70369734077267
-1.34952206599713,0.17217856807511,-0.78970673214673,-2.042796058556,-0.641430155660223,0.655533738136652,0.308968660981076,0.96235248171371,-1.36705262534799,1.72345715639214,-0.592505804916953,-0.551421609497656
-0.840457439795439,-0.715152847062165,-1.13283073197184,-1.45225943239901,-0.884907821306233,0.673181625158467,0.335752989822615,1.36553348636516,-1.25417905348269,1.07103466345746,-0.260667044574989,-0.163058630041949
0.683834862308277,0.943332683745716,0.414290800246104,1.17970329711458,0.676469216331729,-0.532432689048987,-1.00839844363165,-1.26846168140023,1.53894178287135,-0.256008616590063,0.875132375099715,0.0909555229670033
1.08127877072778,1.22889261013177,-0.0660930260745002,0.389817226870595,-0.345108673165929,-1.32125722186471,-1.56996888024417,-1.59750118694444,-0.201999409157983,0.674176281592883,-0.916936905027213,-0.600985790027802
-1.2958016670387,0.783181280255053,-1.26572078474986,-2.06485459003915,-1.0985268112213,0.191199748858443,0.232547130656872,-0.261305010456163,-1.46396341521354,0.884518817352155,-1.14226634359865,-1.28220326281792
0.236850368103491,-0.144416194531187,1.58833554771731,1.07796905368037,1.03253472323062,0.413318436379936,0.497126554619775,0.110787261960446,0.822138999497591,-1.77810842524169,1.60246769596249,1.14107096657364
0.92977824570677,1.15740604462542,-1.15201573272809,0.190567382997434,0.152597704819471,-1.28571509774934,-1.71801450018308,-1.63077319936186,0.00924945740809785,0.147780914827595,-1.16549736486814,-0.364754593486236
-0.9097944403289,-0.305357253007074,-1.3587690659602,-1.40741929812547,-0.768801737100942,0.430984578510579,0.382997364690928,0.46589526497419,-1.75651670373065,1.29356308919904,-0.505698183214751,-0.691965023889323
0.659555857970834,1.26669688268781,-0.107882613125446,0.580231366068566,0.933627552416128,-0.580618537317835,-1.06184891881026,-0.688707914503976,0.882753771753297,-0.1523388116576,0.503325225380665,-0.0554697810944398
1.14680735088294,1.13187670059398,0.429749692748173,1.17379268753097,1.54104481302417,-0.728783846949616,-1.60230287946288,-1.36300255792338,0.47777476320562,-0.165053471879005,0.217777047257172,0.568482139783305
1.37833211520004,1.23847323293573,-0.850380142608925,0.0945554963863179,-0.90014599443457,-1.72828851576157,-1.14992324246178,-1.24171907255918,-0.435013940691095,1.21565628812551,-0.965200858464355,-1.16253425133584
-1.15827572219661,0.433250761785406,-0.638740217406883,-1.04893901308461,-1.38223501393467,-0.381996798962517,0.281516240709561,-0.554887767253982,-0.842916990618657,1.13312682154102,-1.46466348937222,-1.73147781370866
1.15148670226933,1.3999461582844,0.0293150427364011,1.01891673377206,1.20714278120943,-0.914949909215835,-1.75970654811659,-1.53151686445076,0.779411068189018,0.22390945935806,-0.0142195575769804,-0.149282830348866
1.15170212821143,1.27996836529502,-0.769638278050944,0.760292058956772,-0.0964337844600773,-1.62990979820266,-1.85504245950824,-1.52593227056117,0.0752726603893033,0.341516161705054,-0.624497039129987,-0.173001024149998
1.63695969342337,0.967327557493825,-0.901237801054676,0.433547833482475,-1.30655825974206,-1.69043567328807,-1.0677907316289,-0.621882099482299,-0.223716393633029,-0.0406967536615613,-1.95677272795094,-1.71346126158195
-0.107124253945788,-1.01434992351219,1.7025998002197,0.725553094771335,0.114626669084323,0.723458556916197,1.30262791464703,1.16565712175634,0.598393352955874,-1.08416585381393,0.84537123462622,1.66060058875987
-1.09458723452582,0.404504729100564,-0.856009865060934,-0.66865316053934,-0.661255217132748,-0.399599439155649,0.531871412335745,-0.66461304567943,-0.851394922092067,0.278860751585343,-1.43601864078584,-1.86833601725337
-1.25634265442323,-1.03864572556804,-0.874752628019998,-1.09981019876414,-0.854599892764266,0.656700227525352,0.2453545520105,0.667611350760402,-0.840125753189163,1.29571408583045,-0.567102975293887,-0.300269698599609
-1.40793027103586,-0.805669669165078,-0.853953778020173,-1.70231397036539,-0.873275099701468,0.514964728021239,0.227347170442389,1.1226132196799,-1.26611175886676,1.22982426388797,-0.288471072524952,-0.148158025777884
0.234443758726947,-1.47651033867373,1.52384820956983,0.600051887049785,-0.231436239695714,1.22874483723045,1.70983299425063,1.07143144942893,0.201577232103509,-1.3647957852541,0.888618279497338,1.58994090484846
1.01308404961902,1.64879076681304,-0.552706024800969,0.648530097904354,0.533703486488056,-1.15602528463163,-1.64424015045751,-1.27150295485419,0.198861495188597,0.339870046558029,-0.0734191101620683,-0.0610936564875603
1.16716238682769,1.1111560663428,0.174339566419644,0.250635775972768,0.92091121035077,-0.559497932375696,-2.03754707125848,-1.48319253806519,0.421057757013748,0.15852343853214,-0.275946398843172,0.0327597303888358
0.184830792200334,-0.73801677616705,1.6191870996708,1.33886299168206,0.735207167060504,0.602420264996378,0.715761514403732,0.608488700130379,1.55725054168793,-1.67904160368703,1.26723453182984,1.43653121550342
-1.46479053635251,-0.00992999789884735,-0.90135481302136,-1.10286593848787,-0.976939542148403,0.294985744888986,0.21364997495165,0.0354496614955162,-1.3917884776047,1.50369556764308,-0.967669710751973,-1.30334104893848
0.0619391852051381,-1.15719638695099,1.75218571046776,1.20487089941595,0.883812084079797,0.577969896602965,1.50184269407484,0.935137489739475,0.907347664622657,-1.3962131185302,0.880189665940215,0.908542166816151
1.41299125599273,0.896165202812027,-1.1809785644678,-0.637120829294844,-1.39453453695664,-1.69263567398234,-0.555584899497737,-0.208597585959042,-0.294109288953982,0.250665984606992,-1.90874571908983,-1.4487176058551
-1.44286990369477,0.505428676112775,-1.17282664245892,-0.589208085281574,-0.533132704216072,0.105268637012903,0.07933706207881,-0.625682560765351,-1.46156884476821,0.798191406387008,-1.19649619981065,-1.07428530967298
-1.49494926305265,-0.242540809015435,-1.34402488769957,-1.90397595719195,-0.47379162899672,0.613030751368492,0.233860684595437,0.994167656547657,-0.921517764708152,1.31405939423873,-0.522068455139943,-0.0202844226623368
-1.42702428242503,-1.26428327776644,-0.30920974444863,-0.546002381642501,-1.23473572012449,1.34433515156295,1.15719647656972,1.82012072857251,-0.938278510475685,0.33708595876195,0.34859403390186,0.78158470608519
-0.901424208165073,-1.2413219605182,-0.669251221256335,-1.2849015044369,-1.0377367904484,1.29940653624863,0.960102507402768,0.999338984974752,-0.954196020571689,0.32851471242347,0.30387071323188,0.585241421721502
-1.49789952895376,0.0835064123649575,-0.987536218735158,-0.587321126777472,-0.436238100376613,-0.360754574293617,0.750195825644782,-0.75440380265943,-1.0675166046818,0.617437005188718,-1.06555642956806,-1.83484187499922
-1.34162837668017,-0.923539481138012,-0.471632318442655,-1.16720147315731,-0.848971950339135,0.957330046496829,0.585906402402073,1.31534053824552,-1.4714304817021,0.961621641711367,-0.0389337663020078,-0.154643495636398
-0.864636668269302,-1.44423829932886,-0.544581598441279,-1.26086700715029,-0.876621714206301,1.78451158489465,0.59748548152418,1.34016492705213,-0.688645417609038,0.781522574733443,-0.0344327295324564,0.38684187030836
0.576718294865919,0.410751149191844,0.678950599848753,0.996582246519002,1.29969162163865,0.02666703803805,-0.879412803472603,-0.672670308209447,1.41840642633631,-1.31059410141151,0.851012449941718,0.429177546257028
-0.341643506960245,-1.63170935967104,-0.0696356197636511,-1.03220139222088,-0.314772799003844,1.37433007670138,0.683332875810401,1.67924168810552,-0.288815089807376,0.0512945830808342,0.523556690961132,0.602659586512926
0.899508806358504,0.631929512557428,-0.270303229047688,0.91705404820448,1.100186262655,-0.379054404970347,-1.30296258628753,-1.45867231929797,0.629654694577498,0.248404290966405,-0.0367863020266068,0.0637746476885348
-0.882418251908106,-1.35455886180215,-0.330540011643124,-0.574797172817112,-0.666587302657321,1.14035898921244,1.36107164512716,1.35790030403062,-1.2111886171124,0.406118342054703,0.227929683405894,1.06348546161543
0.813282009285261,0.567137919606216,-0.156330435119313,0.721353797273551,0.987430207829201,-0.47086247151337,-1.50628490076143,-1.73092428225821,0.591502449273447,0.301253471880301,0.31417719384964,-0.0844630032233954
-1.47199915663054,-0.356675612869312,-0.505918246511451,-1.87730017084142,-0.695000476608438,1.05931738185167,0.549270468699952,1.08063523061609,-1.41723645263846,1.38774275790887,-0.259633230317084,0.0102071217282234
1.1942549240944,1.36472212909881,-0.872874823538271,-0.0123331973560342,-1.15474157198667,-1.5696669958149,-1.02816811440548,-0.814537325698199,-0.525978682026437,0.888373802087958,-1.8750955738821,-1.46434095565836
0.453737747125258,-0.453630864438053,1.56543757438108,1.12069630714229,0.964548741697441,0.205190267490317,0.345788293584909,0.402839127742276,1.46515288926742,-1.29817965778757,1.45241957844626,1.01555312671189
1.22278800765764,1.36335635393011,0.0723780947614981,1.07640170641472,1.06184523925636,-0.824078608214987,-1.21668999235939,-1.42386796365018,0.387930705342002,0.0416525365313303,-0.149189790519339,-0.0337772085550208
1.10324610249225,1.7316708838878,-0.275042149571697,0.551658580539988,-0.116174502355322,-0.867888116659247,-1.33244669406462,-1.31769013827979,0.0237562207021152,0.145279117068979,-0.558337488194423,-0.611247412288545
0.0657072730810239,-1.40808875879055,1.16220187566988,0.432136454462549,-0.0241382936680144,1.24496566532874,1.7024100618774,2.27569940224145,0.267610602954347,-1.57022865010868,1.20918813630695,1.6472454391269
-0.849015576978057,-1.3591176515809,0.98000091764943,-0.408207618242894,-0.546304329276401,1.4783129827514,1.07666794237822,1.92686397071104,-0.137125191773723,-0.298913064964461,0.905524775376121,0.765096305008282
-1.54861634711501,0.161035167020643,-0.675810195725956,-0.38056378554728,-0.780036072347958,-0.0147298047171707,0.914207814842924,-0.92999223903243,-0.85045729665099,0.570893594388452,-1.47281199015829,-1.85724910864773
-1.18492167869629,-0.44005720487915,-1.21315663052711,-1.50898882440278,-0.649418365944708,1.13803224010728,0.525661324349109,0.868075957305296,-1.1485202791043,1.4627819417659,-0.332669161252616,-0.0155504262134926
0.803177331388762,1.0381281978682,-0.0491473692813295,0.795498219862936,1.42769303126823,-0.851844406755086,-0.987227325441252,-0.963074519079489,0.497788090436048,0.156625646183392,0.178589454268505,0.311023538507174
-0.486404185659037,-1.10118725720093,1.38180057176571,0.522829119134663,-0.209257080531186,0.873863784999867,1.2095529789877,1.19251509257229,0.313430511136512,-0.711073995861448,1.18659356575475,0.874042713575584
-1.49781746388523,-0.205083755493349,-1.14777252166671,-1.79861514462604,-0.36851361097481,-0.0562300711468646,-0.00463169516608536,0.127181186776297,-0.88730376624536,1.49593126821985,-0.718100210987946,-0.571553162026714
0.0521535741678609,-1.41714311870564,1.66530446140747,0.799483220807805,0.490123508420496,0.847375987069404,1.26531374175602,1.86859249739411,0.38085277844215,-1.24737361484831,1.05436564622874,1.03356883626267
-0.112392153121088,-1.20245062547813,1.65399800632892,0.966433394874356,0.355210733093766,1.00825824225422,1.7795282398303,0.981176410007471,1.22097089656628,-1.91896330252286,1.44974670389627,1.24195081971153
-0.759447443006568,-1.33550820945535,-0.788249768611161,-1.24872475666274,-0.782403039345723,0.854820461753791,0.480086232697279,1.05428491880906,-1.1659694881808,0.939918631023546,0.288742655555704,0.325722117395636
1.44276356328299,1.44983269722961,-0.532417993219492,0.328205459031035,-1.78854770396449,-1.22128473413239,-0.423259957099646,-0.34881922074854,-0.347341741800502,-0.298754897970317,-2.16041727500767,-1.81911569284751
-0.843615654734923,-0.836818649018484,-0.542346078987153,-0.873025852824658,-1.32609214011946,1.33427743096418,0.703964653173628,0.690089808759611,-0.594608313229896,1.21225830935672,0.169831789601669,1.00380445821919
0.822500832437343,0.724214016365803,0.821526576158494,1.28984177560426,1.65620639137703,-0.322263318043151,-0.978495160956322,-0.90195847976297,1.15415254600503,-0.674808399483395,0.849390747515818,0.504183916483003
-0.377901945234863,-0.263541894170883,1.4573972598107,1.3204605056524,1.531101067256,-0.134118140504228,0.0932244985949466,0.602682167256618,1.52046364481101,-1.62606535245397,1.37710411271293,1.10696742823307
0.612324366620117,1.07211126153577,-1.01893133756041,0.0986656388423896,-0.626722653913771,-1.4757195644464,-1.60901737258111,-1.60487406187447,-0.199964566113169,0.812171203629334,-0.63337935767076,-1.347795642681
0.530379353923463,0.0519713294328873,0.61550838713791,0.736398272945733,1.51918176759234,-0.495550299254467,-0.711642455168965,-0.270549370467726,1.54098393381606,-1.24722914388159,1.03319775595954,1.08520695772595
-1.21351792903762,-0.947465910331265,-0.958303355698397,-1.52752564586055,-0.557735419849629,1.05262588872049,0.637345044951767,0.979643108806823,-1.13162147609036,0.728068673901551,-0.167184150551731,0.00490538360593565
0.64490320470025,0.972692136052837,-0.424800870924116,0.302498976252667,1.25377621510423,-0.586444504124263,-1.43891818630258,-1.00561892785796,0.693788780115186,-0.0593768999839507,0.168568080546532,0.00966921224988792
0.723621233274905,1.06371681512056,-0.0919215084251229,0.982684151182871,0.963291263764019,-0.638386805189603,-1.54364247614245,-1.29879312709013,0.62154237380039,0.238863879528043,0.48206665655063,-0.209256294954286
-0.341003122934602,-2.00762422651809,0.86232728936754,-0.152661714162435,-0.546910532723626,1.06768930840005,1.38229783314922,1.61339047778237,-0.449424956022827,-0.738266905824258,0.200592325300053,0.941299208372145
0.150098352941385,-0.995559454692509,1.78814680843759,1.11141788683994,0.639341787121542,0.440817888618146,1.22802139173915,0.682968358171979,0.733225760235425,-1.37183411481246,0.805271570684105,1.24787888564736
1.17574299906401,1.44241131188761,-0.323300608153788,0.61386229571665,-1.10560747567917,-1.90172114443742,-1.16927633179917,-0.925935924566442,-0.110338194646811,0.762424221627023,-1.22179654433008,-1.31887272980748
0.00207494023532828,-0.985827616088479,1.1326675481687,0.830314210189976,0.222027329247395,1.25240817119702,1.6460516306667,1.4848168843198,0.025969235372287,-0.810089106217057,1.11704772387326,1.49311122165125
1.45207940541763,1.36215592544459,-0.964944231882902,0.459760597052244,-0.863982280674243,-1.67271762453704,-1.32291635119911,-1.47260073168171,-0.564914704905948,0.272760516265059,-1.13482601696793,-1.1833006328204
0.351606095908572,-1.41758688049919,1.58584039533101,0.723573475582791,0.0100261550163933,0.921106538702977,1.43144272269419,1.05870388324516,0.597339616802261,-1.08000640760543,1.44899150127931,1.21357891683686
-1.11055306688807,-0.509101062362207,-1.20794603000276,-1.59443210860713,-0.757076855319064,0.921086696584205,-0.0035012615670294,0.971288546529858,-1.00557763907974,0.870458392827003,-0.493679883434889,0.0272168550160895
0.224417528689255,-1.00392453606704,1.57704694040076,1.1343738734966,0.482442893682477,0.245758700690548,1.00368453826082,0.910190251051421,1.49333487891,-1.52828373402796,1.36377672364516,1.21939728922742
-1.18866519436094,-1.67309469601504,-0.479481970269473,-0.427907824661923,-0.678349958119564,1.57394086314296,0.813917065256711,1.27569879976503,-0.810440895518292,0.360333234596997,0.00411492259288446,0.437879510579299
-0.352396953476389,-1.17205260821982,0.813201964466773,-0.31994339341297,-0.525243138407233,1.23229418512617,1.25688379647524,1.73994042605414,0.199595235165006,-0.746384450965907,0.748549922839411,1.06573025703718
1.31090592942982,1.44333957749363,-0.195535944431548,0.706351690548262,1.40407136437884,-0.49843380130574,-0.97123627309937,-1.48554446704786,0.524049291828289,0.253338098588086,0.15377197910561,0.300266860836688
1.16631278484345,1.44348410592675,-0.421453092584678,0.554886366542268,0.116941719928218,-1.44548984725623,-1.79606721511773,-1.45141452201016,-0.020653089911206,0.425279788956592,-1.10431526617419,-0.867137075099415
1.40393652021742,0.764732753004079,-0.938957550132529,0.120262336937706,-1.85698226330437,-1.51495050888495,-1.23820597407871,-0.354643051472862,-0.378118071150865,-0.144989969188338,-2.16378739997498,-1.44527541133024
-1.07618150429387,-0.991172830195683,0.299966079444279,-1.1536260869832,-0.722900749808271,1.47436419858004,1.07193349064396,1.17843264737085,-0.657048104885095,1.05906258802658,-0.183742186583941,0.550550378480946
-0.808673693488526,-0.915332243652896,-0.626362045056641,-1.21547568636049,-0.447841365958618,0.253767273623241,0.718148808096763,0.95836868030915,-1.4199342440162,0.898880482779749,-0.338191410412076,0.04974889450134
-1.13527889408803,-0.309717245627314,-1.26215770627064,-1.38961974765674,-0.971223312035039,0.504990100807394,0.523833291433143,0.283637882680982,-1.32614777629128,1.62988443363625,-0.464644094351778,-0.31909302294586
0.899705832753668,1.1243321776343,0.338824395713055,0.858534957722462,1.6727910161713,-0.235576439202373,-0.696905972139487,-0.934987047963828,1.48494024616494,-0.948209344757752,0.610496461422222,0.379339489660847
-0.406504684728755,-1.19523836688617,1.87588745459883,1.22978248765226,0.579054035813951,0.733972212809264,1.6413303091429,0.70471117759586,0.860053297103186,-1.48387741295961,0.872457889935996,0.718556351986191
1.72516935089375,0.988261020844659,-0.773316957726565,-0.583008356300568,-1.21107771256241,-1.51902572599084,-0.251546055122956,-0.717401177799673,-0.485816052634174,0.3726515794351,-2.43365092081992,-1.54571767172698
-1.08706375009487,-0.320533935886506,-1.0107073528704,-1.31277230609696,-0.852315637363282,0.857337345393197,0.919830419233896,0.891182322856131,-1.33609167829533,1.44946393835419,-0.102262118097256,-0.241129035519871
0.603104272302468,0.475745516035187,0.526818013582624,1.78564871476335,2.05051943119982,-0.298436527687281,-0.57451575910457,-0.547715436719125,1.74336940176094,-0.868345122450957,1.03537140722793,0.79310003619215
1.11017422620622,0.966724206278314,0.0501665678105976,0.628621101486019,1.62197048483775,-0.825031853993588,-1.01940830761435,-1.0234863430076,1.30774495519773,-0.228537601083368,0.399665926371974,0.261588023807829
0.535370746943122,-0.482893315260897,1.55884790193304,1.42944831162737,1.30737930270218,0.0988449804832391,1.04630276758807,0.246456772420497,1.43069565312931,-2.12014311781701,1.33214333173402,1.39390489305313
-0.0566122021180589,-1.24809900928524,1.57656523287253,0.908173872425967,0.72100988123482,0.709819974356943,0.959267257513146,0.857400398740895,1.26482912215513,-1.93013236931008,1.64478064935286,1.17726366501614
1.12880857677321,2.01208455969393,-1.10681927286452,0.281703970413077,-0.401953882392078,-1.38598652768408,-1.5799709516869,-1.4572628528532,-0.626073832777266,0.446999905855461,-1.22663309523499,-1.2514630154724
0.332127995943084,-1.39062425434141,1.65030967381871,1.09487812947251,0.0965004313103262,0.626895668389001,1.79304898472082,1.23583579959797,0.728653407853287,-1.57242598978983,0.743765443350657,1.06058527962534
1.68302984656273,1.40059814544419,-0.773742617759615,0.143644371447542,-1.34020676265602,-1.85515040647375,-1.37855363563088,-1.10129177207061,-0.482644360685838,0.395085965337214,-1.65990746466874,-1.45057343911792
-0.515268508374366,-1.5766727199166,0.749650204326026,0.403731908787284,-0.1333198987199,1.42344372766088,1.06829950574559,1.42321868026895,0.0379347132752355,-1.05724225435082,0.876169840739695,0.982508081417871
-1.45362662824754,-0.404092859019586,-1.67417534843797,-1.46320768124769,-0.617392767049145,0.288898366618893,0.247255588353207,0.475580677507842,-1.54398803467485,1.62519390056807,-0.746707877196909,0.0493906836056276
-0.862217405385821,-1.43477977641499,-0.284501557935916,-0.460642248183355,-0.935226192890412,1.36469031075492,0.639758412971103,0.978027893155433,-1.02960182844181,0.784482193969865,0.220303332693329,0.267094786946705
-1.37585032907288,0.0443291015445402,-0.880130078753999,-1.60698406389068,-1.15380363530364,-0.464477195627845,-0.0804159416731879,-0.0222943242383001,-1.16226147362147,1.53552202568987,-0.674659248581157,-1.05247245747275
1.03536215566825,1.30821619850864,-0.599257288100623,0.458073213982135,-0.468296135771624,-1.97201224975905,-1.69020984991266,-1.21691063528382,0.0923887000136421,0.407617719482831,-0.940265938119755,-0.834275445483205
1.43602113049705,1.3275949519706,-0.958090670284468,0.20731846008075,-0.547361503951972,-1.70260500238942,-1.56975662948233,-1.35061965191086,-0.498175063830872,0.292982513221421,-1.90153966877546,-0.604169023979156
0.927560844224409,1.4123128880631,-0.519591631517222,0.0785096996117595,0.0945599172861175,-1.66812533083498,-1.37276967762206,-1.21935822946063,-0.55946577954118,0.588816230291002,-1.6042872035879,-1.08784468510681
-0.353109325393436,-1.324717351887,1.80987914715126,1.089953521633,0.457949191815838,0.301744425274186,1.5365083425847,1.14949340648785,0.679923984643742,-1.35527840500885,0.909576617267457,1.41061610362647
-1.27116253773794,-0.332568787058971,-1.30872545698219,-1.69936552036828,-0.917774400177846,0.373628989909324,0.143070502105381,0.668574987586528,-1.27689551149673,0.930316291037572,-0.477225580200697,-0.395529383687115
1.24861592627218,1.16000193641731,-0.826529425143811,-0.0490708697619475,-0.700678596113025,-1.66349842150852,-0.97402335598829,-0.540404586261793,-0.0649678839857218,0.677669586808149,-1.35616969586665,-1.50361728756965
0.946570177052113,0.218321247634379,0.635843151400168,1.36098449682825,1.89906634578229,-0.350767196891405,-0.487104188342777,-0.946916565646151,1.29898317393644,-1.44133805797343,0.680465539337567,0.651127611826111
1.45427930391435,1.39468578548605,-1.21261781704566,0.128870888734985,-1.26067395938513,-1.32146098943675,-1.29557899535129,-0.956018641606066,-0.763912072066458,0.210209970715768,-1.33698392513825,-0.892848882055738
-0.453123187206285,-1.51084655127053,0.495768653090891,-0.0341952611496663,-0.741098800972009,1.18646143691165,1.48796787305727,1.43352404320654,-0.445473230805329,-0.610971180041175,0.160023284305693,0.768744516926522
0.0359158783246265,-1.46613999829505,1.73953464948153,0.260543409832822,0.299694184506532,0.331937944060693,1.63746372848506,1.00003825702444,0.941973894438961,-1.49542786356215,1.45522199485586,1.21743627204119
-1.64854311863791,0.503798740868584,-0.381152302428542,-0.0785382099271328,-0.570642886907067,-0.296395026653148,0.343573040746379,-1.02703070286783,-1.12677610080953,0.748592758849797,-1.61790976705908,-1.13675072986441
-0.714171688645518,-0.064200420143787,-0.972988862275048,-1.76791040333112,-0.929239851011635,0.740344688031568,-0.0267616411123414,0.522853448750957,-1.3042595132348,1.70180087049681,-0.0293670537795756,-0.559252850947054
0.886196275565992,1.48621304477525,-0.687780636801519,0.764550230860631,0.935999479797043,-1.21616185837438,-1.62013346578412,-1.31961617296846,0.194783373546677,0.733897828351169,-0.552260757921997,-0.106411773551285
-0.888830590022777,-0.533849024926002,-1.12495553977311,-1.51768135228435,-0.972842102504394,1.09876537642557,1.09361676380843,0.889394670753246,-0.844287999445672,0.801547719570553,-0.537158332771979,0.298513646507792
1.12545106882839,1.48862720336081,-1.13178814743656,0.146219811903955,-1.27458217051117,-1.73770528398356,-0.953290939595579,-1.05697156034225,-0.950841859036781,0.197142600687785,-1.52323443040559,-1.63763131848616
0.993488096138414,0.752495270089649,0.00159835944920619,0.463823812273867,0.921297009003718,-0.949191566525427,-1.38056401839799,-1.14478206595526,0.68934275599087,0.165406104953445,0.582308138295073,0.0820778409901127
-1.3335478460679,0.35493389007766,-1.35272024522011,-1.51331459690517,-1.03600736742297,-0.0852443551842516,0.230247124479267,-0.157220181233949,-1.17158129200079,0.964563035854232,-0.724707290906424,-1.11972742593044
-1.05470465035867,-0.0924147739782385,-1.39174786912322,-1.67127838079816,-0.74870472435755,0.459823174371419,0.120244716464054,0.501961652436256,-1.13369505321519,1.25867851041868,-0.464200899214049,-0.414698860676067
1.07580133039737,1.52751065978229,-0.694813841360897,0.0390284921087389,-0.907794270340162,-1.54704686343622,-1.43307660975459,-1.04681065769628,-0.533821527079602,0.679333758068009,-1.40593729657358,-1.14289052980304
-0.0765520458037317,-1.34805682684487,1.05806459152166,0.396340432648658,-0.555895637112508,0.973504485250454,1.85620355934635,1.77374613385729,-0.363632196709683,-0.629609603765934,0.545962461737113,1.18111377653415
0.439271667435405,0.21769349376802,1.02583013444774,1.15564126359512,1.70339313392853,0.368259569961205,0.767718076512673,0.29512052505811,1.93972780542224,-1.54629334025228,1.45137827921257,1.19210231645762
-0.12815254557022,0.440634180258194,-0.281762582751658,0.764192090344763,1.43717883906736,-0.777019718805719,-0.760384417035883,-1.23144908419813,0.981244220357286,-0.450854928852092,0.687022006076288,0.0529214476027561
1.34622552122865,1.08257598869281,-0.726100188269665,0.12813603945357,-0.457268896261589,-1.45959502336811,-1.81416632198437,-0.780524953826591,-0.452902879731604,0.426731460122867,-2.02997593210125,-1.36633524723153
-0.832396443900291,-0.84696758393558,-1.06697269105702,-1.30770138364315,-1.17813686494649,1.15897051714227,0.606954797185337,1.1596161383442,-1.12381499035201,1.56510208464895,-0.0935867096097973,-0.222624634763243
0.272938148627377,0.618432790689058,1.10948821443216,0.949049039961008,1.11858251069797,-0.399711843564966,-0.803891203448907,-0.975348510381675,1.82695455697149,-1.03507365758966,0.832433764430743,1.06254935825406
0.773661284045871,0.458965857507858,0.609536555682895,0.889917169886507,1.00766635040611,-0.396965970740069,0.173540409465971,-0.536793369199634,1.19553823558849,-0.295567739800575,0.911285857373876,0.495053507956308
0.944690854953153,0.714876827777052,0.639303621089081,0.50890876963617,1.94936521773689,-0.377597422545914,-0.623600532191765,-1.24842282186076,0.664570518071118,-0.0839869943716736,0.478855493254712,0.910557218762296
-1.10634983409509,-0.114522657596462,-1.18262128777398,-1.6069964269553,-0.848169191073425,0.343935811706493,0.302729785577141,0.0351426307170921,-1.0225820907947,1.61577333205505,-0.913220526683683,-0.514558145934005
1.25789339804611,1.44595826164606,-0.527729610187518,-0.0375955402353093,-0.951618229595586,-1.60570229944524,-0.981644429931657,-0.791289627965966,-0.751348274700364,0.465913618754973,-1.63050060603519,-1.620759121125
1.13344654445625,1.27769115509053,-0.966679471142079,0.278203273479508,-0.694358836416796,-1.64712651541564,-1.38364028457777,-1.34212306274683,-0.222981207914497,0.465256399550296,-1.31376784580538,-1.27006182188382
-0.928198588389875,-0.701411021777662,-1.13976052515141,-1.59143222788973,-0.665391988301854,0.786457052547282,0.252363480058748,1.31435519434613,-1.06505563922886,1.080217345857,-0.00971963454796129,0.503983890476817
0.484556363591766,0.288935589601397,0.358770438172622,0.928124425083634,1.42173898996378,-0.325576434360395,-0.994761058912186,-0.842860495270207,1.65996479374909,-0.608919274153041,0.789270311140405,0.788292363874801
-0.377749586786059,-1.55215519573349,0.977619736716822,0.659357566822202,0.448304523709282,1.13266747258691,1.20980815940435,1.25703107463466,0.0636645076855633,-1.30311233841115,1.54941019082204,1.32816560165426
-1.42881509895948,-0.766889111427699,-0.762738611708869,-1.4998122598756,-0.989507537451474,1.23529232397425,0.697459763828998,1.29074729573431,-1.10416988112088,1.26362190024306,-0.157128439357197,-0.116902922796307
-0.316745434453187,-1.39212806721777,0.807059191169428,-0.169310494431068,-0.586240615471578,1.18637535192049,1.32329093881485,1.53533435262915,-0.150609259088824,-0.649396737111507,0.276451866595939,1.00854573691624
-0.357175072448043,-1.60746903190731,1.77442995695386,0.168678804523904,-0.136248049180119,0.819197394298055,1.49369428758977,1.56597407963011,0.584296038094348,-1.17132830516033,0.725143924535625,1.57012062281393
1.23555184377795,1.73013778808002,-0.726559157451669,0.3665932038626,-0.614078822736755,-1.70722347566999,-1.43711213776497,-1.11261576592879,-0.557652059235945,0.569058341804597,-1.7472729167348,-1.24397094064504
0.605319522438069,-0.318987365453671,1.08988205619064,0.993560840222116,1.28165154542166,0.122542587509688,0.206086963627164,-0.224240481193957,1.45396997163304,-1.56379338738306,1.1947118171562,1.07272885538877
0.5148793491065,1.44933583966912,-0.261444520380443,0.537108897844317,0.990537840321349,-0.617192363189937,-1.86423189070758,-1.36169654659578,0.157950340009656,0.260919989607279,-0.508684431815828,0.128881571939314
1.17559516966885,0.893806069097059,-0.43619701923382,0.328817941986324,-1.32302931301605,-1.84896445180581,-1.24068484109075,-1.0939479339985,-1.38245699687665,0.599562708792931,-1.3050909473597,-1.20007786130152
-2.02966664271077,0.254642831244453,-0.822747922106937,-0.766314319913208,-0.884280267852764,-0.610345252554796,0.623394865581692,-0.903390074951058,-0.970402386878553,0.827173340287211,-1.53024252963227,-1.04670784916741
-1.85202126657724,0.324516174424496,-1.14343799773776,-1.43586744374666,-0.877592704775232,0.104823867442775,0.276917798600812,-0.0818828948489472,-0.996753071484945,1.21682937397253,-1.31407745659017,-1.47664015574285
1.38912619374999,1.15182897046384,-0.311121426587068,0.731491232512477,0.477860450917821,-0.796906549918574,-1.60191247248573,-1.41417401051878,0.109809989851326,0.299422411396835,-0.229231696284476,-0.477764492157616
-0.291507114471884,-0.19148243450964,1.61677521579569,1.18236908102161,1.42341685814936,0.305968882761155,0.448648277406057,0.225356266190756,1.51954551738122,-1.3451079454445,1.33839598130129,1.42713400705663
-0.525770226855855,-1.36249773051017,0.933566141952773,-0.164076613341242,-0.455016297791158,1.41941758430296,1.09466028950142,1.6869203896471,-0.293718789047353,-0.833004370491055,0.838326370045423,1.26401929922854
-0.646408159758937,-1.93879743421745,0.561841645839332,-0.0751814648476535,-1.06477237612726,1.62342376150731,1.35513991931391,1.36636638960183,-0.507129658666914,0.00550003888622179,0.533207184189157,0.564586723936322
0.923106049990703,1.48526394191472,0.578404168910718,1.08381948107841,1.5872330094441,-0.460659041197717,-1.3949841985972,-1.31941327036399,0.898450542186173,-0.066237362394848,0.222315122713916,0.00857693708793972
0.102882322278441,-1.15142813376697,1.88377108895639,1.20977433137568,0.730905843533254,0.765174747304936,0.924650113428803,0.326979972826581,1.73998392369246,-1.62849438084395,1.6055065176501,1.63982491604359
-1.28567516457703,-0.574857768909389,-0.70116149047097,-1.51906258268577,-0.690214481293917,0.521259555290137,0.101043481105723,0.72702987126025,-1.49940042534309,1.00513087025643,-0.293240393027111,-0.481104629027534
1.54899922830467,1.07805258993419,-1.06187327223154,-0.0249585109562389,-1.19094031551235,-1.57538026909871,-0.770679495753807,-0.949002202949638,-0.24919315227011,0.516406193706819,-1.84161385355521,-1.64633285442929
0.337779522666857,-0.0603861195235262,1.51433161190788,1.50174480438356,1.87986114132746,0.232980949002998,0.484162964962456,-0.602503774789839,1.18694970753212,-1.58050639329985,1.23721832647371,1.02634914518226
0.351467929329891,-0.121239603092372,1.48059750738524,1.14381020731759,1.45684278867919,0.501750784254503,-0.276272584568296,0.640727422737791,1.31557616209589,-0.899761204284994,1.26656151527997,0.825175874171169
0.146379961271664,-0.486687622026747,1.5699581834229,1.18619369877558,0.879322311745043,0.530093638169203,0.893942643733149,0.69315374321837,1.76494073645705,-1.67746358800212,1.14770103131746,1.35941605834967
1.44071255803847,0.723708896377735,-0.833280338718107,-0.166111015182243,-1.87458054181701,-1.98203669918236,-0.643550898442225,-0.640234961096954,-0.185532365688691,0.952735352796804,-2.23333993540898,-1.65219278759491
0.681806101784617,1.18336138082821,-0.718781359598505,0.669981684561963,1.01615425572126,-0.824653795011248,-1.33481907656414,-1.49011547192863,0.367859011846943,0.527335219472705,-0.0359008750220489,-0.634855148715374
-1.47791288055329,0.0766128950289314,-0.341861520679802,-1.02457172149919,-0.704173494788647,-0.311914581611142,0.462144077896518,-0.898404230348899,-1.12135449097745,0.612876423227298,-1.5948419316882,-1.25113075716703
-1.55043060425377,0.254585048606861,-1.3892541437422,-1.8097092481819,-0.845915579202592,0.462500405205688,-0.0196310812050127,0.402380925335068,-1.20874643679738,1.39677444303915,-0.0824769635851879,-0.810534177921345
0.635861017423283,-0.161294436207923,0.902302719306074,1.25697205983099,1.45399359326,0.407138279106994,-0.230203565034123,-0.526703719030542,1.52641927493951,-1.20575726181083,0.547617836388735,0.954267000255587
-2.02526343113701,0.556442152154953,-0.840230259788359,-0.723762602609458,-1.03270223818515,-0.534728148264353,0.652947359177245,-0.447980348888978,-1.2407155407548,0.918528177028706,-0.982616079349242,-1.63921215558623
-0.264249013583223,-1.52839590657948,-0.377680355593312,-0.902095921453271,-1.06682139335879,1.03413287178059,1.04900078250423,1.17830414904335,-0.978205438632948,0.95133837910426,-0.120688211432827,0.59458711331693
1.36682993091238,0.8315471158643,-0.601111930308899,0.351312554681517,-0.0717798083419678,-1.58684019747495,-2.11837062977781,-1.0373513159845,-0.403074706631485,0.924213027761462,-1.17097882265846,-1.1796887658388
0.127973221299734,-1.87336055506602,1.70444526725454,0.697636572635033,0.219516947804621,0.568537187514254,1.16672011252111,1.12499460900232,0.621426127471798,-1.58687316586035,1.34063438180771,1.02295985957976
-0.337354087153085,-1.06521117220924,1.81207532087374,0.700903036756294,0.443745768215675,0.454240500415005,0.822890857736522,1.0020774192158,0.715604183494267,-2.1500514734242,1.3066213782212,1.35523719185219
0.418199305483602,0.892824624139068,-0.0686137488941358,0.819902954127543,1.44806761211495,-0.397210567834278,-1.22495311485247,-1.67653240113467,0.896610407722364,0.228182813636914,0.433888286207994,0.0365398268104787
1.53012861304406,1.61310312861013,-0.415425052256842,0.497637607706798,0.32994464191071,-1.31389203388548,-1.953521972432,-1.1797705151028,0.126114818151252,0.623742778986934,-0.957764840018442,-0.367599515224495
-1.00860969076077,0.295114212393254,-0.11609660216441,-0.0284782759850251,-1.02622982021139,-0.234704477394272,0.533390073876115,-0.879798477310748,-0.972557688556781,0.464469976084052,-1.41614479121851,-2.04234939872653
0.746293429411785,0.809073431708998,0.186555703491818,0.88783156300302,1.42936368201921,-0.587356740414646,-1.77868817399301,-1.51973414614924,1.16511418843399,-0.342885017778046,0.0684755310867801,0.738758768060803
1.79188039145202,0.971364466168978,-1.12925416289442,-0.437146075628715,-1.57965710645705,-1.44436341215742,-0.411402270921572,-0.535372989466028,-0.880311228572799,0.126906337256536,-2.48057091167729,-1.44724988405573
1.50674712329509,1.15032712387394,-0.70185262779935,0.123254513040777,-1.26269603150487,-1.70948245473408,-0.83857223049937,-0.725330105485032,-0.322866132900046,-0.00505056502315296,-2.29061406938001,-1.5191958233765
0.553978489495939,0.34142666115262,0.948263239270862,0.849480256054659,1.82630676047457,0.271017281053884,-0.297869487842576,-0.607332113429698,1.62723293222183,-0.957258550748956,1.09126740655456,1.2095739324779
0.39698196563302,-0.316256399056557,1.57452224395164,1.34360861295385,1.12576576317311,0.209003716776875,0.965880553146742,0.34077946371483,1.60739744259383,-1.97378965499295,1.40776967236467,1.76382950316493
1.18566285696135,1.08820160936454,-1.5743997112207,0.367464217350535,-1.83974406951784,-1.30009306623241,-1.06405100047904,-0.756945648188624,-0.553580347963934,0.468986246385828,-1.74142877935182,-1.44001485167792
1.10118290765073,0.478658952511181,0.52699250963375,0.833115063224224,1.52846262934247,0.026429915624812,-0.429292627729031,-0.58674881750943,1.60007366108866,-1.01820632497203,1.01822778813396,0.43346274451953
-1.22962331973421,0.0294242495774441,-1.00434954832646,-1.61242726810742,-1.06546179483615,0.953037104549804,0.136160573178304,1.20865315344339,-0.964717081179452,0.743847676649854,0.0842443936053491,0.138709715339628
-0.434314029372888,-1.16529166998697,1.27585671908534,-0.0223695930441023,-0.621765870029672,1.18066854956206,1.4380478421344,1.54742453341238,-0.672479663475771,-0.707001852962973,0.521916825835761,0.966516485679989
-0.538655734133501,-1.7587866972681,1.48144022077661,0.579044724097077,-0.731098877433407,1.37867933185909,1.36052914919692,1.34822335358676,0.13620718481614,-1.25341902316355,1.21582035150376,1.1378801818148
0.898357304454799,0.547217219460264,-0.227403172104175,0.619317699191163,0.893280795918824,-0.792859799581808,-0.799401899635272,-1.03928444740658,1.00241017217491,0.253109844001174,0.0729532277893585,-0.165802206703662
-1.04828739915024,-0.406447348745318,-1.70624009387386,-1.91978354290234,-0.951721083049881,0.697412363847771,0.490589787042289,0.464914964406275,-1.23300304977176,1.64836602654316,-0.546640675796239,-0.0234390900101537
1.00353442783796,1.61823651069097,-1.53429775160806,-0.0277077964330917,-0.401424177896903,-1.77499539751245,-2.0006969801035,-1.13572936491126,-0.500552890153086,0.66631899353824,-1.41383693386678,-0.932825754748532
-1.17113728739165,-0.816947566652518,-0.24914776535368,-1.70267269815911,-1.14161734211115,1.13738694001679,0.335500658929406,1.2223386751027,-1.08422262861038,1.08859371439994,-0.427727415328976,0.473421158659555
-0.0507048543429814,-0.203307899196097,1.40097418758494,1.18674673190386,1.07587956560217,0.317319173684798,0.239901066397407,0.381120799416985,1.52763619324268,-1.9494189383449,1.74094476176109,1.05040943879867
-0.32330359711054,-1.53746975402687,1.30947340893251,0.4997483976902,-0.0962331462054228,0.990436140706595,1.53491857012654,1.43442185849155,-0.0139838245511295,-1.43635390709541,0.616242729554425,1.07774698675742
-1.18051281284973,0.770086330657138,-0.819289533218435,-1.41740597988221,-0.725238746123991,0.330501287075162,0.131295378831132,-0.156069496009384,-1.47414280341996,1.31768851386825,-0.957031342651943,-1.06290475467149
-1.56278392427686,0.26830988853269,-1.01137603992686,-1.33833468555784,-0.790425754260106,-0.100486758888653,0.539428295503116,0.000564719779182266,-1.15074537116305,1.31345480761873,-0.742138685982182,-1.24912436073487
-0.580452946406405,-1.13726924786597,-0.061625003299617,-1.37054234319577,-0.941705369218,1.64750487932347,1.08473504218347,1.65372363397043,-0.616453146456357,0.849707161824669,-0.200868909496098,0.634416959689007
0.310142950846736,0.805489962681997,0.0194627798003678,0.613132653302986,1.68712219301301,-0.728132414136264,-0.688743685878707,-0.884341797484001,1.43872728176082,0.348579747882861,0.331167814753982,0.148289270532657
-0.249541170384002,-0.816190082240399,1.69327748327982,1.3066569255599,0.694730638859739,0.626714690370229,0.466654614527762,0.413453342735652,1.61616017282464,-1.67730165411487,1.53232862461734,1.37837619098745
0.868303317112486,1.99666335625645,0.103433324081575,0.60094852860752,0.0190980040934246,-1.05261393363343,-1.66206672295559,-1.64068226032619,0.0751478337356904,0.957061966404834,-0.706509103449755,0.0441730741459491
0.838491632991707,0.634143647737447,0.223581985270834,0.780843200199033,1.33886067029158,-0.747945902369699,-1.4488171570753,-1.06968351321463,1.14451336077896,-0.453305053323711,0.685394129408499,0.316020371801038
0.117575457317092,-0.529160935162068,1.53598899720806,1.42060146993207,1.33883518289306,-0.0227250435657313,0.632481698301162,-0.0268829287032063,2.00615012757993,-1.60584249302507,1.58988933115126,0.833636852371168
-0.911156965701405,0.290279575104753,-0.640956317343859,-0.974214169514145,-0.405736231345386,-0.205973759084494,0.158786037132804,-0.413827243204397,-0.98147012134193,0.842498775359068,-0.89548779051995,-1.27067901022362
-0.590629904030379,-1.47801813648809,0.39486133075073,-0.522046648263181,-0.782355895808004,1.83379376607993,1.20240103262433,0.969530390320325,-0.60541998042493,0.0127431854363371,0.812428084539397,0.622674769734673
1.54716374312957,1.56459071596156,-0.731778036078407,-0.164266444609185,-1.0766786288969,-1.65153062439702,-1.02997618772808,-0.856779216146774,-0.468123384108908,0.123595975456989,-1.7060164740121,-1.09022544622118
0.860653601765082,0.908294709113035,0.320156679858435,0.572576799445134,1.71840188642241,-0.717810695160439,-0.905132293482691,-0.447077312450222,0.855483556029966,-0.466328974278999,0.486283652578136,0.592631440119504
0.159210122424628,-1.11184380364005,1.36024903852908,1.05511917843144,0.773539439534952,0.221937905527399,0.952367486623046,1.0633373214338,1.54062184127268,-1.70966151079487,1.32823174185597,1.70989457857019
1.00208221464211,1.78582661716489,-0.201436514704665,0.656188596539989,1.51253364506995,-0.678862519610327,-1.12395678333271,-1.32640620398981,0.657498288434584,0.600228508776926,0.441920596908659,0.259645469688525
-1.80501387803287,0.198974657180589,-0.171209528529918,-0.761518759665113,-0.899113871000325,-0.3872143476509,0.459876926462639,-0.790114679013944,-1.16288755826273,0.897785915678587,-1.0964509096556,-1.80607383250222
1.32965132689557,1.32517532812469,-0.486496441811595,0.458234651449766,0.592570890704733,-1.01897792483626,-1.92237502113012,-1.5696710903665,0.403547335509682,0.342290359820584,-0.162424105265054,-0.677790233800606
0.0379485181588298,-1.00043859822201,1.3840783694331,0.935489556554028,0.976830723216284,0.413129181416526,0.82528315177909,0.513298264401725,1.40260148900427,-1.44437254891194,1.31231929831164,1.54251661193752
-1.57041533428391,0.147393457602398,-0.868326733180866,-1.05868231228314,-0.979678834904321,-0.431180455124537,0.00342240584427256,-0.227091278931562,-0.817673303474959,0.740252426699843,-1.0720371266653,-1.82974466931814
1.08947825735269,1.30029031192277,-0.770413139441046,0.856172709184573,-0.328940948001623,-1.27996727745738,-1.4467277322348,-0.725154612659157,-0.201377347387947,0.807777551588788,-0.906561058205956,-0.138807028054923
-1.04191570309836,0.427233554080088,-0.778305829713813,-1.41777555177804,-0.729748949114246,0.222755990957629,0.0539076583559659,-0.0824363712556353,-1.20940979666872,1.64822891330076,-0.430483170661684,-0.803679193728961
0.412551333086672,-0.304332066366243,1.33919418958097,1.45592876090969,1.52844314087283,0.264916678015727,0.622889188794106,0.53930117377764,1.38415643817118,-1.65341010328846,1.12092850001922,1.29937881210908
0.221276852302703,-0.566589698464749,1.83118040786434,1.21319615036881,1.02825310496751,0.876583342389134,0.940311780447233,0.749155601200986,1.11298880401776,-1.44367584852752,1.06969099503403,1.06256119047047
-0.971143974645698,-0.32818620424447,-0.88666480326061,-1.78736922252072,-0.789867047484651,0.711581966550147,0.583946308977681,1.12962470145803,-1.35300764524279,1.32743242943539,-0.343293461867158,-0.367326265062307
-0.965455152352963,-0.310482324764204,-1.16087730928001,-1.66873526708119,-0.420429032985306,0.755077698765151,-0.320644512250975,0.560615464215982,-1.10061257947591,1.38571110257751,-0.597033486182471,-0.94497422558752
-1.48767664718618,0.184446562920282,-0.810575992985556,-2.16679620212846,-0.759102461488312,-0.627590330452327,0.432500817816422,-0.558065688000297,-1.28129203788229,0.983596379629386,-0.610283842105508,-1.04184446417309
1.82227502681601,1.67640530636452,-0.515564810978042,0.21863828764211,-0.560231958613435,-1.19984522983775,-2.02566661686317,-1.15992955251524,-0.446497128572815,0.740808042802111,-1.44884844459637,-1.18662119909082
-0.303112742142939,-0.709794956579492,1.85690030303617,0.653136387837192,-0.0220033056817598,0.922339627501067,1.28872891313569,1.10731405198353,0.68261128525188,-1.56642334403139,0.839358606538502,0.882246417960749
0.262625626057059,-0.751163322825378,1.62903163462077,1.55773132317791,1.40042679330318,0.231689367160268,0.891944796093098,0.607974295109934,1.8718048866163,-1.54831530883314,1.28937158947898,1.17515343519004
-1.49426164646699,-0.0612573670153487,-1.09677143555057,-1.3171095930301,-0.534007195828145,0.214625852172621,-0.0643242726452811,-0.0899972270234195,-1.41269542035097,1.40108533432711,-0.529664097587289,-0.680412373142168
0.559772669653264,0.460046398549825,0.572877060643984,0.539598340596897,1.43929677204677,-0.32973690169137,-1.33630413200022,-0.972062909701519,1.02659271267145,-0.346909311535509,0.974386502771771,0.973526680027267
0.0373485420244684,-0.208633257106044,1.75177480046679,1.12680246812248,1.4833851753161,0.0714656341945297,0.246907979349504,0.277112812423827,1.71880326634654,-1.76279179397934,1.33236244064955,1.11218642155578
-0.484497538119743,-1.53835373101897,0.489258325664087,-0.129452917485422,-0.398038972168623,1.24373227621539,1.06857803566497,1.26817304421163,-0.389219903369824,-0.0592935050274512,0.470784409089551,0.973573311078911
-0.348822866397543,-0.658251367640364,1.46804047451801,0.517948139119939,0.281094765268019,0.530444730982881,1.42437197891762,1.3916320647002,0.872096663788064,-1.17706925161374,1.35398240799309,1.05452613081865
-1.29120339647762,-0.61952503804045,-1.30470792221201,-1.53486973449071,-0.896073562773921,0.787492844397105,0.379857430303552,0.498222665808806,-1.17725952190967,1.27361957784577,-0.457034910059355,-0.295578757385148
0.725849440896447,0.569902786560263,0.507703213802982,1.01560904794865,1.73872201833219,0.0719832794786655,-1.21979450054123,-0.420231158057583,1.6793861655045,-0.5868249595464,0.837774728849011,0.447322398491067
1.41104068229947,0.945148887404352,-0.8495122750991,0.0701875743379646,-1.65065742012813,-1.53602325578568,-0.626470572291302,-0.815910479953828,-0.336483950317084,0.224016279856377,-2.08332649670107,-1.79531884539806
-0.727513533322834,-1.65958944316998,0.334243227995442,-0.213244550284142,-0.74962421083771,1.14367048947302,0.984122915963047,1.18532656206503,-0.250959377178316,-0.607373182974818,0.62403895222277,1.21419238385305
-0.573888457524365,-1.46193043561957,0.348357474059987,-0.509724560579113,-0.734559111606628,1.86957654460169,1.53254759906143,1.35654047371232,-0.530526681969173,-0.0523101260701936,0.699914660414573,0.596457782731054
1.16025700132118,1.62605922537357,-0.191080163288649,0.0169781737340349,-1.00369950391193,-1.34350437698888,-1.60614896987658,-1.24033271250554,-0.509928126401253,0.517329728228116,-1.42527110575574,-1.41857428025607
0.388205810437043,0.494694844081504,0.864662481561004,0.714958217737103,1.21803754579564,-0.454661825271681,-1.01851566338575,-0.693731502354714,1.24153480725957,-0.222445643494308,1.14091608908078,1.30263337850513
-1.27956877078593,-0.868969476229746,-0.874558593655653,-1.35019913594185,-0.566679337690259,0.918232885609585,0.40629405039663,1.00754011623674,-0.840439369841384,1.12828526085337,0.0863992775162538,0.48689996455433
0.0205658347988115,-0.897033758028059,1.70606231510725,1.23551760131356,0.985035346510921,0.236861298576999,1.21872602172419,0.715277421389129,1.36940803115295,-1.743695936619,1.25819358489247,1.77826024744343
0.981811874335655,1.09710623551786,0.20897191169701,0.731107777722393,1.29843697732318,-0.400429177784931,-1.37767675002948,-1.06706771831054,0.855627058884072,-0.206628446780591,0.812811077837887,0.316121895352466
-0.0334440740317917,-1.45217161818296,0.733018266791298,0.263921294881768,-0.149249683448758,1.2026187408449,0.959319195512347,1.54310495868041,-0.205080577925123,-0.893289086924377,0.50470719354739,0.95400801016269
-0.728043028715349,-0.473729467774952,-0.500413046940123,-1.29625331591531,-0.962523886608913,0.809415177206638,0.673664278314572,0.936314183033674,-1.07298563133268,1.35357676322958,-0.0481207467535469,-0.219755365455302
0.701757366007723,0.642608773505335,0.530057631449969,1.3690319141982,1.67158294170583,-0.963930782656728,-0.678103382193392,-1.24790890216821,1.41871109280027,-0.210148544177332,0.911805795637229,0.700891806720454
-1.7348050088362,0.691186465482871,-0.857522116411591,-0.728858260717914,-0.701454245856698,-0.215051661002069,0.43268540121594,-0.643085700676053,-0.732806886289671,1.2235772713393,-0.999187241312961,-1.77937268828947
-1.3748234549066,0.0899301963998681,-1.21276449155994,-1.73463263468728,-0.92918635494108,0.59198473701005,0.304181091527165,0.443363995015711,-1.7483402947577,2.08629994796153,-0.509452075281973,-0.624580810484021
1.26573686576322,1.52484716957457,-0.832704395190875,0.359796415933966,-0.836966646894356,-1.14859275309792,-1.85634056734103,-0.796927598225645,-0.105656534038774,0.389690477614418,-0.956043776466189,-0.479369930369981
-1.30479115097338,0.143341537420197,-1.5902413238219,-1.02261627103213,-1.17087020050964,-0.250636691160343,-0.298304578771757,0.177760423488835,-0.54895238206312,0.992756493782467,-0.834085858428828,-1.30219552523923
-1.04798932738934,0.479408494046606,-1.5424578554527,-1.75690890203957,-0.609460338369844,0.237898203042867,0.176464222420198,-0.265703017608218,-0.983261866823505,1.33386392928949,-0.486414513061443,-1.45568817252564
1.34479338920559,1.09708697758165,-0.955226641699814,-0.159503358056737,-1.10980422324068,-1.71710215492417,-1.61070866635599,-1.25368508474778,-0.402968704873299,0.362152139134939,-1.28538692395464,-1.56743765449302
0.261063764814639,-0.440298459428549,1.67268842802705,1.75504864529337,1.13783646317187,0.181062193183302,1.18325397041694,0.156348377724425,1.60477224036644,-1.54628011347989,1.61280710219503,1.24937747935974
-0.821395605951987,-1.23150270240432,-0.474441246800358,-1.09459381341525,-1.00102394395662,1.30177163012316,0.474938430744262,1.4895288290991,-1.0289502132109,0.431527117350336,-0.135101996740023,0.958476062010409
0.5345243804272,-0.624003632939163,1.43209443046142,1.22950410406925,1.36569673260026,0.503309312101719,0.171284969167193,0.622504635606078,1.27119556394404,-1.40289109600906,0.911037453946855,1.40521543381731
-1.27718291949863,-0.298684272269331,-1.39970531237,-1.56862201796403,-1.0454020857334,0.432808865591145,0.341903943820135,0.748451295105344,-0.724776720570325,1.20283396724963,-0.577161866006002,-0.337053286903076
0.304634522806921,1.13375615738186,0.444360588931073,0.597662036777534,1.77630689024679,-0.82115880580257,-0.793612853134007,-1.37867758146615,1.48229011254958,-0.288119465362436,1.0663515191188,0.96362990453877
1.14496612052003,1.55865130978707,-0.500797212251848,0.132784229257941,-0.743310024407459,-1.52741125250337,-1.64953857628271,-0.951187924812984,-0.502909882916122,0.251950595994321,-1.99434544237493,-1.08181557088377
-0.931170677416799,-0.406431737905509,-1.3164199631653,-1.79400100152453,-0.354720151169333,0.701628307446138,0.00315144595598021,0.977901178042219,-1.21288366421835,1.11173285902194,-0.524336286584171,-0.0380273486054118
0.313814829754346,-0.000301990572505767,0.912334233630102,1.21171053173215,1.66967729574449,0.290927429657524,0.0333418654864569,-0.334392933572168,1.606480065708,-0.731572030915129,1.10807802044772,0.895788355688456
-0.572806067757371,-1.2638407942111,1.11767054913732,0.829650177224889,-0.476227591682702,1.28960112718159,1.37509674097219,1.25855690117963,-0.0407593549465802,-0.50891600961603,-0.0159967401591867,1.24442421699073
-1.12523630159322,0.411997921192105,-0.776003584033143,-0.807670559003084,-0.691895468537666,-0.561851884314984,0.299786740881663,-0.727577277077641,-1.04362073231256,1.03183478710493,-1.23111984916005,-1.93640030675561
-0.374215966730661,-1.00582247295835,1.23389792303511,0.793710601905808,0.995182919811129,0.360859789676662,0.864638067690126,0.874652574042417,1.4655223252489,-1.91698898876413,1.73168171605242,1.57435481093218
0.109819075966357,-1.26708713440893,1.27391502569606,0.978358112637996,0.51177345013876,1.13273851272576,1.31692220987413,1.1253482570292,0.182418223307312,-1.52501620978671,1.22916515099623,1.51647714879276
0.378311260685623,-1.25032354259825,2.0858018028051,1.2296341838203,1.059415159768,1.07404141427215,1.75872713369586,1.16432416229566,0.959608873687161,-1.83438509772935,1.08101039222412,0.793939262299176
0.775318576594614,0.579472934952171,0.524791037529067,0.882170264760217,1.56623431275763,-0.255731510208442,-0.419768283917361,-0.94245208795137,1.358468942306,-0.144079035472608,0.708214531981639,0.351049851536032
-0.770375146752462,-1.71025703061994,1.87758818708287,0.700328032855703,0.288793874298398,0.944664405475287,1.67079781686186,1.07656001764349,0.813983808107145,-1.25163816210947,1.09607319569331,1.31985633452482
-1.7610777638039,0.688750016250862,-0.929416386743883,-1.2515230041872,-0.811711053916217,-0.148641831778209,0.272660153542715,-0.311560925249631,-1.14555973936157,1.17240814871228,-1.14415812596486,-1.56069743582638
1.4681356926337,0.889357699443369,-0.776742281889202,0.433980854597599,-1.47837517012566,-1.51207442670076,-0.204400777866089,-0.36696224480385,-0.559009319929406,0.495708626835798,-1.67582712877635,-1.81808426151625
-0.543616415802706,-1.50615517216518,-0.173409510301481,-0.235025572558251,-0.369670969856866,1.46162063718964,1.11813083165565,1.27486788543996,-0.541557145707652,0.209850873317391,0.415508992358649,0.9381719104355
0.434220593049376,-0.715338889406883,1.29545544784692,1.16282575927487,0.933661601244967,0.182250695512646,1.02295924035807,0.439894267336268,1.61332944506615,-1.6474458140178,1.68490595490663,0.874674808366294
-0.29886635845247,-1.65562609751732,0.561884867439262,0.0916918533172432,-0.76167262627191,1.35438976508065,1.20067258421868,1.48686810982215,-0.0487358022232464,-0.411188090508468,0.436348820969088,1.14072970163188
1.48758097768592,0.694947290338109,-0.53564336840796,0.198716864397881,-1.46043844252937,-1.98075231609685,-0.79216511354601,-0.593746784318758,-0.0590439608242318,0.593354904789008,-1.65849601878372,-1.71972677269935
1.19903630216193,1.03816879993187,-0.965477279775039,0.0746751864096674,-1.46071398295336,-1.62491818420736,-0.520237824608266,-0.5462522436254,-0.361197288185255,0.202113803118876,-1.5514650954044,-1.8621536047763
0.940873847534738,1.49411290066836,-0.441916951497419,0.685013584532932,0.118020137031531,-1.53246021417279,-1.77784098946588,-1.32540388436612,0.257091914657539,0.236915187795819,-1.33487196629029,-0.391862306992736
-0.961483078465353,-0.669024145411215,-1.12751616336483,-1.89424032296291,-0.750412800773422,1.03689949257355,0.62176756201607,0.706547025057059,-1.24068151233729,0.984257420642167,-0.553606139772856,-0.236639199767633
0.841160844831121,1.66265524544336,-0.612281657507839,0.946917942226268,0.773274931174322,-0.742626965368811,-1.77834906025439,-1.5987777418161,0.381117708886926,0.00838266009478578,-0.276699011406141,-0.367963992408777
0.665354055609091,-0.0467662509300705,1.14742998840087,1.24861076767853,1.81454468140464,-0.254280483725815,0.164809192013081,0.340679712923432,1.43458800742916,-0.977946754246647,1.72983988419754,1.01773032490907
0.58485094981068,-0.0299306495252896,1.21620559813008,1.46306739371605,1.24818432928894,-0.433405911341288,-0.222162453437309,-0.214641880816488,1.56802695652633,-0.71198902794758,0.723959399611556,0.99306387949314
-1.07396937927827,-1.45279881040714,0.487191490389217,-0.369624464006794,-1.25332141750258,1.94078901486714,0.937157328201281,1.37545857823644,-1.14267920229146,0.280896072603562,0.422199379976446,0.445120325865102
-0.899832415289895,-1.33355636346108,-0.587356463200189,-1.48253704165964,-0.938221523028475,1.18459797201444,0.377336023076249,0.936876002040632,-0.895401439348831,0.401522534541279,0.111350892258585,0.722348682132878
-0.189895605930001,-1.4532563603482,1.40609953172076,0.331622943387645,-0.116880909441656,0.774614007023925,1.57591672482321,1.26843155905865,0.353598964249058,-1.28627912149301,1.20693088217098,1.26840558996425
-1.41478864249125,-0.209259188847553,-0.678587550775033,-1.55377122668162,-0.681863951158423,-0.483004225005769,-0.0775379591884101,0.00699952779609914,-0.995325406443933,1.37790813512095,-1.26878573207387,-1.84670492159606
-1.27633019987974,-0.092284443928463,-1.43401693056241,-1.67948844272814,-1.07421484284654,0.0150500700118742,0.842150737717532,0.239128107948745,-0.985639785902616,1.12891616731117,-0.788629691065655,-1.36686413041374
1.41681812088475,1.79934577854638,-1.12412658820276,0.138175270025957,-1.14771722322929,-1.54847096643257,-1.24530155521782,-0.907394999829845,-0.781500149092155,-0.0150992813540365,-1.99409861096265,-1.67518197751661
0.646024815607612,1.27148825749123,-0.349195276472029,0.853754019342413,1.52616127319255,-0.354599211125365,-0.965064580443097,-1.18087894199355,1.05576654522991,-0.206753894139332,0.544851642741356,0.0478773632163684
0.509723341872953,0.6326321993953,0.623330776710042,0.664475926530461,1.78197603874882,-0.238225993921837,-0.645277201872078,-0.888447608134048,1.03136732850478,-0.799271370699447,1.07780108106715,0.648098410236724
-1.27436632631019,0.0616406252517151,-1.11831737980124,-1.5350268634648,-0.464888989527627,0.045687058273997,0.0393473351009119,0.571804158572727,-1.2707333406997,1.24634594628292,-1.08055940842427,-1.18511850527858
-0.92518391530924,-1.09602399210537,-0.0471599715758785,-0.873956402979131,-1.11180557179336,1.51620292382585,0.741012692251312,1.22827215800246,-0.98270114162285,0.279577166470173,0.0867599273790872,0.674939064419206
-0.818022131605468,-0.659557083201358,-1.02478256068221,-1.55427094374977,-0.936391490477082,1.26287768071098,0.204890906046926,1.18066692531118,-1.13348546911205,1.15296269372064,-0.301572658961223,0.31399468670667
-1.66652115499125,0.44708121025331,-0.577830836144475,-0.245792188214936,-0.842056360646384,-0.169298813942477,0.410392723639152,-0.632838409275579,-1.21284364377548,0.545125015875988,-1.36713282691442,-1.7333606776884
-0.284106862513412,-1.42565864141181,1.35756093145306,0.548346561107706,-0.199932658992808,1.48177738499548,1.78104286258911,1.41451131844395,-0.114090378888909,-0.69036239511728,0.668220615567041,1.04828295465573
0.153343325615679,-1.28134165063485,1.56860704543904,0.96441231634423,0.649642565381158,0.362920847918604,1.01584391812308,1.0317407853912,1.51408164217157,-1.40750533683427,1.77906540880538,1.22001660151944
1.38492523628991,1.08424175740599,-1.12148938415523,0.2588216583396,0.0101202847694001,-1.34876834671127,-1.62844538554824,-1.26242800229975,-0.324545946034929,0.742209591348582,-0.50839517513085,-0.440697157106403
-0.74323138186015,-1.59297019755102,0.0676527496570948,-0.770727572719585,-0.872192256414714,1.47296807040631,1.21062130229029,1.68883774287668,-0.688323966015395,0.325928230966247,0.456740983387778,0.902792533535257
0.531151244973334,0.514997223459607,1.42687404846768,0.717277346086728,1.68082387829841,0.284321094325596,-0.594713801343484,-0.709499919238965,1.18861020186985,-0.512133906259159,1.22037741836786,0.777638859064094
0.515949738686715,0.335841456586293,1.0273039312644,1.18360551413431,1.41393422353251,-0.178483933180506,-1.09304203170456,-0.477812529118136,1.93514716591435,-0.820386724431704,1.4868460639737,0.935910103411074
-1.29116760825217,-0.210584162218361,-1.56288940814494,-1.91441896196186,-0.898679246660415,-0.0879006302961152,0.163362867939633,0.478553750345492,-1.30258773341838,1.62443128549914,-0.325303342695072,-0.270798274975986
0.77515431963762,1.01586710450628,-0.107124290126549,0.696535102760403,1.15123022087369,-0.821724794172502,-1.10307136015012,-1.1917672665485,0.554573527874838,0.115182947253057,0.506403405536011,0.26504891876116
-0.121467770818964,-1.40925728458929,1.06325604433634,0.119965891355298,0.0540988977770867,1.19290223662376,1.50757732201082,1.49023622026677,0.331143642072517,-1.30746390399517,0.477227548448579,0.841850225196769
-1.62400060296848,0.552925513800429,-0.933608398335174,-1.1227410324282,-1.0098633070888,-0.518044777780547,0.248059529818922,-0.58101437855836,-1.00562775757029,0.957218787096848,-1.10889680858751,-1.34482920865098
1.05497025698864,1.09298527998568,-0.65836280942816,0.13992165622826,0.265703991585739,-1.16787645807222,-1.97817518634978,-1.14180291085214,0.0890250794204304,0.302709050963067,-0.618121976092075,-0.710582767602289
-0.321640493081043,-1.83272753145406,0.733000558234338,-0.00782936000845608,-0.506618381779669,1.1267624032144,1.34935508622246,1.76472083278093,0.0963622274552517,-0.951917498370652,0.745092495890431,0.860124756360176
0.777413262002291,1.82412369593226,-0.728966163829224,0.808664278198592,0.634296777130617,-1.1171810084876,-1.4848689681535,-0.914530573218032,-0.120854919127936,0.0450452611010334,-0.480022558776684,-0.4334673155896
0.0468846645157607,-0.402390014525166,1.66795423158425,1.16122557702666,1.4829199224983,0.214115396462752,0.217750121144751,0.33001156992235,1.6796064980392,-1.15423428966979,1.57549697843274,1.17886642910984
-0.246498198964588,-0.0738050174680533,0.954223013040284,1.24621372064502,1.50577033877718,0.314099036078115,0.0299315517255583,-0.323848620715805,1.51394863393759,-1.44645301417172,1.30296593272434,1.46474157278697
-1.46459260192758,0.75364553429889,-0.557154145950224,-0.88207362981877,-0.982036215467877,0.121649914048607,0.380201952062229,-0.250238293471495,-1.32110725565312,1.08989292447638,-1.00565042082024,-1.39769825236907
-1.29989474028945,0.354747690131455,-0.746788272568391,-1.75039137166091,-0.459067096844916,0.0473081234959782,0.590544919647136,0.124207955965618,-1.58404423913538,1.61657668207056,-0.247447152723149,-1.26209922352955
1.25225716713709,0.911050813849971,-0.012740276439343,1.04741813419966,1.04077032149277,-0.928840554615377,-1.36994062676474,-0.949431389540588,1.20962184811176,-0.115449814404752,0.333030602605841,0.00718947663167438
-1.04604972664205,-0.614460803452964,-0.644003637382554,-1.65291362924528,-0.748720977091139,1.0819842712155,0.746390235321546,1.00237562817337,-0.861831852027728,0.537391619789708,-0.39298477234001,0.0730722440797072
-0.673027104883418,-1.14367217268145,-0.213030534750252,-0.550543846007024,-0.728996363805995,1.29276320246807,1.30264436179729,1.50110268897244,-0.48775667224662,0.251345260971542,0.437091520304467,0.418697081355894
0.44185388559508,-0.831846199600451,2.08901751349012,0.645352785079136,0.891434558937881,0.666666361936572,1.22409528051368,0.95068724515923,1.23210288468483,-1.91171637459878,1.40258439636951,1.22959007520173
0.291128504997465,0.443711012543098,0.631602276542527,0.869588452978701,1.61157375013978,0.626965555531888,0.0510122935871237,-0.157214709711837,1.52662932854955,-1.23546626456203,0.725908045444111,0.149284466147964
-0.537512229283693,-0.896953978234201,-0.208388356863048,-0.7933715200976,-1.0034132450208,1.43012306635646,0.560247399045707,1.3907138865794,-0.966664143466503,0.648470743036968,-0.064607900519023,0.622075829887235
1.02003284661576,0.215408029646124,0.598646680114113,1.33535770973854,1.60579163219077,-0.128395940387536,-0.568713404353186,-0.499070096828889,1.89848145099108,-0.731340231906868,1.29985503893723,0.559071263475182
0.752126992727213,0.143476969060114,1.58617025800179,1.40150349584717,1.59455841571129,0.274490815659778,0.499607364273148,0.0899414279402594,1.81220225030855,-1.65857661892811,1.67698875831838,0.943758972825868
-0.801488687967518,-1.74558144598717,-0.14907204101058,-0.583411352628264,-1.09632051797629,1.51896158084978,1.05441855654953,1.13661470845972,-0.960617625077129,-0.195300577051064,0.371347697495681,0.877821069504096
0.261435814297928,-0.85575077290771,1.63341195200172,0.890469571649987,0.954064120923818,0.485185608565671,0.740185432191551,1.00813544869599,1.59945418773069,-1.98263562745318,1.13119751568056,1.20876014579602
-0.579101104226225,-1.17899837177265,0.489684055868423,-0.177173937697267,-0.716587394904854,1.77725896250148,1.15246270438436,1.67173909554748,-0.953265609661978,-0.224563222250828,0.693349087785019,0.70294996766245
-1.55148085992363,0.140917051972081,-1.13719330010348,-1.1813260919902,-0.722018282590739,-0.187805792895633,0.386112376474231,-0.399647052557703,-1.34038196953603,1.14502462524166,-1.22410598245283,-1.8431312196789
0.612527072451589,1.27741883930918,-0.417311444924995,1.13174390463312,1.20592179705966,-0.979219092443264,-1.63288508985235,-1.22159745949942,0.361523174863903,0.142855275781246,0.168997034269911,0.101960955617938
1.18325009758709,1.58970957621887,-0.571404602676492,0.428628915344685,-0.216436956338557,-1.86792369335031,-2.05638358844634,-1.14344815764597,0.197668716045389,0.0193336378545869,-0.928273361904572,-0.711864584867988
