"truth","pca","isomap10","isomap15"
0.778082069242373,0.345185146275412,0.22880209141285,0.199964837021476
0.864128266228363,0.251306757044076,0.148869289510426,0.105802325103132
0.183804505504668,0.508987276134471,0.797363805168472,0.800834002964898
0.487110049230978,0.960337720291401,0.538150386070893,0.544683026690618
0.107270179549232,0.380750142873195,0.878499388681893,0.851529700779603
0.85442026797682,0.159101242321226,0.107998460938898,0.0797438130236684
0.898802306503057,0.189291553949223,0.121252389163592,0.0865325960690203
0.0204392687883228,0.445613738511255,0.89569438757468,0.921742059121049
0.972707271110266,0.209233963499066,0.0997509497846522,0.0886305904154886
0.450007719919086,0.776137014357308,0.602378201883421,0.612614591036068
0.558580203447491,0.91119313685432,0.483321576310679,0.474468392099486
0.690260023809969,0.626904187893622,0.342597273507913,0.295274677615307
0.337841773638502,0.79440693644888,0.673592831717221,0.689785263903903
0.768002945929766,0.309510377696238,0.170639312951481,0.155888761246792
0.954299788689241,0.201537315787721,0.0826447675351138,0.0399975759029945
0.974946352886036,0.0920280452505002,0.0250441196046376,0.0122768631536949
0.35749990795739,0.837372807763299,0.633943110758607,0.638822669172649
0.355955188861117,0.884211707978753,0.652499397921064,0.634407124081796
0.768361567985266,0.371517345379814,0.222299995007968,0.196025396326205
0.701469907071441,0.538436697523599,0.324092447798643,0.283546242506416
0.776659539667889,0.300881465645169,0.183495598797196,0.173904339847143
0.0840749081689864,0.38803090585252,0.915663346599885,0.920599958140969
0.283320705872029,0.710328520733361,0.710604204001192,0.714451170844364
0.0739977706689388,0.339535436952566,0.943126859464637,0.947271955253115
0.899754565907642,0.106216311111144,0.106341603450739,0.061400885978959
0.387670328840613,0.880920089251892,0.618455867394097,0.619631588496309
0.621393411420286,0.801968403649973,0.416844356477185,0.413819184353769
0.219167365925387,0.516373657067364,0.806819864035959,0.809567943467216
0.520132456673309,0.979498778502943,0.509708644538041,0.490765651804412
0.210859533166513,0.553251954935343,0.797728489001799,0.789606770590986
0.249697719002143,0.606424386192009,0.749198056997296,0.772928735809804
0.717546489555389,0.419493701259576,0.26399795081752,0.209928488169589
0.569546190556139,0.774181840302388,0.41897418380391,0.40215068977728
0.464018832426518,0.880715340161986,0.541927560325604,0.55844422071616
0.705775337526575,0.564126404570992,0.337796728892875,0.295378936306697
0.860620277700946,0.165239489606982,0.118600321439826,0.09794430516476
0.0644531475845724,0.482477964102549,0.880547096936458,0.906259714700608
0.599341080989689,0.843290729508225,0.434472255040729,0.417998448003143
0.474007943412289,0.884244046442264,0.52656851988914,0.54270219197896
0.284781784517691,0.656760473649631,0.732670242701321,0.729772071516254
0.138144011842087,0.484519480396726,0.889164571083252,0.854469507739693
0.84546318417415,0.261716554336259,0.167917372505173,0.10949952550925
0.410239967284724,0.845930541848015,0.592843564072517,0.592976154705159
0.157873594434932,0.476275804164353,0.832600829967116,0.846609582123581
0.55764794209972,0.79110568674711,0.488939064545734,0.47208652062888
0.607640188653022,0.784534328053246,0.44815813497492,0.426432531350613
0.124710117932409,0.403823980821357,0.886206980003777,0.90308843690874
0.532091422006488,0.906493264244456,0.547323384388144,0.525159460871424
0.699929889058694,0.54468961323532,0.329351099366616,0.291111966686015
0.456669416744262,0.903467586277304,0.554993657238949,0.563316811435173
0.999037736095488,0.220742233726099,0.0509443989560295,0.0227718760668608
0.594300195109099,0.800434108553958,0.434438682197903,0.41920540883984
0.692344504408538,0.515606555567659,0.295149799019403,0.275508345266157
0.532747716177255,0.926461098289111,0.483707631247149,0.477740277667061
0.939128471305594,0.104409626442377,0.0432675000750722,0.0155179113472702
0.315472490619868,0.770188501449059,0.653439742174773,0.668644669590378
0.265015731099993,0.635156622691238,0.736484497043062,0.751442206880088
0.387748648878187,0.852164349374716,0.659484972891441,0.654392227776506
0.0309712945017964,0.38549708648937,0.977553529111664,0.935271887992255
0.816222973866388,0.304643998324897,0.17992053823945,0.138785507943975
0.832900539971888,0.337728449916598,0.177156716280297,0.160051213534768
0.34049998736009,0.856465034383004,0.684335533807303,0.703898643732692
0.515457011992112,0.941854334739622,0.533219453144974,0.538244020983044
0.725217570085078,0.551554240121268,0.333327664813401,0.312203365358074
0.753802988911048,0.429698925360899,0.267309376619091,0.240850449301083
0.417714042356238,0.939871427812255,0.579074897625486,0.584952413665152
0.345483896089718,0.889489884427073,0.617456619145525,0.640121610445014
0.659682016121224,0.663092266856906,0.384615891511182,0.361435213291705
0.811037357198074,0.280308658428819,0.172541449959298,0.152063694895925
0.914547652704641,0.143510165903344,0.0951522601197155,0.0301188742794592
0.409023108659312,0.815836993088359,0.591463070899533,0.589924017166134
0.597634081495926,0.890509527016473,0.452842311325329,0.443861453202359
0.368352179182693,0.81669725119166,0.630147760887611,0.648511087320274
0.0612476752139628,0.330451390228239,0.934993328067653,0.919515727486677
0.326792864594609,0.749112859795361,0.674894011332019,0.69233421856385
0.967290275730193,0.184674505938957,0.0566359819611013,0.0362450068607554
0.336776547366753,0.74535075153574,0.691274102332393,0.675061864808425
0.865728145698085,0.202832456669243,0.124668263381839,0.0942745174814729
0.869625735096633,0.221166186275074,0.150713047524738,0.101026171566395
0.943291070405394,0.257195297450085,0.110571747447385,0.0944595585408056
0.281532833119854,0.60616542233305,0.747174790697063,0.740120632463246
0.165456909220666,0.397867855416091,0.890675103701943,0.905850967624662
0.65840109391138,0.621385999251715,0.378965458204859,0.344182400876202
0.56114743812941,0.85704573291799,0.449933351883726,0.428437909475013
0.756617553299293,0.356639429211117,0.240959287801938,0.237931476081259
0.1344790821895,0.381509305139124,0.870493637468762,0.89457315457174
0.770644054980949,0.349875157542912,0.26072721877423,0.203719086202645
0.661898819264024,0.681209212310926,0.369799275139741,0.363297583622155
0.158087021671236,0.447309320171538,0.84840155968301,0.859421361624301
0.801762260496616,0.32815838459517,0.231750062870345,0.193838882991209
0.224212865112349,0.634267681122894,0.802279852762322,0.80159483592842
0.83012548298575,0.259420958112326,0.179514218774928,0.163252385986404
0.0208954068366438,0.311701287436391,0.971861639271028,0.962496101986948
0.671891986625269,0.639524738045783,0.345394803239563,0.330665878290362
0.352662412449718,0.797291053147423,0.649909301054305,0.657366169514774
0.201320134568959,0.53730134688288,0.762968841444953,0.761896923168316
0.127089542802423,0.420077871965474,0.873797285071423,0.898903587833096
0.850238522514701,0.196092396077281,0.128568166441688,0.104287571361447
0.673868922749534,0.577603763497799,0.327060544304948,0.295274281110871
0.905628022970632,0.199745532557858,0.0826723827239461,0.0901580388694996
0.821134532336146,0.293635018912091,0.168061787792211,0.152572996901398
0.842911791987717,0.196031465630476,0.122745750986953,0.0895210801532606
0.0966791813261807,0.380459100654221,0.902361023861197,0.900754436327069
0.87370144110173,0.129545876958723,0.10618601391001,0.0947234071035283
0.289857008261606,0.608460749796845,0.788715572097243,0.801080302349188
0.738130338257179,0.470284606821189,0.278074977069518,0.258832116626212
0.173587312921882,0.48216644530689,0.842826814404397,0.834833890894142
0.379274609033018,0.887132866043089,0.629404249506499,0.646815621693287
0.799306526547298,0.22562128123765,0.209447777078557,0.15605493631797
0.734563078731298,0.482892932271391,0.275833650764318,0.241178426015529
0.656550915213302,0.698252161055571,0.369880517630051,0.357076233123281
0.551509026670828,0.868852262287693,0.446972685666805,0.435149725711408
0.892748026410118,0.127026458850149,0.114833171862275,0.0807201812242318
0.37843803036958,0.872281716639626,0.628126922847441,0.624634718952756
0.440738055622205,0.946787708462245,0.559252746165099,0.555200276510765
0.497814022703096,0.870440803857006,0.510600009003908,0.509544187913722
0.142728303326294,0.456080548686544,0.825601202724607,0.837748678575641
0.443907310022041,0.904973680656806,0.591534141720153,0.602250827838848
0.235560368746519,0.628537896214192,0.762710770615457,0.784266262858928
0.386259478516877,0.798779273792158,0.639094988900034,0.643525871465521
0.664224623236805,0.735273598540092,0.383256474529583,0.359119420186885
0.693575673503801,0.625168270052326,0.339157194518222,0.323723864978471
0.531053485348821,0.817539236147084,0.461949369531464,0.454771587730586
0.584119794191793,0.843518412840916,0.47660986348724,0.47086013732902
0.628727992065251,0.825100883709095,0.41891261947655,0.404974370254694
0.922890417743474,0.106013976380548,0.0546896806649074,0.0789671363368916
0.293675454566255,0.641736791907183,0.7374024249171,0.771094272520505
0.650957241887227,0.704486532501965,0.391508673806593,0.369898450221948
0.185328804189339,0.558765027181538,0.802780559605549,0.805876772362473
0.387022783746943,0.842886021221967,0.594891969747889,0.603908368835235
0.565743175335228,0.777423832801911,0.443654977986177,0.431731733925834
0.129994922317564,0.279369591912917,0.919892888672434,0.925696092646855
0.826907141134143,0.343660912120023,0.212923393778403,0.167001475058709
0.279836010886356,0.70327619626499,0.726786959367433,0.72597578768399
0.860468699829653,0.2393877213448,0.159097390126844,0.097381623900528
0.726247761864215,0.46845007074502,0.275684013183222,0.250579285490895
0.199930519331247,0.459704774092552,0.852399244690711,0.864576681770621
0.448937412118539,0.885464254173908,0.543345774611495,0.539872571626136
0.509951552841812,0.87992483332068,0.53419509380939,0.562173086096691
0.228314403444529,0.498538470558952,0.790352921963887,0.787160627676944
0.797746011288837,0.307922452781771,0.206115668788248,0.17009566661756
0.567026929697022,0.760819042522377,0.446418115050651,0.429508130518031
0.570230373181403,0.90467712618234,0.462072500591441,0.460630040160145
0.749556261580437,0.4427389851119,0.272470150354879,0.210278916458737
0.354800483444706,0.810810416711399,0.634685208358857,0.64194089395986
0.777015150291845,0.339319664875503,0.217281216755504,0.178374633736709
0.70704686967656,0.632489068927721,0.376903278111765,0.353043228298078
0.455957059049979,0.972159961112844,0.567456041386008,0.570753298029745
0.415459347655997,0.87407793795904,0.590766796530135,0.592251460757353
0.893447950715199,0.130547726542782,0.0806822323788616,0.049070888502108
0.946140463463962,0.239050572067553,0.0491704597624918,0.0275175834579215
0.601636460516602,0.856050703709392,0.427565908108305,0.418863786547638
0.644278694875538,0.72762175071324,0.391784420976691,0.362276318082312
0.503612890606746,0.932361656700955,0.525103819103272,0.536626928463783
0.671192284440622,0.597838884524097,0.333818060076826,0.334102320155303
0.533446731977165,0.894502910404376,0.511014638375413,0.507565941193463
0.0099441078491509,0.528787398541564,0.958487592215717,0.945460000760198
0.0967226878274232,0.361300222059586,0.889944078248355,0.917892685261544
0.362071436597034,0.8632398493224,0.630576225426428,0.645385076950281
0.732772971736267,0.498734414310188,0.318443435066989,0.279028745861543
0.729560684179887,0.543095610958651,0.289650822202272,0.265292397396227
0.0254518943838775,0.407203365674637,0.965070976927718,0.926496249520705
0.225651137297973,0.548647989213269,0.791459822470362,0.790288720128048
0.330340991728008,0.809029048196088,0.674720469931618,0.662527363408384
0.767962728161365,0.320112705305662,0.206375463409082,0.179851454138786
0.743264813208953,0.454267261152762,0.288743534771079,0.252797404977772
0.641481667524204,0.708890268541064,0.369126819642456,0.345964938500117
0.756723903818056,0.453735251057677,0.278369422256933,0.259226255889738
0.895073238061741,0.222195621069855,0.164623426968162,0.158199849511241
0.244692007778212,0.589212412488296,0.747934537045302,0.748273323877164
0.122439957922325,0.437145074875858,0.869850308282913,0.893843781103677
0.321925584925339,0.741064154928724,0.674428003210787,0.690016026541235
0.851278256159276,0.177202809805122,0.11553305219948,0.0918201191792548
0.606782674090937,0.781678401513282,0.443886410949265,0.441000599032132
0.616615841630846,0.737681659026346,0.394365087035291,0.377809995139495
0.577200691215694,0.83908795454781,0.459003503051309,0.443749176160581
0.314847501460463,0.702412070807977,0.712718927190685,0.717045395684656
0.783778233686462,0.326214332852263,0.204551878515699,0.16924488934304
0.542312007397413,0.978220296656328,0.534357670491969,0.506274992028818
0.0178404152393341,0.334636890264492,0.955112621858193,0.961492064636837
0.695600843289867,0.624640935380298,0.37613707071769,0.343485776820241
0.672110623912886,0.648316586592734,0.346664508438227,0.30835054844434
0.958603378385305,0.137119832557009,0.0628114499935974,0.0272273961542402
0.684936781413853,0.707442969935555,0.376893011848303,0.358233926884898
0.454783034510911,0.943481260329523,0.538201702757236,0.559334174503209
0.935196978738531,0.216809569235816,0.062916438660328,0.0244888152964692
0.175648495322093,0.365823273016721,0.84749538699911,0.858305905708131
0.768490099580958,0.421766701753509,0.230965743885548,0.193114089139146
0.500672415131703,0.921811043389776,0.538108832460873,0.543387625615622
0.497360598761588,0.998841074681501,0.553405024132703,0.541072864266183
0.883285073563457,0.210355233603767,0.119649172130591,0.0939195576549654
0.38926229136996,0.866999390703199,0.646608513322329,0.64286481070819
0.39327246369794,0.812499484942677,0.632140983761935,0.642545976905695
0.961743382271379,0.103972415682243,0.0616945912272745,0.0254926650399049
0.117476566229016,0.474909089380211,0.89060464637294,0.848640190112463
0.59535263874568,0.911892867044177,0.439085994321426,0.441250043612107
0.201663410523906,0.505709793146728,0.79524597337493,0.795443199258493
0.0179097475484014,0.440470481205652,0.961531740930792,0.978299936256255
0.627435038797557,0.797312600194152,0.42105746822236,0.425526091255058
0.906137153506279,0.211412776709265,0.116043369945109,0.0817451623713041
0.417917372193187,0.980818993884568,0.576923853811534,0.575778929586559
0.978895250940695,0.140666988192533,0,0.031812214294474
0.653556206496432,0.809645366340485,0.422647446364942,0.405324225528434
0.0213021840900183,0.366782415314518,0.948248037510801,0.915616351887052
0.478062340989709,0.895801746220448,0.559825732968041,0.568118590678169
0.564169757766649,0.818417737278641,0.46169863284547,0.444897889674622
0.643306600861251,0.689663115885262,0.386245054404904,0.36008897135755
0.460576775483787,0.867309199438174,0.583879703008514,0.611173273803687
0.973160205874592,0.233239036362171,0.0676480899767025,0.0817155886574434
0.444419890176505,1,0.556415353049403,0.562481306653561
0.464910133043304,0.954383971173794,0.547819337847837,0.549700881820532
0.28353994502686,0.660505804984457,0.747848165858824,0.75087179311988
0.342899044277146,0.784716305139964,0.638958585978613,0.640052003616488
0.834582914598286,0.140789413887923,0.125157897966727,0.0940459932931983
0.64930658810772,0.739249177233313,0.433724756610514,0.417346660143306
0.991705600637943,0.107120242042142,0.0421956318034921,0.0283069305528984
0.548453566385433,0.838643392114026,0.487195678882493,0.482424092988121
0.750108364736661,0.367930433071788,0.223446779877704,0.22827037185628
0.163127704989165,0.443891236848338,0.862410440000391,0.882926138871512
0.665651194285601,0.591801457396844,0.331173050483756,0.293082143255085
0.265199826098979,0.625106443609046,0.754290822581368,0.739505503262999
0.063507441431284,0.418784747151084,0.915558220931279,0.916179303478114
0.836612401995808,0.240149030922984,0.131066539441134,0.110067368202992
0.570934845833108,0.8369707675948,0.426001777287177,0.404368943951752
0.274327466962859,0.599414243517635,0.756748173190849,0.78242908032132
0.356487561948597,0.670971063629637,0.686821994342666,0.709176026443439
0.884783901507035,0.0964995731918852,0.0379474563420433,0.0139662453725873
0.0676956553943455,0.360610414619825,0.911298871191368,0.890298737192424
0.517995726084337,0.940726127350694,0.483662967704227,0.480290619437014
0.337295806501061,0.742724813685148,0.701130965050768,0.674505475489319
0.00897602085024118,0.426854531771491,0.955873669970412,0.964672731773002
0.32138743950054,0.676820492796278,0.692140692259986,0.678446548740754
0.978618090273812,0.174988607158825,0.0318168153679052,0.0289733446552703
0.22087461152114,0.585020731541368,0.771254246029878,0.751892410127822
0.169059091014788,0.559829522507155,0.793144923602025,0.79910149932102
0.719311042921618,0.537518709546264,0.294145516891355,0.275849176047593
0.904924608068541,0.120230080652038,0.0653633192740294,0.0326731505457638
0.0997513246256858,0.406663726543992,0.888761918694625,0.916722078123179
0.260250966763124,0.692925899150446,0.703213764025376,0.711535416118184
0.881561498390511,0.272713766435946,0.123842376625485,0.0924765586758685
0.0658405374269933,0.382027852922816,0.945072589373246,0.930807366994734
0.758831214858219,0.402763458277741,0.255348916400781,0.214761298222282
0.506329264258966,0.910131726414381,0.524967690677102,0.528550191956476
0.939107158454135,0.1459523438463,0.0632079542506942,0.0221927607694804
0.927361165406182,0.173947723711183,0.05821837704031,0.0295967048655343
0.536290113115683,0.899708709087786,0.508390484351656,0.497512188312412
0.569998765829951,0.86476116608021,0.465909796421242,0.457226314986019
0.34219703800045,0.853555163005309,0.623217141731709,0.624258925950095
0.212942841695622,0.496219262333632,0.796921270354795,0.79562794734951
0.870781561825424,0.211982981004622,0.160293867750911,0.110706747857561
0.66780341649428,0.735532642496912,0.402648401199818,0.39520214038642
0.372142813866958,0.885886739779859,0.643352391179342,0.647854882228303
0.998802783200517,0.320935636033626,0.00693517054927828,0
0.68434743816033,0.642763864334384,0.340670953221951,0.335582018737982
0.0046444945037365,0.450717712064345,0.949988865753045,0.968298959252206
0.421800061129034,0.888035603312467,0.583688214352739,0.584853221695743
0.917962208390236,0.115739020845796,0.0652203286069184,0.0257289274234042
0.423844390781596,0.904344651011991,0.594787374207933,0.612614907001982
0.368940964341164,0.825764094627719,0.632449957818738,0.644390268998796
0.0319413654506207,0.49937886690694,0.938831718736492,0.964422524381132
0.392530395649374,0.753935177764883,0.63797442527044,0.646842331913857
0.262928162934259,0.587879708633014,0.750452918319169,0.738366660562159
0.298116362188011,0.73195863981561,0.68572872568485,0.710002097869798
0.865681482013315,0.207892866260061,0.122352060609941,0.087284439965791
0.646797722904012,0.689728357761923,0.384711727308432,0.360902379698797
0.934300722088665,0.159004013084731,0.0630201978630831,0.0425743486478674
0.3938920465298,0.843939379144095,0.62639234472714,0.63303994876509
0.995616885600612,0.185856801968705,0.040564634024254,0.0889043541354854
0.528829127317294,0.841094457801268,0.521317550434379,0.528963469688649
0.488712550839409,0.884138030321516,0.519186918578646,0.515998626234007
0.138807542389259,0.440583284209404,0.860758229979467,0.875828607596628
0.586345989024267,0.886966226192179,0.452597634557632,0.447790851145055
0.895817521493882,0,0.0581982522617359,0.0316522136027602
0.894687557360157,0.187679728409292,0.0754276640404021,0.039263969411987
0.611022806726396,0.780929000473342,0.412657366223767,0.400682236264031
0.993746286956593,0.234481533374269,0.0176492966608377,0.0354922558316302
0.276543959276751,0.747277608519728,0.708530514592662,0.704745734228572
0.43911099107936,0.899975224411272,0.549467119067921,0.563321646020808
0.45481404196471,0.947588314882959,0.551974506867789,0.552139762478547
0.546421964420006,0.857542235914068,0.482399155915978,0.47341162217552
0.0283514126203954,0.413262289107049,0.977003814779289,0.970691432719359
0.976177703822032,0.197036530463977,0.0523852639643115,0.0256085410146294
0.763844898669049,0.305861243781959,0.224529620413753,0.167637488847083
0.51678957324475,0.979399166003011,0.529683649033127,0.542444034565975
0.00634553097188473,0.450878245258161,1,1
0.926446484401822,0.14167217618319,0.068253068819961,0.0356579010244978
0.383808882441372,0.934888078337009,0.635701092258696,0.636674664951483
0.368921815883368,0.811120939376608,0.635174385970746,0.644888092105202
0.44030192354694,0.917634268063053,0.543487964490675,0.550318171802271
0.930738440947607,0.196415519506078,0.0770257021335633,0.0410748797305068
0.169573724502698,0.402431186373631,0.849016429222376,0.852076441436126
0.589030006434768,0.783035828162982,0.445584810717362,0.434895007064907
0.291720470413566,0.670621462634794,0.733450399377423,0.725683416759499
0.0895082999486476,0.431016510306736,0.870540215157483,0.894047653145967
0.0453334662597626,0.372160845100209,0.963473609959506,0.983279891218452
0.130847761407495,0.346033854941089,0.911455685289215,0.918082446212593
0.584423553198576,0.804619734349928,0.417508685827713,0.427260944036272
0.988197088241577,0.20533760914755,0.0157601930840236,0.0100282935055466
0.819959766231477,0.191279249773598,0.159528325439996,0.121922298430569
0.0721527286805212,0.412303563635666,0.924681433909516,0.927189370269625
