"tag","rho","iterations","elbo_error","max_R_error"
"B_noise05_swap_matern32_m0",0.117088412093468,62,3.38786776410416e-11,2.7574609262615e-12
"B_noise05_swap_matern32_m5",0.117087523194702,61,4.75210981676355e-11,5.92803583998602e-13
"B_noise05_swap_rbf_m0",0.12125423615818,102,-1.78622485691449e-08,1.22962751092359e-11
"B_noise05_swap_rbf_m20",0.121363126256958,80,8.69149516802281e-08,7.29203364358e-11
"B_noise05_swap_rbf_m5",0.143317147968311,307,-4.527396413323e-08,7.19721726660794e-10
"B_noise0_swap_matern32_m0",0.110453003190331,30,1.01640580396634e-08,3.67894603670038e-12
"B_noise0_swap_matern32_m5",0.110453237725973,30,2.28419594350271e-09,1.29334043474927e-12
"B_noise0_swap_rbf_m0",0.0687596907124828,66,-1.90221953744185e-08,9.61153379108737e-12
"B_noise0_swap_rbf_m20",0.0689514078828134,52,8.44657961351913e-08,1.8435808435413e-11
"B_noise0_swap_rbf_m5",0.0832780736951408,40,-4.59576767752878e-08,8.65897353818923e-11
"B_noise1_swap_matern32_m0",0.135801953355037,79,3.09228198602796e-11,1.983690989249e-12
"B_noise1_swap_matern32_m5",0.135801953355037,79,4.91127138957381e-11,1.092181900475e-12
"B_noise1_swap_rbf_m0",0.0310381226458072,459,-1.66169229487423e-08,2.73749889423414e-09
"B_noise1_swap_rbf_m20",0.0169081878687541,562,8.57644408824854e-08,1.61461455316925e-09
"B_noise1_swap_rbf_m5",0.254504161157346,423,-4.4659373088507e-08,1.57895363450677e-10
