"truth","pca"
0.759450680809096,0.455502669166229
0.952073422027752,1.50377273315677
0.646983470302075,-0.283154949182294
0.969891793094575,0.670557474113236
0.0688420746009797,-0.111059597671454
0.362253465456888,-1.57183691768767
0.897727633826435,1.17303397761729
0.754943869542331,1.19606827263717
0.793619693256915,1.48460078675806
0.789295574882999,1.77711432008395
0.918223455781117,1.39340836459318
0.730659889988601,1.09039011799444
0.215133869554847,0.00297265674735908
0.698636390967295,0.317712015928992
0.515015081735328,-1.63076818651018
0.39029874233529,-1.80238088547024
0.410801816498861,-1.86723244903843
0.895957250148058,1.0122279743678
0.639817279065028,-0.430792772394531
0.589549747295678,-0.673544539110186
0.29050753870979,-1.66817918748812
0.201056544668972,-0.797800067906633
0.288310840260237,-0.401524287342458
0.873708500061184,1.55524098640835
0.504930346272886,-1.8294230586993
0.988300955854356,0.785295234163501
0.915036608697847,1.24689197497863
0.155523397028446,0.427110690013753
0.0208630142733455,1.47611429259505
0.622664723312482,0.159067871889001
0.299409569473937,-0.773522506355355
0.750387631356716,1.01025892148672
0.79222400742583,0.555654586530239
0.622510534245521,-0.548167051505375
0.484077084576711,-1.20170051375677
0.0349558847956359,0.192803858268598
0.842728390591219,0.939295599940738
0.364424968138337,-1.82030630878671
0.0304256400559098,0.261985857935509
0.504078318132088,-1.5298085946988
0.871719066984951,1.5920783049779
0.53555260761641,-0.694399349196054
0.199242798844352,0.221227127956562
0.409855358768255,-1.45417333539057
0.681268319953233,-0.198175194249433
0.588880974566564,-0.562019448566019
0.974638931918889,0.530980757390316
0.11790129262954,0.424700904690269
0.120840243529528,0.305685232985152
0.0916259759105742,-0.0644607108060752
0.558787746820599,-1.265023328845
0.0601915044244379,0.597689853556283
0.0341879723127931,-0.360198331170981
0.173014080617577,0.00100300582202724
0.496959153329954,-1.45039014490367
0.0816445937380195,0.0436808147386784
0.408677713247016,-1.45259981783329
0.721536054508761,0.871684362092905
0.0426392368972301,0.977378079043225
0.929027689853683,1.09607382251582
0.555924806045368,-1.03498503479238
0.899875852745026,0.678348514274306
0.180868856376037,-0.0151348736960144
0.154618750791997,-0.101299308054012
0.119128674734384,0.859357102936964
0.793123567476869,0.935083206613566
0.732924653450027,1.02734260603427
0.258525567827746,-0.499272476436031
0.950070981867611,1.02753467988581
0.997926720883697,0.887241493392711
0.963452789233997,1.10082018751331
0.770191342337057,1.8938395306494
0.322360474616289,-0.868340150241214
0.0994057953357697,0.388893096049599
0.533294820226729,-1.49592049376587
0.216954530682415,0.244319274506972
0.459544339450076,-1.0067916360905
0.456519321538508,-0.784321130525754
0.937272171257064,0.56576565146908
0.0428503800649196,0.356587648096616
0.745488447602838,1.02033573444819
0.815788501407951,0.998764064638557
0.383750238223001,-1.973072514832
0.136387614067644,0.643329656874222
0.387026889249682,-1.47728081216488
0.373234527185559,-0.723306436144587
0.669844080461189,-0.0403990906783328
0.247367495903745,0.0474031072521592
0.182743821991608,0.271293590220182
0.0607077663298696,0.685690705087972
0.454906723927706,-1.70011921602488
0.0549979021307081,0.196322230362677
0.333686824887991,-0.99711279388965
0.614504038123414,-0.869633127692961
0.692153493873775,0.608620975371345
0.22539725783281,-0.986275843829642
0.338369688484818,-0.668960600124209
0.286131573142484,-0.586109049177975
0.304348402423784,-0.128195556217365
0.537060502218083,-0.67429267147006
0.818730643717572,1.64093474712669
0.119718834757805,0.0543252794711426
0.82753606676124,1.84543710462754
0.310662679607049,-1.33717826236242
0.319969738367945,-0.549749005558959
0.143484368920326,0.364766569186227
0.89284908818081,0.888147527576011
0.001061791786924,1.14151228224852
0.429412417812273,-1.83493819325673
0.76219077501446,1.44700414327412
0.411017029779032,-1.73975213539254
0.717943636002019,0.225072423576076
0.672892857110128,0.350507508579207
0.588635726599023,-0.806109265267919
0.233280412852764,-0.38032050676073
0.364319066284224,-0.959491411651638
0.832287107827142,1.32786035592817
0.245570747181773,-0.576926080899489
0.34265031805262,-0.52381634837826
0.102635180810466,0.251490736761136
0.407096672337502,-2.03438876716359
0.813915672479197,1.24678527310042
0.459486577659845,-1.6366927884284
0.387994349002838,-0.614112866425528
0.25187134090811,-0.441497923279987
0.101966252783313,-0.507223959199104
0.264150628587231,-0.575009655459939
0.990265097701922,0.882100692929369
0.592645401600748,-1.0292212063106
0.51566408877261,-1.27416170598455
0.210356391733512,-0.585298554038994
0.926656324416399,1.02036392728889
0.056108393939212,0.303838058813405
0.97691705962643,1.93841003647354
0.574375826166943,-0.643334550808547
0.831136975670233,0.863848206696974
0.741641958709806,1.72851424373511
0.271352363284677,-1.00694985332857
0.525523502845317,-0.900459011519723
0.943293099058792,0.517945624488572
0.940809612162411,1.40917161931362
0.40954981604591,-1.35984888820253
0.701157921925187,0.560370819273582
0.57854059478268,-0.460542707649982
0.0800346918404102,0.381936518806804
0.0033013210631907,0.695323773285599
0.104848926886916,0.149934366015094
0.629262212663889,-0.214940312062858
0.676371037960052,0.282805878011816
0.541698488406837,-0.974258182109202
0.910156378522515,1.13765559848301
0.73046296229586,0.426584522764756
0.730340574402362,0.143347016176412
0.061681815655902,0.892748285346585
0.0467316603753716,0.413135346272501
0.293673081323504,0.450478164405635
0.0110693641472608,1.37489428789209
0.0992970487568527,0.749305827445037
0.794130699709058,1.17125996895933
0.739973612129688,0.640104873949526
0.880534767173231,0.85015175361794
0.817382249748334,0.721912591317817
0.939865251537412,0.869239914362965
0.388842590618879,-1.33102808514133
0.398782629985362,-1.03152711586429
0.0899777135346085,0.0487451327077832
0.736887928796932,0.297560209797754
0.196559613570571,-0.39344369445773
0.324388992972672,-1.16681201419648
0.173342073103413,0.480022159917765
0.279539557639509,-0.340176079969033
0.616730762412772,-0.85420329883072
0.639788235072047,-0.419800593073396
0.972743406193331,0.615632838976687
0.640771463280544,0.0970204064585292
0.688455909024924,0.0958873568540658
0.915714178234339,1.69985591286647
0.574506101431325,-1.16509605334314
0.229740638053045,-0.27991313112066
0.126388837816194,0.370497156985081
0.790406817104667,0.954177301793708
0.057996430201456,0.143945319301528
0.692906100768596,0.333658314984495
0.890861541731283,1.0990781834533
0.444517418043688,-1.41050806560281
0.0719870438333601,0.282769323645341
0.728936404921114,0.210122452565423
0.492190886288881,-1.38132358565652
0.546923301881179,-0.948583890225219
0.361552096903324,-1.60917832017519
0.903135490836576,0.870046744374136
0.883431052323431,1.77798003776819
0.838700264692307,1.94190605711853
0.0311049097217619,0.639291915349036
0.595233303727582,-0.731293926893889
0.426820863969624,-1.60911962005491
0.596238044789061,-0.925513269479904
0.508787771686912,-1.4623770841246
0.448561093537137,-1.14318133283936
0.616099432110786,-0.860813598356798
