"V1","V2","V3","V4","V5","V6","V7","V8","V9","V10","V11","V12"
-0.839434817610809,-0.570974695558332,0.736715419098682,-0.637611380647661,-0.439150185311396,0.097309768979687,0.874540590894128,1.84090022087486,0.820464715216074,-0.936642415946009,0.624530263055557,0.468059335445634
-1.03504755790499,0.788580313312714,0.109944450721089,0.6998522496086,0.763107145931032,-0.399787037908078,1.65190180998321,1.38822479934234,-0.0429742633307141,-1.07402045426348,0.495240790855533,0.593533067452543
0.230077848958491,0.0545085491324522,-0.728053301196293,2.28024979260521,-0.0799016221076766,1.79847327539298,-0.926889450609801,-0.366085361363069,1.07687256297588,-0.749769047209175,-0.0562844379085182,-0.904792319517065
0.535123528921304,0.740285110117993,-1.23226698460794,1.92754157902157,-0.404875351970746,1.89691756997918,-1.2130885495291,-0.441003912498925,1.52587152320051,-0.185891238502218,-0.0610946871602813,-0.597960992871523
1.53225869561316,0.282003633438355,-1.59420817563883,1.03165532052306,-0.792375908009361,1.43465884491877,-2.05852887804761,0.384448355254528,1.23165579006825,0.622040783861872,-0.0554367898107362,-0.621224799185124
-0.686703830189256,-0.0237465639123893,0.580673822648096,0.117930339255,0.0691681420730724,-0.660824450059992,1.06261109333301,2.37112048606413,0.228209513363477,-0.567980550527145,0.283295258297602,0.903069708270679
0.713258667266247,0.191674144207796,-0.793571942539695,2.52058394650698,-0.150045509324443,2.19037918084863,-1.43160940086997,0.0409515133901051,1.54522078917234,-0.50088610181688,-0.0315444827041401,-1.16986418036842
-0.195969971009318,0.648189506575173,-0.519610958974148,1.5411376624423,-0.513839094580646,-0.577374413007471,0.0207363115007177,-1.09674593900221,-0.992912369014468,-0.27560185273232,0.483419614051113,0.0595624272909871
0.991937481797869,0.662168377404159,-1.7377176342158,2.0317524235512,-1.24888528203554,1.89972929587919,-1.9935347759927,0.322533745965873,1.36147185711784,0.144152155181024,-0.281198971483664,-1.13219434565322
0.84431015045154,-0.0907969558903119,-2.4225359017872,-0.830294314502744,-1.4349087942594,0.150169817143483,-1.78720449787311,0.67201057889883,0.830559796276134,1.20186111988445,0.85534485459987,1.0054748793144
-0.689955091152821,-0.402984507585257,1.18176553456711,-0.938760670182641,-0.294584660656198,-0.518827878103817,1.1576041360143,1.62116389108866,1.00370893922939,-0.388483835376669,0.765797942307469,1.18332707632205
1.39337408540379,0.287469043686463,-1.8959176570798,0.920927290483784,-1.48845554877405,1.28144129638623,-2.17762534994869,0.246153449486428,1.19816871621146,0.186787877406181,0.465245790505512,-0.346595660818754
-1.98588026934809,1.10367007500907,0.02763109188395,0.973227539824216,0.985285490742518,0.253854074346538,0.969474979492672,1.53321503025719,-0.126782922236793,-1.18201869365965,0.717677764408144,0.806737243480188
1.82871057779617,-0.553896556044524,0.808250033398995,-1.08335204768926,-0.961732385994396,-1.02068215452701,-1.36798991243248,-0.82581994038795,-0.459218056848566,0.54687031109851,-1.16760678287195,-0.723099465051623
0.581285964255526,0.39323483548215,-0.952774242732878,1.87549664338306,0.0445600055660749,2.00132293232788,-1.14464961301722,-0.263744429324666,1.36537742045324,-0.305307126989356,-0.641856777006925,-1.08318722988187
-0.939662436524281,0.110653399106061,0.81442741544669,-0.123350504746723,-0.512056222905359,-0.79144090425277,1.53401136865609,2.20289894587441,0.619377957932225,-0.73062098274065,0.430141050444811,1.23407593122133
0.927977619055276,-0.769480918371783,-3.1241171913217,-1.57245529238306,-1.99768590216201,-1.00391233937731,-2.05732730084018,0.697663396614621,-0.00696239129128823,2.18349715671926,1.4188354142703,2.03075932422873
1.03681913141222,-0.786003754384067,1.31216230963763,-3.14955596328254,-0.125282583244096,0.41043448913576,-0.989748562876139,0.630529612271958,-0.345813480049196,1.5440118077245,-1.64141164810718,-1.03267570149399
1.7025307706619,-0.0645479796169655,0.922994925653601,-1.50184329844714,-0.8755594159131,-0.45090261457491,-1.60920468715724,-0.501539723581301,-0.260386203851377,1.1324319755245,-1.56420681775323,-0.733498191571457
0.673370904115242,-0.0075322743725609,0.323518675505069,1.30027509956324,-1.28513176361995,-1.1753446847645,-1.03344354418006,-1.90003938017711,-0.7945464094481,0.190258957567832,-0.650443381038632,-0.505132801091089
-0.954413090534884,0.861564304427346,-0.571030480156359,0.983937947973398,0.453676220678702,-0.280434376701364,1.07209553162394,-0.212220780144903,-0.88870572551633,-0.999461882757583,0.425260939783642,0.413727412142601
-0.935846004035999,0.533232579396272,0.8014746074362,0.0125314410405456,0.199068378480132,-0.287502972314988,1.24691569955032,2.09636443212832,0.189723798437908,-0.737179087872029,0.757728898691711,0.715913631593569
1.41969120432697,0.141965719495674,0.278189836858518,0.644306693069714,-1.32505155723089,-1.86532697780504,-1.09288751794639,-2.05924731620604,-0.199727155729657,0.582970632420581,-0.435840377188314,-0.59913253724509
-2.09074182224807,1.12678622034162,0.232535330252246,0.512882388899617,0.925572601493876,-0.147620921741268,1.39688077155271,1.24554604141333,-0.459838216253047,-0.747447120885719,0.443925482279244,0.877532405215653
1.27489636043927,-0.567389913165797,1.15700570892102,-3.01960491220292,0.506416166980839,-0.0482681085074405,-1.32005789247196,0.784648273009417,-0.378194262558061,1.02420904868197,-1.78978311211624,-0.39943982220131
0.21147631807037,-0.00940317365687583,-0.495002281158866,1.59119800987698,-0.121273249210339,1.80018881055992,-0.589957813735355,-0.275110867777336,1.85113698722561,-0.653045344016869,-0.156816744123396,-1.20733681719443
-0.130042499925765,0.475152083618835,-0.288125149879136,1.29691133362137,-0.271346223244803,-0.504501998550986,-0.0664363377491094,-1.67415521523714,-1.04052613270158,-0.170314418039424,-0.0108431905077181,0.39693834214236
-2.30903393514773,-1.68357468390686,-0.250024139308671,0.281852677767514,0.0930917878566812,-1.33951106060067,1.52884624608485,-0.460942089295537,0.181602518255312,0.045941850966324,2.33080499003874,0.818202815568187
-0.0432113955304992,-0.463954375351642,0.0128848036552083,1.03085371956042,0.509331656083983,1.03593672828107,0.17146687526684,-0.258950890108498,1.09915241678812,-0.591416784059308,0.0331908058099996,-0.609615428536994
-0.846506581781928,-1.02554715870693,1.07456099966399,-0.230725802481535,-0.503110532203063,-1.05201818248944,1.1493025299659,1.18651021320323,1.17589436597254,-0.390707346501862,0.732107644446879,0.542035819304328
1.17037287881024,0.456611871147422,-2.65623487703347,1.14256763076739,-1.25045133016634,1.07487829340749,-1.93575623246079,0.284585857670253,1.25995770864662,1.07993008274647,0.48075240385696,-0.31767168301746
-1.0863581168983,0.865249765910898,0.510801368068474,0.58498713696025,0.851609598218539,-0.284545552339592,1.78115426735931,1.64080683047395,0.109168964673343,-1.10410714067218,0.453071074843709,1.45581459953071
0.958466399866918,-1.07794107005047,0.724280796146307,-2.30246886936959,0.60537329901944,1.18048893387999,-0.772654590526817,0.558914225115092,-0.387506880939052,0.969783518122528,-0.960095303121616,-0.450219490236259
1.84942734894709,-0.518629514811371,1.16547357027398,-2.8454666316011,-0.146046242961166,0.0934951060525082,-1.18607544769407,0.268231617283013,-0.337366246087045,1.06180049365493,-2.04965453114563,-0.125532227953926
-0.565189290638205,-0.709332931902425,0.118398478784547,-0.490274936507448,0.643860009143444,0.968604310852153,0.211662691252056,-0.00764567750922249,1.1802947190062,0.263912737349977,-0.368074543459057,0.423293287462493
-1.78072440569714,-1.33348207562232,-0.0347666880132381,0.127719040591178,0.214123355668044,-1.30839952851391,1.47495932498376,0.159188024074629,0.402232070241273,-0.147362856497182,1.55485279609429,0.684634881508815
-2.2065094927149,-1.38125960597415,-0.177203052961691,0.234390377216831,0.0381310763052584,-0.555103813391828,1.67588831646767,-0.597647404589896,-0.0943762807825044,-0.724209996892965,2.01694715961713,0.779638536280292
-0.398961051120955,-0.370761175705993,0.582485481285311,-0.0870261115833337,0.129166839974303,-0.677839830676798,1.5544538162849,1.63368906240275,0.603057992065899,-0.528346837286947,0.726040905311341,1.05861863093772
-0.326339248240302,0.666490518784482,-0.0230143676242165,1.54316210593557,-0.308434065355645,-0.781480881387717,0.170214233830484,-1.17880181226757,-0.331458405616438,-0.32502397886076,0.0360120768643035,-0.277419830026644
-1.12453958583494,1.0815349884837,-0.464138335220155,1.14941761499967,0.723090298128149,-0.129980138669988,1.29594072140717,-0.158455729214304,-1.44803001089738,-0.842119806627614,0.299534073581374,0.487916680527101
-1.13172504567381,1.20552383934449,-0.236044250112279,0.715128236120066,0.811288497154229,-0.325724978278149,1.85809144560428,0.636139902934283,-0.669206235952529,-0.578594177941229,0.878840112540337,0.904429865874217
1.98199128788634,-0.190815053556426,1.03063188796113,-1.85618912304284,-0.73178094588522,-0.285636008854242,-1.23964285147304,-0.969061645552323,-0.47545130162604,1.31206035520304,-1.46187716819353,-0.721580204319036
0.208159716020215,0.426399227205276,-0.254770533410998,1.62948193960876,-0.154287469683576,-0.46194164481976,0.369166225272416,-1.63576259719865,-0.795965887882307,-0.113265555979983,-0.0864594372117554,0.262704336802396
0.530938809112126,0.343755492947778,-0.00586802046320788,1.15607375052847,-0.935046272177164,-1.40471497844365,-0.040848735403944,-1.78233776877047,-0.804842530487531,0.260995186845742,-0.106101155696847,-0.535897968990688
2.14534567356763,-0.497654927806587,0.575306322048355,-0.800785326408734,-0.845983267030884,-0.999435351011578,-1.37978868361372,-1.56717388798165,-0.455039432585283,0.915526394835228,-1.48057363607598,-1.09480955637173
0.732549992030822,0.432284403470732,-2.07860119632911,0.430461040241252,-1.30563802882448,0.963613291762853,-1.46645842344199,0.325177957809327,1.16302859888625,0.95667512549243,0.484317538479965,-0.138759976145032
0.256657331853054,0.403195744753593,-0.428631627173409,1.72828601303522,-0.52435986126289,-0.567908240511462,0.209850468084198,-2.17582202307581,-1.1454894894703,-0.55052562647907,0.102805708843349,-0.0578673312110135
-1.47368554752616,-0.837596951260891,0.350210147340054,-0.160684538196634,0.00675675788268681,-0.964834293950524,1.3235945343507,0.938403533543612,0.91828065306872,-0.352740672096197,0.914314979874132,0.973584197731985
-1.3712968312678,0.591305975910628,-0.424655863665495,0.519444985347295,0.647033979920614,-0.0273546731414493,1.65511906423747,1.19675841224149,-0.65773246238663,-0.873759447390506,0.591483106587033,0.991221269000152
-1.37646799969789,-0.733379956061137,0.330013315199921,0.117785429856646,-0.268177325412527,-0.507596398570427,1.28897815444105,0.522090198919066,0.825014018437055,-0.561938292614182,1.46862456174934,0.567286064048244
-1.43809466150415,0.721547849935025,0.217905670890005,0.55408954332157,1.03815618799057,-0.0709922654185152,1.13417314846975,1.56053492639061,-0.364878396881167,-0.95422655322868,0.807810943712889,1.27858395429492
0.616620783820637,0.094915375966296,-1.0257297830172,2.21074719668899,0.24531254186637,2.0989145531732,-1.33355985270294,-0.54443288883108,1.73295683423452,-0.769182829761441,-0.0809527876756468,-1.07506533249557
-1.21808122988318,0.622717752859679,-0.557623321746528,1.52728416429178,0.661470693171315,-0.784071809297831,0.946695846126445,-0.866046233804087,-1.29315203803727,-0.81081791005951,0.929858493546422,0.446036093454167
-0.561880466998972,-0.667181883424999,0.785931545977847,-1.69425684888184,0.387827184399947,0.8155756770161,-0.373245272775319,0.586077615169953,0.0768315456525365,0.217272530297312,-0.807270254745675,-0.0776487975639839
-0.801800127979985,-0.229662009020644,0.873132295862749,0.312118909017127,-0.287270333147311,-0.731056193378603,0.903484162949545,1.89971274682998,0.782276395371562,-0.272168543626617,0.793916704149958,0.766961720501839
-1.78662957824504,1.32948502556669,0.47655501602475,0.809675637803787,0.919740741493567,0.439315984339956,1.02140071358668,1.24615704400747,-0.05674868672032,-1.48442212617263,0.348347039311083,0.735834456474216
-1.26578867319656,0.579331434171718,0.0177820397986182,0.560204223097442,0.944042248955656,0.0654184499414762,1.64069194272839,1.35656522260191,0.0158987082924417,-1.33056017750161,0.622788556752684,0.720555712436023
1.38125862281803,0.172067781488731,0.745657013585098,0.331787573440503,-0.78432325753829,-1.59252266809412,-0.838096573382052,-1.91835898829279,-0.636078008146064,0.229890076865608,-1.20141724915672,-0.147497528285766
0.412499212258358,0.0633212176187074,-1.10747253896928,1.93713769333101,0.378991800637908,1.38496116436641,-0.80294210164548,-0.0324912348210628,1.52958557492309,-0.743086555841003,-0.362155118086503,-0.954127607473301
-0.176302497234277,-0.135329560937762,-0.451202914518652,0.913530738298233,0.498827116116799,1.17255733998668,-0.383607240141315,-0.495015985246575,1.10726199218585,-0.196731183340773,0.209431305740097,-1.01050435985183
-0.681739279295954,-0.934556945278384,0.294025018201271,-0.567564616383558,1.22162865871194,0.699040239197477,0.163283986047998,0.161598134324376,0.558523550192313,-0.206612243250852,-0.162042419242095,0.169350810639743
1.62812523510078,0.0786511036197867,0.632628799691655,0.747806847565544,-1.32773057659948,-1.39467025371197,-0.493359907294391,-2.17070164203609,-0.244335832535057,0.398469404376985,-0.654048512281647,-0.901082621456496
-0.92514276574387,1.02078710299795,-0.873248904041383,1.71761557913705,0.943301947622818,-0.40984437103036,1.12195275746369,-0.214453427110102,-1.03032807628322,-0.606474773108105,0.974333665481335,0.723814777034738
-1.34732514667975,1.24302123030046,-0.911554309168514,1.22481605200213,0.739302636192781,-0.145138377126753,1.43817355800046,0.287476214933871,-1.06916080657555,-0.816025252311118,0.220745094049559,0.702271973459272
2.02929992292774,-0.511373691217076,0.66824923284995,-1.95147334160099,-0.907739628195389,-0.537248916290367,-1.10352700766534,-1.02762217544644,-0.610211265314283,0.86526619421353,-1.46598951348556,-0.798974673704679
0.0217672071085662,0.988039784050084,-0.75159654802865,0.982972413057109,-0.072572804480384,-0.8930931953409,0.645882649219337,-0.926804010382421,-0.893949837411594,-0.505751515703376,0.124319694147046,-0.037047344414053
1.96198219300603,-0.746727612859267,1.22095739753504,-2.45976206654259,-0.00563272848972407,0.225638702451137,-1.52878554833352,-0.30985530397284,-0.481221044745981,1.29426526754362,-2.12970631213189,-1.02228093135048
-0.0912086740216827,-0.789036122446864,0.0461846293804378,-0.121032161230121,0.669405027914656,1.18397478346332,0.521107538200176,-0.311277509243662,0.816213179933137,0.0126640534718544,0.134715792237429,0.341080441745843
0.185167954701446,-0.363001965936765,-0.931218238482522,1.57695814550968,0.00793092801887083,1.26200314139522,-0.795492685808807,-0.322088404612643,1.42119995522701,-0.513395291314007,0.347793367071394,-0.837455221370741
-1.26457750701468,0.75011354521403,-0.495495594190974,1.08837709808087,0.279462478736981,0.0588749713354037,0.898603078679939,-0.323493998704063,-1.23569241457281,-0.60646527951837,0.370528099018294,0.802785352009838
-0.500379178648365,-0.538567127456988,-0.387583993716535,0.382307931291707,0.5633952715158,0.850265071899168,0.122504238142013,0.0792553374537995,0.973393290046838,-0.390175441364634,0.17080580638203,-0.22168144066538
-0.540282914609873,-0.308150216932764,0.161986737607334,-0.294841043595962,0.158622346153924,0.809658992872245,0.108889587779942,-0.19814348644812,0.61300284257685,-0.222927969107995,0.0241591286289034,0.0354407167945778
1.37876148713953,-0.955178949252103,1.25557882694266,-3.21669369441833,0.100226684872704,0.423783637265824,-0.831649695096889,0.381173912654677,0.006422538453357,0.899172407273753,-1.14208681297542,-1.00822830088116
-1.7331189260142,0.88701056083603,-0.0459617212377775,0.320084657612208,0.924394400702984,0.269738368756437,1.58565749078994,1.83880928897066,-0.556604589029449,-0.2269464626641,0.530680538515309,0.498042418225436
1.50197254777755,0.420094756158674,-2.34740494980004,0.731094297017838,-1.00757696422006,0.741356052221627,-1.87479311007548,0.0755609709337967,0.9851236678445,1.02170749490351,0.158046930635136,-0.111899505306716
1.56038081302577,-0.523573887264927,0.969534686418417,-0.865814071618027,-1.28677920195486,-1.2901897162772,-1.31532465469856,-1.63731606077132,-0.240702944073486,1.0746756177908,-1.36408085683195,-0.485059260008757
-0.688328669050837,-0.768032521389868,-0.119820062951116,0.686373696961323,0.0346343244707219,1.28525924373414,-0.060918716135365,-0.108269669804186,1.06918437174275,-0.287601594925742,0.551343437905933,-0.356241558425642
-0.0991258282362988,0.701562407212741,-0.570157636241605,1.24684391107277,-0.65764907460603,-0.79453781220308,0.125235738308003,-1.16926863685157,-0.572620223959644,-0.532890097841284,0.0347568855224179,-0.0381350242371892
0.587943967002237,-1.0871223616834,-2.95435321122713,-2.1479310547373,-2.29304854243332,-1.62551371608035,-1.50930919903312,1.18001321173651,-0.72107530212824,2.65091438732119,1.85697154031025,2.04633701256939
0.00859903584038454,0.831248776921976,-0.263064741442815,1.41011569733386,-0.039484622346355,-0.479025804423985,0.154624503292157,-1.23328854480887,-0.471598903407604,0.00909537235539808,0.526307836140591,-0.188433739006715
-0.346426564712887,-0.675787206714199,0.366440536438586,-0.125435781824972,0.410147941732273,0.662158801895131,0.315398300754186,0.207788912763982,0.982610351458883,0.101993477180815,0.222805609386418,-0.025908263547026
1.71391467239803,-0.88725603322465,0.49562412924729,-0.386583334580841,-1.20740337364882,-0.981552231578695,-1.25469126567283,-1.42558173626303,-0.496139648573641,0.537675120974309,-0.964056921970711,-0.789710102299588
-1.04460447713795,0.53068206618603,0.722771853392218,0.437270725058313,0.642101216365498,-0.335363956997269,1.15811783596838,1.98489977642731,0.0380643655616614,-1.17386135044693,0.437943948599263,0.517306542943634
-1.27587828958766,0.954002583650077,0.245687163912347,0.980538450195823,0.697279485831309,0.116619076454937,1.70911663325616,0.979786150892015,-0.599065848041133,-0.711255022371579,0.791277133321891,0.750768857824898
1.37433030960129,-1.09157965914046,1.57763346192565,-2.85776686405493,0.382844806624006,0.0075653653794755,-1.31783062405231,0.616122206771172,-0.301457991268083,0.925887680665365,-1.65033894700637,-1.07111993648722
-1.24374098297042,0.813807893433322,-0.170535641212872,1.26191802141046,0.808192699309411,0.177192887575921,1.45867775180378,1.32034959094072,-1.04944403370502,-0.97583659369677,0.767829064418496,0.587142023192032
1.09257786882524,-0.250459355290533,-2.4903867130573,0.127207764362963,-1.31941601564955,0.628704714598572,-2.08994681617909,0.324047345043597,0.666963951365428,1.30149009777216,0.785392329227057,0.476865755753664
0.147009687523439,0.610007519668043,-0.71820740564606,1.04813047181548,-0.10041863783903,-0.604490506233735,0.236780538635226,-1.45659161016035,-1.46140006139924,-0.668988730241369,-0.138974719872884,-0.327437242205628
-1.13081420526371,0.567702433080802,0.213264514362853,-0.317969211624386,0.627682482886072,-0.220177595138792,1.63049579290845,2.10901129741281,-0.140155267670118,-0.464295280797893,0.907010641930363,1.02984326417865
-1.38094894850142,0.863741046471013,-0.0381260031560139,0.692644152717824,0.614004449648718,0.328863207867911,1.43898620018739,1.29875710526527,-0.266970686838001,-0.366540465822302,0.591429213027177,0.666365490087742
-1.10420397652397,1.00699799322942,-0.212021277709251,1.2798135978387,0.378714058013373,-0.447274208448788,1.51123981547402,-0.629210342956709,-1.261684220891,-0.731480359028728,0.307137782423941,0.676198246031048
-1.26136920715818,1.23920570105444,-0.643614530721907,1.2267967734246,0.751357670624221,-0.31821559269917,1.10123007338631,-0.092274704354498,-0.764999129998407,-1.02438883440783,0.119593960041881,0.299142951781184
-1.66863684522626,1.25416469297524,-0.251124608755275,1.25055143372876,0.848636922821874,-0.404950912918582,0.92551107654807,0.145322071366389,-0.922566958162322,-0.593281616881975,0.156197521039929,0.381780193355461
-1.07876584728736,1.5025745565407,-0.626357054846924,1.12723878364419,0.887908799723989,-0.289552283718067,0.601023813324481,-0.284442774926379,-1.64958326444977,-1.17195417971408,0.677731703957242,0.204083832657384
-0.445224410311138,-1.0764972897599,0.258846846421769,-1.44988229219294,0.428784131819412,0.731921306190905,0.173900676984462,0.0574701186358029,0.161592283302196,0.37766994579966,0.278400969665889,-0.184724831590115
0.477566276510162,-0.985535809865344,1.25801680766015,-2.90529078450319,0.666263041164051,0.870352919472062,-0.454853834401988,0.818003071747264,-0.224954473166876,0.412067262029776,-1.08652974785386,-0.166526870737811
1.76689453100985,-0.381669322210666,0.972271833644779,-1.45157218664452,-0.818727987854612,-0.801451899905914,-1.63908592718897,-0.907083383576917,-0.42106009585969,0.995674473646517,-1.48177440926069,-1.02751206604436
0.754757845285068,0.199751368815117,0.150561260720996,0.625663294896408,-0.980115059955658,-0.75071877510245,-0.148166600982052,-2.02665960638531,-0.589313911682205,0.25507835374118,-0.304720496926468,0.017981259502956
0.73649436116011,0.328925296093556,0.486537416697924,0.408184655065466,-1.23841744590186,-1.31923319556206,-0.735035834523931,-2.10686581416346,-0.583410696755248,0.47163538304657,-0.877072672691748,-0.140721669205884
-0.576096186291566,1.08840267504776,-1.14839320261372,1.25318075732993,0.552465517078684,0.264606359454972,1.06337435860609,-0.72274776217882,-1.14200928880145,-0.558481252327415,0.756131199721318,0.537659491393317
1.47126651412493,-0.39127066510204,0.735331802232191,0.169109374263159,-1.33196465934784,-0.899336925954966,-0.755346807005122,-1.68488385068527,-0.523386331390954,0.643469196448161,-0.728964802226054,-0.386646350730718
-1.47667849230623,1.84247726465707,-0.393941096866877,1.09846170413875,0.904257008276199,0.100487022458604,1.12910606874888,0.522043483247562,-0.664625810838462,-0.741856037251269,0.761784381206072,0.694604214488315
-1.53790373496614,-0.978932750131491,-0.0860914015359248,-0.545296265185073,-0.647693157835593,-0.927709300840345,1.41442179312046,1.48863970669087,0.988149644243982,-0.745252104879079,2.05776720662032,0.480520137661115
0.648714653497993,-0.370902298788417,1.13737806511475,-2.75500825427968,0.925426760383399,0.483158436495282,-0.41097912085543,0.398459092864796,0.126811172082385,0.903669637484981,-0.929456342094611,-0.2035776852525
0.266681457241669,-0.131406127874145,-1.21947594383918,1.53434705270436,-0.500562488315464,1.77970609983321,-0.587708641928889,-0.431042036378518,1.72497150978061,0.0666299182659647,-0.0337214385871995,-0.688578841404333
1.48690360743269,-0.202612230776749,0.530545396694579,-0.53652350843464,-1.0284818617882,-1.34639853642493,-1.551573420543,-2.020917469847,-0.690364459890177,0.605777497602433,-0.810546485101111,-1.00035745207507
-0.853148304865682,0.822083581677981,-0.0755553622808129,0.620358500216898,0.886487535293693,-0.29357016921285,1.75001910476966,0.112889212018827,-1.12886144615003,-0.440952347999644,0.387990594758279,0.232567876976304
1.74935991698052,-0.360317768925337,1.29199696303193,-2.84064274966417,-0.382194797697222,0.0897633826997588,-1.3231260452973,0.258649406471028,-0.305997920847212,1.31953357941908,-1.33484087012088,-1.05191361859628
0.240453840604203,0.221962270364344,-0.351672643196486,1.69333721718715,-0.891265222676331,-0.295665307960883,0.0879989823341802,-1.7835189140798,-0.949375699647685,-0.549096659465573,-0.368238014806039,0.0857056900912956
0.728385335499847,-1.04135523743456,1.02410812140077,-2.31667635330088,0.77477984479031,0.562106022517759,-0.695456953757015,0.0230086006003764,-0.130087720779602,0.538889719016604,-0.813605085247358,-0.448204980036798
0.00121590633113861,-0.0976693926247764,-0.913660825204555,0.874835982340272,0.0946921135615416,1.67383997120069,-0.405226399430447,-0.16120796261573,1.09370817301682,-0.334638670102246,0.0435470805362017,-1.12335136347776
-0.0247869997978528,-0.0344619888376314,-1.15609543194576,1.65232616940052,0.0820932691669833,1.67668141228019,-0.530308102293588,-0.232918437339283,1.68035807130047,-0.432420225986542,0.00346570776285236,-0.928203619289556
1.55727337337733,-0.164896944953291,1.52159568286793,-2.64357316452101,0.180582256367029,0.451734863244599,-1.29926802121008,0.0242110615541212,-0.357655188152138,1.25508450789542,-2.03302814702601,-0.57486420062614
-0.134345559731435,-0.540461667529511,-0.381761244736179,1.0423032861448,0.908229359581958,1.32603860611157,-0.177197644727353,-0.244332313440134,1.0051262655843,-0.393641972478546,0.860061718244341,-0.00301188461709971
-1.83913542319586,-1.43484100778284,-0.0451053707267821,0.275032401548424,-0.26272057011636,-0.934998415830481,0.95155993072963,0.336886524483986,0.233288506729203,-0.39990655521865,1.84759232569845,0.627566401611017
-0.19801115916061,-0.289200888692471,0.865984238162096,-0.378075489901379,-0.121940079942573,-0.685193443396162,0.90509866855167,1.78552728017697,1.01493332302621,-0.0377348870370795,0.164633366154961,0.735073344705943
-0.441914034451606,-1.05963653766067,0.390447831286837,-0.496817693004078,-0.495461890264849,-0.694056916844388,1.49924859046335,1.41874442787463,0.799396125474474,-0.239194479247108,0.872077299725464,0.906632742245538
1.12387591590604,0.107912967504803,0.80685647725185,1.03949800153168,-1.23452410989822,-1.04970970002872,-0.840441065416217,-2.30868480239732,-1.00874360586423,0.280101611945916,-0.297077627231384,-0.398582380966677
-0.432520007284015,-0.148379139409662,-1.25456831142978,1.37655243084356,0.319238045657518,1.37811955176055,-1.08806211730443,-0.102455225791055,1.20603203815777,-0.365335722809067,0.528733555538031,-0.491558741254899
-1.46856534510965,0.420715793425476,-0.0513197809453089,0.337092597197807,0.233330385733007,0.139351879089314,1.29092780315194,1.77566888101051,0.196344737351395,-0.852708635047852,1.01700307780397,0.838100261033439
0.581370426952758,-0.402345169302773,1.67174989013218,-3.22388213987694,0.2660808208838,0.870600073601962,-1.04150546419693,0.807325675689408,-0.36736188602568,0.762536663032127,-1.07332944272115,-0.265336604051017
-0.252782583190022,-1.2648836740341,0.695249846019803,-1.14510043558083,1.04458481768136,0.609838373909699,0.186461088424166,-0.284654839703315,0.800504320899996,0.73117761416206,-0.161482010330489,-0.255089512244107
-0.0467229433161513,0.562123600852731,-0.285494595450381,1.73985938167784,-0.0312861261151348,-1.13554811261153,0.448325453367642,-1.4770163040724,-0.606033293736605,-0.420632476404095,0.0666473157360814,-0.437974423391065
-1.5759241672989,1.45164978956972,-0.438822270489864,0.39735796447935,1.596020419088,-0.0231008726861823,1.86117923319414,1.33423872817089,-0.471910970242297,-0.8343927308727,0.464108383974075,0.829340891463881
0.469857813206563,-1.03431394658722,0.910313430934556,-2.96519952199124,0.896679030670224,1.18481506362659,-0.897388209426478,0.72392602553202,0.31814034625052,0.792045674267558,-1.34867215199985,-0.30566472415548
-0.122648243168515,0.926143572649966,0.0987934919661975,0.942502266528486,-0.0328702332796763,-0.460510951583558,0.817705888334075,-1.13760821726677,-1.03690372878525,-0.474317899622699,0.0972711584251219,0.348394853680146
-2.48141046359215,-1.67001131933729,-0.0738250312942029,0.42165301366025,0.60870984978034,-1.32329739580934,1.69489268607076,-0.811195852960662,0.673256157383404,-0.240525349517022,2.34657943104827,0.31655040979811
1.52596751468609,-0.369357180062547,0.782713088946486,-1.13643291911283,-0.871138654914823,-0.899458897829068,-0.832004663493229,-1.16957538736458,-0.305176156741897,0.549480355839284,-1.19494934016349,-0.832640381958025
1.19488888197076,-0.864083509629764,1.11713001471624,-2.89043208379686,0.542974716529299,1.13273517221838,-1.13155664564441,1.08894663396125,-0.185003008014192,0.870117215341707,-1.29363739488656,-0.707514312502863
-0.820970071442427,1.33980557951901,-0.387918562421399,1.34867653681184,0.391951618161318,0.126916016142521,1.06179266244639,-0.0272375470492755,-1.08702909923884,-0.389470131918446,0.460374397861082,0.56481533420576
0.962919622109082,-0.532432696467091,1.16944485530005,-2.87835320775917,0.747487547429893,0.651438501283018,-0.774017985363674,0.816436548956492,-0.0752213153383743,0.319515049197027,-0.968249726841464,0.1087024991658
-1.46114424260958,1.11167863153443,-0.207239064415186,0.979753696044906,0.645284319448882,-0.314390215311407,1.19468484786943,0.431282634743064,-1.29743440786446,-0.671984335382215,0.105098204528434,0.638023286225712
-1.04049097455202,-0.200616045429467,0.973843917319153,0.0681296771435926,-0.284067798682914,-0.820888043111884,1.51395094661496,1.5401076537682,1.56496205129818,-0.191040376487283,0.619467140001782,0.71851972802705
-1.05817065018751,0.729292971872974,0.072249351920755,0.429531121074371,1.04738509355726,0.228438381755465,1.99045170039877,1.62958961542039,0.068900360655549,-0.769176527781547,0.382667624316392,0.770424775536924
-0.93630778110891,0.335639061015961,0.18773042043828,0.217967901588096,0.181072962695412,-0.0403029156108217,1.63104176115341,1.79091554271699,0.098513945874891,-0.971937657949172,0.858597874752954,1.10071219237785
-0.11430261050311,-1.30793950103118,0.359426296461272,-1.69411873534563,0.591040590547656,1.00740973302277,-0.307380602784249,0.447047422594474,0.73262723107824,0.116430535855962,0.0240608482568064,0.0164603636292198
1.66824535538918,-0.61421640018346,1.27467651538831,-3.22935396959318,0.584601818422489,0.315771521057632,-0.734852354712318,0.138593010890617,0.0013567196380242,1.57797390758791,-1.61254709050787,-0.688349827991261
2.05117515397581,-0.0542616918639584,0.804795486047544,0.341525233440659,-1.13470254744298,-1.29895912811196,-1.29525561347663,-2.05358741945769,-0.512821223513864,0.711508530478896,-0.596056671370415,-1.00470968046993
0.221222620292545,0.689054408678826,-0.0133347468914198,1.27982933105347,-0.6865474472913,-0.790872027908542,-0.112457058090476,-1.77420597984519,-0.772263744394885,0.0575449162610062,0.559843036197986,-0.233570206516266
-1.63237048763555,-1.35997535362609,0.545425017240126,0.203533540023504,0.430438155635759,-0.863721124160952,1.48923331596146,0.429685263535348,0.94299347318417,-0.150411525123693,1.96032350011508,0.260459493298825
-1.01001304478951,0.327921692866902,0.427148934206814,0.353157494126799,0.265344919423276,-0.239702869890204,1.54902486038058,1.97954716942444,0.179951775215527,-0.600847530053047,0.5212834183812,0.630933834254077
-1.08190788653088,1.39581881175402,-0.0659034035849508,1.56813509744994,0.9222732734067,-0.529428733938629,1.37861402859346,-0.27482805477183,-1.25481165944054,-1.17608434083896,0.467727935685353,0.482220594089551
0.397806901272636,-0.752937869453776,0.884556644276742,-2.04792142740315,0.60981375334318,1.06610654622371,-0.52709596278669,0.728199329835776,0.328452577576828,0.357954639678622,-1.07662876651574,-0.0581868098642919
1.9549013373556,-0.282469702182978,1.16042970619071,-2.81144209363078,0.249654307928737,0.20960282612008,-1.55897506077402,-0.424307438111457,-1.12570819105986,1.57772769273816,-1.9885792220463,-1.31372383147658
-1.40171616555007,1.15585678059326,-0.287656370530738,0.655177468369559,1.16899777481874,-0.0802282575192654,1.12093017837541,1.03387790003115,-0.766506781106184,-0.537737342416202,0.150462259461916,0.377129964600094
0.746618785807535,-0.585431730167367,-2.96223415175267,-1.36598985029612,-2.14382972484066,-0.528382545263553,-1.69512462679849,0.862940789977476,0.0304484775895557,1.96620187712761,1.15305121628737,1.31239530492445
0.186711420310926,0.00919223145926634,-0.937197569252952,1.73997397688603,0.5106877614373,2.36504023144747,-0.536327541396986,-0.335963533242628,1.4164563053257,-0.447173689829543,-0.0895490526868796,-1.20844138262364
1.16715237433356,0.721342002143113,-1.51051805418036,1.83294726555471,-0.751448574976819,1.76691835768117,-1.71872014385478,-0.365992686279625,1.5333195714957,0.0443703360514219,0.198513307525329,-1.1199366479775
1.85227686779032,-0.480452775142051,0.970944564652373,-1.93578392931337,-0.590506634676145,-0.457087424260684,-1.17820240840915,-0.555694853428238,-0.67013749129113,1.23136708682266,-1.39330500891705,-0.56011999348473
-0.00108476165582649,-1.15081474775986,0.189916736923657,-1.44517151848838,0.684973438246641,0.157332726033801,0.258812882125918,0.0563298582795207,0.610949904854129,0.556005332923828,-0.097199716803627,0.0807842086857749
0.745773634084874,0.167257250307389,-2.24163639729193,0.596310770455759,-1.28148370974166,0.703304020882115,-1.99647087960794,0.508494236226445,0.856403533937504,1.25167560595406,0.0497693514676184,-0.672572678882958
-0.625913636660713,1.21978876771483,-0.125277659352409,1.63096963548417,0.201749613236596,-0.494145511420507,0.735418591968201,-0.726724143030784,-1.06424996179714,-0.00658824301361201,0.194545739499087,0.869757000068125
-1.10822990260782,0.845422135193767,-0.60812053478148,0.789281231967249,0.791069806256395,0.0437435565327446,1.02099720179981,0.575927074971213,-1.15191485620046,-0.961736422943284,0.159170568783507,0.498104182217761
1.29820030405464,0.462022350832351,-2.2559800292073,0.923923245299503,-0.995676937868141,1.41229983575737,-2.05238538367349,0.50468382061894,1.04909650079153,0.503883826861006,-0.248126039063504,-0.470756440709569
0.368374300590114,0.728393042130092,-0.138613066981871,1.76895423862953,-0.850559795895477,-1.48187210250472,-0.435112721215336,-1.89329844343789,-0.0311600281540416,-0.402755921407692,0.185362727499878,-0.609884298230237
1.89664251544896,-0.0298874046056632,1.11888612433848,-0.592980100751918,-0.770886559459504,-0.59240455863214,-1.20701529915049,-1.33652883647306,-0.197138450505998,0.818098045134935,-0.830921947241521,-0.655147146836672
1.82894405617949,-0.525463472123896,1.22627615117148,-3.43850073330113,0.472999142212505,0.410030041544581,-1.34708009149028,0.149662740238955,-0.231855346604638,1.0748603373622,-2.1232151964025,-0.867215839505408
-0.99378495170619,1.00819614443619,-0.393523186749518,1.16588653680728,0.722339108291305,-0.526103439798413,0.77071663238762,-0.718824609350999,-1.10553625909641,-0.552988201193036,0.220559046207635,0.0440425427691721
-1.19702057517425,1.26268568270471,-0.31901085924795,0.704385728969525,0.665122908506305,-0.0617632414280507,1.58599558901423,1.1194469089662,-0.38790150278867,-0.515782721901261,0.498528482152569,0.782764427506052
-0.296050805072161,-0.699137745882866,-0.20053302895831,0.893996164790228,0.752673230200596,0.989399279376026,-0.304531574363988,-0.248879294729855,1.34916763290383,-0.707890544175105,0.245629808615478,-0.25106646822843
-0.16003706128774,0.193434687310759,-0.0661314351203342,1.23529707527125,-0.446983303600026,-1.08392073836543,-0.309746855506936,-2.22177220602526,-0.886082712378758,-0.276507761771722,-0.683559610436305,-0.250874251989107
-1.62025040718776,-1.55769892985165,-0.242567673297748,-0.235764773033408,0.249652150672621,-0.725694771664064,1.80475955402205,0.0586987354703592,0.737990421057548,-0.111905346387382,2.20109171671186,0.781999040296704
-0.739172363840851,-0.949521902699535,-0.207921496755916,0.23857842136638,0.821655766572015,0.963892712880123,0.417841508483247,-0.0859953908765816,1.13684559574329,0.229369497471414,-0.0278530939429394,-0.552969917671551
-0.265763122958121,-0.704087366055889,0.134254856923273,-0.924903806284626,0.779484251470641,0.515921362009861,-0.0620924991978578,0.158172513223247,0.815687259421211,-0.244317293267808,-0.40212582858952,-0.40923183410354
-0.782332774825413,1.70440569559473,-0.199984975796048,1.34488172489449,1.35134243995184,0.128355869746516,1.23025814409254,0.800145975595197,-1.42039241357114,-0.85409407583108,0.900208278677408,0.512835339179949
0.139437737202887,0.349595639507577,-0.268633148014402,1.3959541426628,-0.296847097016731,-1.12175810814189,0.404835760624142,-1.65316462300399,-0.705928867103113,-0.00694803553598107,0.182604026457188,-0.0467548485329302
-2.30974322807997,-1.50674453416323,-0.684482310796159,0.236210218456308,0.332006240902091,-0.682227033860498,1.92547249433308,-0.227206844468979,0.454488870973831,-0.569443600356733,2.38652550246087,0.798966949176402
0.547484459659841,0.509292572046375,-1.3345680913756,2.41352487137488,-0.77930316105546,1.99656535913106,-1.23190921406942,0.298311320500531,1.10856109291145,-0.523852103468277,0.0430754400644541,-1.20748181796659
-1.54742456710171,-1.0758353859889,0.405875997769469,0.079994222374902,-0.0070946322873601,-0.938509897598067,1.21489723962361,0.866829596508749,0.921784382862241,-0.836891847279838,0.890458539982837,1.18923877079384
-0.237995149009209,0.982257474481167,-0.440240222859537,1.65862020095271,-0.572681546961228,-0.483714192133147,0.544659641915159,-1.24560328957996,-0.864028507810803,-0.531272059255122,0.090731434623877,-0.0685469824812289
1.74408260794388,-0.626164609218384,1.23659283561237,-2.97589647283179,0.229970689641225,-0.160523520467832,-1.57167128931075,0.0310293420258065,-0.334275603370924,1.14062457353751,-1.59655791405916,-0.695312706095669
-0.0117998551026999,-0.711974786441919,-2.80581575673669,-2.69474231610601,-2.26375820432571,-1.48394910149317,-1.21757402052696,0.807311140347842,-0.53860494168744,2.2971400934211,2.3015198000201,2.69137099332694
1.21966067730533,-0.474615427547684,1.31930038665295,-2.85325551575872,-0.0969960878611377,-0.0157314090922427,-1.06050876696942,0.544889774797617,-0.542021267609994,1.089484723784,-1.70656248432369,-1.17374402477976
-0.0599833136950524,0.107156140813654,-0.0781194979390934,1.3016045846177,0.0458729084981955,-0.374299645036524,0.147549230533805,-1.26267774477818,-1.23987379335614,-0.673145381033284,0.982550234270555,0.336346793179374
0.813558404512492,-0.115024066394581,-0.0476155563761437,0.910496831950148,-1.41677125092848,-1.14071689029269,-0.76905524405485,-2.11217975805341,-1.17563118256801,-0.000466214617993801,-0.238023844623018,-0.527494628942173
0.867469977139439,-0.0622415606329859,0.556152839609169,0.917264525078248,-0.919231710565339,-1.11512630764417,-0.553199484190639,-2.21397172099321,-0.723411764685887,-0.112543776124062,-0.408204835519292,-0.0609369962125959
0.670604540359518,0.249696384971019,-0.0916526765084477,0.99514788052877,-0.796696588774696,-1.18014902638048,-0.263403168066312,-1.48850334273571,-0.703304567133069,0.171436944044014,-0.563871643285563,-0.542056689298329
0.522141796832032,-0.950578824879125,0.971434874990172,-2.95386622320608,0.605217434139306,0.458000275159742,-0.851316718810314,0.557922617399874,0.0942885860445733,1.21439990428089,-1.33998628909918,-0.441153420520257
1.27096880031037,-0.352686410421982,1.21002975755767,-3.27001683296567,0.157742615506694,0.221804121387713,-1.28400056476005,0.38870523319771,-0.0854209518691727,1.07300877935376,-1.86034918721587,-0.387974768344736
-1.03613773112531,1.03729837345511,-0.368115610496022,1.23017095799833,0.542623556459837,-0.0902795008476023,0.92243229259928,-0.493472992790693,-1.24652237915461,-0.968056623004295,0.90033887879439,0.168335758941529
-1.19677090969881,0.274299807780514,0.426369787696897,0.278093285567532,0.552466026734325,-0.816311113829075,1.53849106411762,1.73899710707103,0.537064229185771,-0.73567487681126,0.973270656832979,0.520673862829387
-1.03557678046534,1.07381898075532,-0.582823737972723,1.3465409192134,0.939228087653656,0.0975200951387486,1.10140848190861,0.563034363237552,-1.18815576984513,-0.750934042204527,0.45865748573417,0.947328006536426
0.729396277687584,0.118655696410495,-1.29661272756474,1.76370893227815,-0.0375474267106009,2.09270875102728,-0.906113136247401,-0.340826329899758,2.02836448366327,-0.239873946239298,-0.310526265279812,-1.52178228138406
-0.276024430919956,-0.152177196123519,0.7336366318856,0.0575474514201466,0.385512877739234,-0.634660841238128,0.982373416149121,1.95198140050624,0.88891382016079,-0.377818266304777,0.51275154700299,1.125990417282
0.866586890803494,0.536783483853444,0.273709129288253,1.17868147459313,-0.83603414575548,-0.956695134240179,-0.343032465343381,-2.10448493852198,-0.934426540509579,0.248290115751497,-0.388230143843919,-0.407297162271286
-0.135557154050213,-0.73765376433944,0.324605908784436,-0.539864409618776,1.06470331346803,0.897149412256412,0.118388178678512,0.0693358787766568,0.777257723303339,-0.627427911758174,0.603212329295554,0.16113761185164
-0.680975006899522,-0.687516826065159,0.970030211871543,-0.586413777246067,-0.0253784551950687,-0.222850568734852,1.41747324935529,1.90084545990862,0.881705800505522,-0.756638053940571,1.02372846273589,0.95962946235732
1.92379671144751,0.0642016510920626,0.661475673925609,-0.164467021205444,-1.18369670516041,-1.05590399787793,-0.985859685732794,-1.37824503413398,-0.401774654611066,0.494493441051362,-1.20037450403228,-1.0927855030978
0.140586485794901,0.703029947638216,-0.411731069631846,1.00442293323742,-0.672077251196481,-0.837660570186179,-0.483496937654475,-1.73666845475868,-0.84233121576841,-0.165636210890885,-0.0536644837875819,-0.0342311352162145
-0.538144662257292,0.781770462932015,-0.129592796153043,1.53448830717664,0.923495504711665,-0.148471416528441,0.739339645736009,-0.262957239048636,-0.861922765686941,-0.737295309960244,0.663570642773537,0.122977589708363
0.975507115756803,-1.1483555819929,0.850979128001304,-2.59179503042091,0.595065566134148,0.577496373361751,-0.852659965230062,-0.034536481301101,0.0384254813654133,0.443189064020579,-1.31269557437002,-0.619903212717441
-1.63086791078723,1.13138366783911,-0.32291907662181,1.00588761033133,0.953070148979733,-0.358996459584251,1.51439022538078,0.983980501962815,-0.855551924317135,-1.00843212619842,1.02570089193314,0.762721211836983
0.130696493382446,-0.901500993839085,1.21663203730526,-2.15165346822555,0.459077265428304,0.524234282078052,-0.080586838371632,0.870981025585154,0.694708402300467,0.538643147031334,-0.229072235260152,-0.655130393332164
1.96624537056833,-0.638904809011557,1.31812567094045,-2.41780115772592,-0.628873764657925,-0.071265080035074,-1.34993182072472,0.0622661888595765,-0.629325304200779,1.12126523815121,-1.77173968564303,-1.26866075044662
1.68092147489037,-0.340916076938376,1.29994012336594,-3.04575071042368,0.594520378312941,0.316548221583417,-1.57923274016933,0.368734602554886,0.0420823996316823,1.05482710568851,-1.59421753892231,-0.287080631958558
0.788631881061683,-0.632558269500038,0.676859329068202,-2.53361047621924,0.745209402090961,0.567338926619984,-0.693802308674397,0.728737401780666,0.352415442454262,0.680384098702979,-0.918688289295486,-0.640392239296696
-0.487247411312558,-0.455509902563068,-0.382272012736741,0.2621607175074,0.388762032708152,1.28859108011068,0.27418831891414,-0.457842845929184,1.2160415967703,-0.421805509887315,-0.102061182264533,-0.45481042403383
0.823842085852421,-0.452995106232753,0.946845764284621,-2.71669159254133,0.227375917133745,0.98624294805676,-0.739379851820759,0.65743413266281,0.105451346263468,1.01854273491274,-0.664618639378407,-0.231649141459988
0.566169769794028,0.12603541456354,0.301358415525779,1.27891757297714,-1.03023990763325,-0.966589401907942,-0.975872669155313,-2.04090049936136,-0.397554271034401,0.344081187602919,-0.583242619407322,-0.459664827232086
0.768638586817931,-0.905318503497175,1.16877013606057,-3.60586957881498,0.483837977079546,0.731161128993938,-0.920811559184885,0.622157062433525,0.232038465794656,0.971713065976524,-2.14840568691113,-0.235977771290605
